THO_ID_ORDER,THO_ID_ORDER_ITEM,THO_ID_PART_ORDER,THO_SOURCING_PLANT,THO_DESP_CENTR,THO_ORDER_STATUS,THO_TDC_ROUTE_DESC,THO_STL_TYPE,THO_PROD_CD,THO_ORDER_MASS,THO_MS_PLANNED,THO_HR_WIDTH,THO_HR_THICK,THO_HR_QLTY,THO_FP_BAL_TOPLN,THO_HRWK,THO_UTR,THO_TDC_NO,THO_YR_WK_DIS,THO_MIN_DATE_SC,THO_FP_BALCAST,THO_DUE_DT,THO_FL_I2FP_CLS,THO_TOC_BUFFER_IND,THO_FPATH,THO_MS_PRT_ORDER,THO_QLTY_CD,THO_CD_PROCESS,THO_PLANENDDATE
4000536716,3,1,738,738,F,ACRM,L,367,210.0,167.11,1250,2.5,T01320,44.43,202617,Y,SH08,202618,16-MAY-26 00:00:00,,,,B,ACRM,210.0,T01320,HR,12-MAY-26 08:00:07
9518875983,1,1,738,738,O,HR_DOM,A,367,34.0,0.0,1500,5.0,I17021,35.95,202529,N,HR08,202531,14-AUG-25 00:00:00,,,,B,,34.0,I17021,HR,12-AUG-25 16:00:14
9518875983,4,1,738,738,O,HR_DOM,A,367,34.0,0.0,1500,11.8,I17021,35.95,202529,N,HR08,202531,14-AUG-25 00:00:00,,,,B,,34.0,I17021,HR,12-AUG-25 16:00:14
9518979733,6,1,738,738,O,HR_DOM,L,691,70.0,0.0,1500,2.5,TIP001,73.26,202534,N,HG34,202536,29-AUG-25 00:00:00,,,,R,,70.0,TIP001,HR,20-AUG-25 20:00:13
9519200318,4,1,738,742,O,ACRM CRCA CRS,,C01,284.99,0.0,935,2.8,T01312,338.1,202544,N,SF58,202550,30-JAN-26 00:00:00,,, ,B,,284.99,T01312,HR,28-JAN-26 20:00:04
9519216427,6,1,738,744,O,ACRM GP#2 PPGL,,B18,111.681,57.15,1235,2.0,S02149,128.8,202546,N,SF93,202550,13-FEB-26 00:00:00,,, ,B,,111.681,S02149,HR,11-FEB-26 20:00:06
9519216427,8,1,738,744,O,ACRM GP#2 PPGL,,B18,53.046,28.55,1235,2.0,S02149,64.4,202546,N,SF93,202550,13-FEB-26 00:00:00,,, ,B,,53.046,S02149,HR,11-FEB-26 20:00:06
9519248810,1,1,738,743,O,ACRM GP#2 BGL,,B04,83.696,0.0,1235,2.25,S02149,96.6,202548,N,SF93,202552,27-FEB-26 00:00:00,,, ,B,,83.696,S02149,HR,25-FEB-26 20:00:04
9519250170,5,1,738,742,O,ACRM CRCA SPM,,C01,23.486,1.73,1250,4.0,T01320,37.95,202545,N,SH08,202549,06-FEB-26 00:00:00,,, ,B,,23.486,T01320,HR,04-FEB-26 20:00:12
9519267693,1,1,738,743,O,ACRM GP#2 BGL,,B04,209.606,114.66,1235,2.8,S02149,248.4,202547,N,SF93,202552,20-FEB-26 00:00:00,,, ,B,,209.606,S02149,HR,18-FEB-26 20:00:06
9519271108,1,1,738,743,O,ACRM GP#3 NARROW,,C02,168.0,0.0,925,2.3,T01576,193.2,202604,N,HG02,202608,09-FEB-26 00:00:00,,,,R,,168.0,T01576,HR,30-JAN-26 20:00:13
9519279552,2,1,738,742,F,ACRM CRCA SPM,,C01,50.491,0.0,1250,2.8,T01320,66.7,202546,N,SH08,202551,13-FEB-26 00:00:00,,, ,B,,50.491,T01320,HR,11-FEB-26 20:00:06
9519291863,4,1,738,742,O,ACRM CRCA CRS,,C01,25.441,28.42,1265,2.2,T01320,33.35,202547,N,SH08,202552,20-FEB-26 00:00:00,,, ,B,,25.441,T01320,HR,18-FEB-26 20:00:06
9519305631,4,1,738,742,O,ACRM CRCA CRS,,C01,113.896,0.0,1265,2.5,T01320,133.4,202548,N,SH08,202601,27-FEB-26 00:00:00,,, ,B,,113.896,T01320,HR,25-FEB-26 20:00:04
9519316395,1,1,738,744,O,ACRM GP#2 PPGL,,B18,82.086,85.99,1235,2.0,S02149,96.6,202547,N,SF93,202551,20-FEB-26 00:00:00,,, ,B,,82.086,S02149,HR,18-FEB-26 20:00:06
9519316395,4,1,738,744,O,ACRM GP#2 PPGL,,B18,26.676,28.53,1235,2.0,S02149,32.2,202548,N,SF93,202552,27-FEB-26 00:00:00,,, ,B,,26.676,S02149,HR,25-FEB-26 20:00:04
9519320380,7,1,738,744,O,ACRM GP#2 PPGL,,B18,26.211,0.0,1235,2.0,S02149,32.2,202548,N,SF93,202552,27-FEB-26 00:00:00,,, ,B,,26.211,S02149,HR,25-FEB-26 20:00:04
9519320380,16,1,738,744,O,ACRM GP#2 PPGL,,B18,111.671,114.39,1235,2.0,S02149,128.8,202548,N,SF93,202552,27-FEB-26 00:00:00,,, ,B,,111.671,S02149,HR,25-FEB-26 20:00:04
9519320380,20,1,738,744,O,ACRM GP#2 PPGL,L,B18,108.886,114.07,1235,2.0,TSF093,125.219,202606,N,SH93,202610,09-MAY-26 00:00:00,,, ,B,ACRM GP#2 PPGL,108.886,TSF093,HR,07-MAY-26 20:00:06
9519328748,2,1,738,743,O,ACRM GP#2 BGL,,B04,289.691,314.39,1265,2.8,S02149,333.5,202550,N,SF93,202602,13-MAR-26 00:00:00,,, ,B,,289.691,S02149,HR,11-MAR-26 20:00:06
9519336240,1,1,738,743,O,ACRM GP#2 NON TBSPL,L,B04,227.86,225.42,1265,2.8,T01576,262.039,202601,N,HG02,202605,04-APR-26 00:00:00,,,,B,ACRM GP#2 NON TBSPL,227.86,T01576,HR,02-APR-26 20:00:04
9519331573,2,1,738,744,O,ACRM GP#2 PPGL,L,B18,137.391,142.29,1235,2.0,TSF093,158.0,202607,N,SH93,202611,14-MAY-26 00:00:00,,,,B,ACRM GP#2 PPGL,137.391,TSF093,HR,12-MAY-26 08:00:07
9519294652,2,1,738,744,O,ACRM GP#2 PPGL,,B18,25.116,0.0,1235,2.0,S02149,32.2,202548,N,SF93,202552,27-FEB-26 00:00:00,,, ,B,,25.116,S02149,HR,25-FEB-26 20:00:04
4000525869,1,1,738,738,F,HR_SPC,A,367,248.0,121.87,1280,3.4,THA054,142.82,202617,N,HA54,202619,14-MAY-26 00:00:00,,, ,B,HR_SPC,248.0,THA054,HR,12-MAY-26 08:00:07
9519340596,1,1,738,742,O,ACRM CRCA TLL,S,C01,261.806,272.49,1180,2.25,BSL074,310.5,202610,N,BS74,202615,14-MAY-26 00:00:00,,, ,B,ACRM CRCA TLL,261.806,BSL074,HR,12-MAY-26 08:00:07
9519412232,1,1,738,743,F,ACRM GP#3 WIDER HARD,L,C05,344.776,182.13,1365,2.5,S02149,249.55,202605,N,SF93,202603,08-APR-26 00:00:00,,, ,B,ACRM GP#3 WIDER HARD,344.776,S02149,HR,07-APR-26 04:00:06
9519417272,1,1,738,744,O,ACRM GP#2 PPGL,L,B18,139.966,142.52,1235,2.0,S02149,161.0,202603,N,SF93,202608,18-APR-26 00:00:00,,, ,B,ACRM GP#2 PPGL,139.966,S02149,HR,16-APR-26 20:00:06
9519410440,2,1,738,744,O,ACRM GP#2 PPGL,L,B18,57.001,56.98,1235,2.0,S02149,64.4,202609,N,SF93,202613,14-MAY-26 00:00:00,,, ,B,ACRM GP#2 PPGL,57.001,S02149,HR,12-MAY-26 08:00:07
9519417272,2,1,738,744,O,ACRM GP#2 PPGL,L,B18,278.296,286.89,1235,2.0,S02149,322.0,202603,N,SF93,202608,18-APR-26 00:00:00,,, ,B,ACRM GP#2 PPGL,278.296,S02149,HR,16-APR-26 20:00:06
9519388260,5,1,738,743,O,ACRM GP#2 BGL,L,B04,101.001,114.55,1235,2.2,S02149,128.8,202602,N,SF93,202606,11-APR-26 00:00:00,,, ,B,ACRM GP#2 BGL,101.001,S02149,HR,09-APR-26 20:00:06
9519387758,6,1,738,744,O,ACRM GP#2 PPGL,L,B18,131.626,136.49,1235,2.0,TSF093,151.37,202609,N,SH93,202613,14-MAY-26 00:00:00,,, ,B,ACRM GP#2 PPGL,131.626,TSF093,HR,12-MAY-26 08:00:07
9519387758,17,1,738,744,O,ACRM GP#2 PPGL,L,B18,57.001,57.18,1235,2.0,TSF093,65.551,202609,N,SH93,202613,14-MAY-26 00:00:00,,, ,B,ACRM GP#2 PPGL,57.001,TSF093,HR,12-MAY-26 08:00:07
9519421030,1,1,738,743,O,ACRM GP#3 WIDER SOFT,L,C02,26.336,23.99,1235,2.25,T01576,32.2,202605,N,HG02,202609,02-MAY-26 00:00:00,,, ,B,ACRM GP#3 WIDER SOFT,26.336,T01576,HR,30-APR-26 20:00:06
9519417329,3,1,738,744,O,ACRM GP#2 PPGL,L,B18,250.341,286.02,1235,2.0,TSF093,287.892,202610,N,SH93,202614,15-MAY-26 00:00:00,,, ,B,ACRM GP#2 PPGL,250.341,TSF093,HR,12-MAY-26 08:00:07
9519428720,1,1,738,743,O,ACRM GP#2 BGL,L,B04,107.706,114.82,1235,2.2,TSF093,123.862,202609,N,SH93,202613,14-MAY-26 00:00:00,,,,B,ACRM GP#2 BGL,107.706,TSF093,HR,12-MAY-26 08:00:07
9519425373,2,1,738,742,F,ACRM CRCA TLL,S,C01,276.716,315.5,1265,2.5,BSL074,333.5,202616,N,BS74,202621,16-MAY-26 00:00:00,,, ,B,ACRM CRCA TLL,276.716,BSL074,HR,12-MAY-26 08:00:07
9519428395,1,1,738,744,O,ACRM GP#2 PPGL,L,B18,279.391,284.67,1235,2.0,TSF093,321.999,202618,N,SH93,202622,21-MAY-26 00:00:00,,, ,B,ACRM GP#2 PPGL,279.391,TSF093,HR,12-MAY-26 08:00:07
9519428395,3,1,738,744,O,ACRM GP#2 PPGL,L,B18,269.781,314.64,1235,2.0,TSF093,310.248,202610,N,SH93,202613,14-MAY-26 00:00:00,,,,B,ACRM GP#2 PPGL,269.781,TSF093,HR,12-MAY-26 08:00:07
9519447378,1,1,738,744,O,ACRM GP#2 PPGL,L,B18,28.0,28.55,1235,2.0,TSF093,32.2,202619,N,SH93,202623,29-MAY-26 00:00:00,,, ,Y,ACRM GP#2 PPGL,28.0,TSF093,HR,12-MAY-26 08:00:07
9519417800,48,1,738,738,O,HR_DOM,L,367,258.0,226.13,1460,2.5,T01576,32.8,202620,N,HG02,202622,14-MAY-26 00:00:00,,, ,R,HR_DOM,258.0,T01576,HR,12-MAY-26 08:00:07
9519437427,3,1,738,738,O,HR_DOM,A,367,131.971,105.57,1445,13.8,THA041,28.21,202617,N,HA14,202619,15-MAY-26 00:00:00,,, ,B,HR_DOM,131.971,THA041,HR,12-MAY-26 08:00:07
9519437427,1,1,738,738,O,HR_DOM,A,367,242.881,163.51,1445,13.8,THA041,84.8,202617,N,HA14,202619,15-MAY-26 00:00:00,,, ,B,HR_DOM,242.881,THA041,HR,12-MAY-26 08:00:07
9519437427,2,1,738,738,O,HR_DOM,A,367,272.0,243.45,1445,13.8,THA041,31.67,202617,N,HA14,202619,15-MAY-26 00:00:00,,, ,B,HR_DOM,272.0,THA041,HR,12-MAY-26 08:00:07
9519437427,6,1,738,738,O,HR_DOM,A,367,272.0,246.7,1445,13.8,THA041,27.03,202617,N,HA14,202619,15-MAY-26 00:00:00,,, ,B,HR_DOM,272.0,THA041,HR,12-MAY-26 08:00:07
9519437427,7,1,738,738,O,HR_DOM,A,367,247.241,219.55,1445,13.8,THA041,29.58,202617,N,HA14,202619,15-MAY-26 00:00:00,,, ,B,HR_DOM,247.241,THA041,HR,12-MAY-26 08:00:07
9519412672,1,1,738,744,O,ACRM GP#2 PPGL,L,B18,276.886,285.79,1235,2.0,TSF093,318.419,202618,N,SH93,202622,20-MAY-26 00:00:00,,, ,B,ACRM GP#2 PPGL,276.886,TSF093,HR,12-MAY-26 08:00:07
9519412672,5,1,738,744,O,ACRM GP#2 PPGL,L,B18,25.456,28.62,1235,2.0,S02149,32.2,202609,N,SF93,202613,14-MAY-26 00:00:00,,, ,B,ACRM GP#2 PPGL,25.456,S02149,HR,12-MAY-26 08:00:07
9519412672,8,1,738,744,O,HR_DOM,,B18,25.861,0.0,0,0.0, ,0.0,202618,N,,202622,20-MAY-26 00:00:00,,, ,B,HR_DOM,25.861,,HR,12-MAY-26 08:00:07
9519412672,10,1,738,744,O,HR_DOM,,B18,22.136,0.0,0,0.0, ,0.0,202619,N,,202623,26-MAY-26 00:00:00,,, ,Y,HR_DOM,22.136,,HR,12-MAY-26 08:00:07
9519434358,2,1,738,738,O,HR_DOM,A,367,238.0,204.98,1500,6.85,THA016,26.82,202617,N,HA19,202619,14-MAY-26 00:00:00,,, ,B,HR_DOM,238.0,THA016,HR,12-MAY-26 08:00:07
4000528382,1,1,738,738,T,HR_DOM,M,367,90.0,24.28,1240,5.9,TSM021,67.87,202623,N,TM21,202624,03-JUN-26 00:00:00,,, ,I,HR_DOM,90.0,TSM021,HR,12-MAY-26 08:00:07
4000528382,2,1,738,738,T,HR_DOM,M,367,90.0,24.41,1255,6.4,TSM021,67.27,202623,N,TM21,202624,03-JUN-26 00:00:00,,, ,I,HR_DOM,90.0,TSM021,HR,12-MAY-26 08:00:07
4000528388,1,1,738,738,T,HR_DOM,A,367,180.0,82.57,1250,2.5,TSM055,110.86,202623,N,TM55,202625,03-JUN-26 00:00:00,,, ,I,HR_DOM,180.0,TSM055,HR,12-MAY-26 08:00:07
9519418489,2,1,738,738,O,HR_DOM,A,367,180.0,0.51,1250,3.5,THA038,205.13,202615,N,HA38,202618,14-MAY-26 00:00:00,,, ,B,HR_DOM,180.0,THA038,HR,12-MAY-26 08:00:07
4000529092,1,1,738,738,T,HR_DOM,A,367,272.0,85.14,1500,6.5,TSM051,191.65,202623,N,TM51,202625,03-JUN-26 00:00:00,,, ,I,HR_DOM,272.0,TSM051,HR,12-MAY-26 08:00:07
9519428563,2,1,738,743,O,ACRM GP#2 NON TBSPL,L,B04,250.071,231.27,1235,2.2,T01576,289.8,202551,N,HG02,202603,20-MAR-26 00:00:00,,, ,B,ACRM GP#2 NON TBSPL,250.071,T01576,HR,18-MAR-26 20:00:06
9519425819,3,1,738,743,O,ACRM GP#2 NON TBSPL,L,B04,52.556,111.87,1250,2.8,T01576,128.8,202611,N,HG02,202616,14-MAY-26 00:00:00,,, ,B,ACRM GP#2 NON TBSPL,52.556,T01576,HR,12-MAY-26 08:00:07
9519467245,2,1,738,744,O,ACRM GP#2 PPGL,L,B18,279.451,306.67,1235,2.0,TSF093,321.989,202618,N,SH93,202622,21-MAY-26 00:00:00,,, ,B,ACRM GP#2 PPGL,279.451,TSF093,HR,12-MAY-26 08:00:07
9519467245,3,1,738,744,O,ACRM GP#2 PPGL,L,B18,53.401,57.11,1235,2.0,S02149,64.4,202609,N,SF93,202613,14-MAY-26 00:00:00,,, ,B,ACRM GP#2 PPGL,53.401,S02149,HR,12-MAY-26 08:00:07
4000528386,3,1,738,738,T,HR_DOM,A,368,70.0,25.58,1500,10.0,TSM047,71.8,202623,N,TM47,202625,03-JUN-26 00:00:00,,, ,I,HR_DOM,70.0,TSM047,HR,12-MAY-26 08:00:07
9519474225,2,1,738,744,O,ACRM GP#2 PPGL,L,B18,53.0,56.96,1235,2.0,S02149,64.4,202604,N,SF93,202609,25-APR-26 00:00:00,,, ,B,ACRM GP#2 PPGL,53.0,S02149,HR,23-APR-26 20:00:14
4000529781,19,1,738,738,F,SCRM,A,367,60.0,0.0,1265,3.0,THR099,63.44,202617,N,HR99,202619,16-MAY-26 00:00:00,,, ,B,SCRM,60.0,THR099,HR,12-MAY-26 08:00:07
4000529781,20,1,738,738,F,SCRM,A,367,60.0,0.0,1265,2.0,THR099,63.44,202615,N,HR99,202617,14-MAY-26 00:00:00,,, ,B,SCRM,60.0,THR099,HR,12-MAY-26 08:00:07
4000530111,14,1,738,738,F,SCRM,L,367,210.0,187.77,1235,2.2,THO066,22.8,202617,N,HO66,202619,15-MAY-26 00:00:00,,, ,B,SCRM,210.0,THO066,HR,12-MAY-26 08:00:07
4000530108,8,1,738,738,F,SCRM,L,367,180.0,135.75,1270,4.0,THO066,45.39,202617,N,HO66,202619,16-MAY-26 00:00:00,,, ,B,SCRM,180.0,THO066,HR,12-MAY-26 08:00:07
9519471201,1,1,738,743,O,ACRM GP#2 BGL,L,B04,237.976,281.32,1235,2.25,S02149,289.8,202611,N,SF93,202615,14-MAY-26 00:00:00,,, ,B,ACRM GP#2 BGL,237.976,S02149,HR,12-MAY-26 08:00:07
9519471201,5,1,738,743,O,ACRM GP#2 BGL,L,B04,280.0,285.3,1235,2.2,TSF093,322.0,202619,N,SH93,202623,28-MAY-26 00:00:00,,, ,Y,ACRM GP#2 BGL,280.0,TSF093,HR,12-MAY-26 08:00:07
9519470737,6,1,738,744,O,ACRM GP#2 PPGL,L,B18,26.251,28.49,1235,2.0,S02149,32.2,202615,N,SF93,202619,15-MAY-26 00:00:00,,, ,B,ACRM GP#2 PPGL,26.251,S02149,HR,12-MAY-26 08:00:07
9519470737,4,1,738,744,O,ACRM GP#2 PPGL,L,B18,82.791,85.44,1235,2.0,S02149,96.6,202608,N,SF93,202612,14-MAY-26 00:00:00,,, ,B,ACRM GP#2 PPGL,82.791,S02149,HR,12-MAY-26 08:00:07
9519470737,1,1,738,744,O,ACRM GP#2 PPGL,L,B18,22.741,28.41,1235,2.0,S02149,32.2,202609,N,SF93,202613,14-MAY-26 00:00:00,,, ,B,ACRM GP#2 PPGL,22.741,S02149,HR,12-MAY-26 08:00:07
9519470737,2,1,738,744,O,ACRM GP#2 PPGL,L,B18,26.461,28.48,1235,2.0,S02149,32.2,202608,N,SF93,202612,14-MAY-26 00:00:00,,, ,B,ACRM GP#2 PPGL,26.461,S02149,HR,12-MAY-26 08:00:07
9519470737,8,1,738,744,O,ACRM GP#2 PPGL,L,B18,112.0,110.82,1235,2.0,TSF093,128.8,202619,N,SH93,202623,29-MAY-26 00:00:00,,, ,Y,ACRM GP#2 PPGL,112.0,TSF093,HR,12-MAY-26 08:00:07
9519470737,13,1,738,744,O,ACRM GP#2 PPGL,L,B18,56.0,56.88,1235,2.0,TSF093,64.4,202619,N,SH93,202623,29-MAY-26 00:00:00,,, ,Y,ACRM GP#2 PPGL,56.0,TSF093,HR,12-MAY-26 08:00:07
9519471204,9,1,738,744,O,ACRM GP#2 PPGL,L,B18,132.596,142.09,1235,2.0,TSF093,152.485,202608,N,SH93,202612,14-MAY-26 00:00:00,,, ,B,ACRM GP#2 PPGL,132.596,TSF093,HR,12-MAY-26 08:00:07
9519490535,9,1,738,744,O,ACRM GP#2 PPGL,L,B18,26.186,28.35,1235,2.0,S02149,32.2,202608,N,SF93,202612,14-MAY-26 00:00:00,,, ,B,ACRM GP#2 PPGL,26.186,S02149,HR,12-MAY-26 08:00:07
9519471204,6,1,738,744,O,ACRM GP#2 PPGL,L,B18,111.985,114.34,1235,2.0,S02149,128.8,202604,N,SF93,202608,25-APR-26 00:00:00,,,,B,ACRM GP#2 PPGL,111.985,S02149,HR,23-APR-26 20:00:14
9519471204,8,1,738,744,O,ACRM GP#2 PPGL,L,B18,164.761,170.94,1235,2.0,TSF093,189.475,202618,N,SH93,202622,21-MAY-26 00:00:00,,, ,B,ACRM GP#2 PPGL,164.761,TSF093,HR,12-MAY-26 08:00:07
9519471204,13,1,738,744,O,ACRM GP#2 PPGL,L,B18,140.0,142.28,1235,2.0,TSF093,161.0,202620,N,SH93,202624,03-JUN-26 00:00:00,,, ,I,ACRM GP#2 PPGL,140.0,TSF093,HR,12-MAY-26 08:00:07
9519475441,3,1,738,744,O,ACRM GP#2 PPGL,L,B18,180.331,195.52,1235,2.0,TSF093,207.381,202619,N,SH93,202623,29-MAY-26 00:00:00,,, ,Y,ACRM GP#2 PPGL,180.331,TSF093,HR,12-MAY-26 08:00:07
9519475441,6,1,738,744,O,ACRM GP#2 PPGL,L,B18,112.0,114.31,1235,2.0,TSF093,128.8,202620,N,SH93,202624,03-JUN-26 00:00:00,,, ,I,ACRM GP#2 PPGL,112.0,TSF093,HR,12-MAY-26 08:00:07
9519465029,1,1,738,738,O,HR_DOM,A,367,272.0,242.93,1445,13.8,THA041,31.06,202617,N,HA14,202619,15-MAY-26 00:00:00,,, ,B,HR_DOM,272.0,THA041,HR,12-MAY-26 08:00:07
9519465029,4,1,738,738,O,HR_DOM,A,367,272.0,55.03,1445,13.8,THA041,231.81,202617,N,HA14,202619,15-MAY-26 00:00:00,,, ,B,HR_DOM,272.0,THA041,HR,12-MAY-26 08:00:07
9519465029,2,1,738,738,O,HR_DOM,A,367,272.0,162.97,1445,13.8,THA041,117.24,202617,N,HA14,202619,15-MAY-26 00:00:00,,, ,B,HR_DOM,272.0,THA041,HR,12-MAY-26 08:00:07
9519474768,4,1,738,744,O,ACRM GP#2 PPGL,L,B18,251.081,275.24,1235,2.0,TSF093,288.743,202609,N,SH93,202613,14-MAY-26 00:00:00,,, ,B,ACRM GP#2 PPGL,251.081,TSF093,HR,12-MAY-26 08:00:07
4000529978,2,1,738,738,F,HR_DOM,A,367,117.0,88.04,1530,9.6,THB029,30.31,202618,N,HB29,202619,15-MAY-26 00:00:00,,, ,B,HR_DOM,117.0,THB029,HR,12-MAY-26 08:00:07
9519268447,1,1,738,743,F,ACRM GP#3 WIDER HARD,,C05,278.736,0.0,1365,2.5,S02149,320.85,202548,N,SF93,202551,27-FEB-26 00:00:00,,, ,B,,278.736,S02149,HR,25-FEB-26 20:00:04
9519474771,3,1,738,743,O,ACRM GP#2 BGL,L,B04,112.0,112.75,1235,2.2,S02149,128.8,202618,N,SF93,202622,21-MAY-26 00:00:00,,, ,B,ACRM GP#2 BGL,112.0,S02149,HR,12-MAY-26 08:00:07
9519474768,6,1,738,744,O,ACRM GP#2 PPGL,L,B18,279.99,304.5,1235,2.0,TSF093,321.989,202609,N,SH93,202613,15-MAY-26 00:00:00,,, ,B,ACRM GP#2 PPGL,279.99,TSF093,HR,12-MAY-26 08:00:07
9519514954,1,1,738,744,O,ACRM GP#2 PPGL,L,B18,112.0,114.45,1235,2.0,S02149,128.8,202612,N,SF93,202616,14-MAY-26 00:00:00,,, ,B,ACRM GP#2 PPGL,112.0,S02149,HR,12-MAY-26 08:00:07
9519216791,4,1,738,743,O,ACRM GP#2 BGL,,B04,80.536,0.0,0,0.0, ,0.0,202545,N,,202549,06-FEB-26 00:00:00,,, ,B,,80.536,,HR,04-FEB-26 20:00:12
4000529707,2,1,738,738,F,HR_DOM,A,368,205.001,205.49,1560,9.6,THB029,68.7,202614,N,HB29,202616,14-MAY-26 00:00:00,,, ,B,HR_DOM,205.001,THB029,HR,12-MAY-26 08:00:07
4000529707,1,1,738,738,F,HR_DOM,A,368,117.001,117.18,1560,9.6,THB029,106.91,202614,N,HB29,202616,14-MAY-26 00:00:00,,, ,B,HR_DOM,117.001,THB029,HR,12-MAY-26 08:00:07
4000529707,3,1,738,738,F,HR_DOM,A,368,59.001,58.61,1560,9.6,THB029,32.24,202614,N,HB29,202616,14-MAY-26 00:00:00,,, ,B,HR_DOM,59.001,THB029,HR,12-MAY-26 08:00:07
4000530384,10,1,738,738,F,SCRM,A,367,90.0,0.0,1265,2.0,THR099,95.16,202615,N,HR99,202617,14-MAY-26 00:00:00,,, ,B,SCRM,90.0,THR099,HR,12-MAY-26 08:00:07
4000531581,1,1,738,738,T,HR_SPC,C,367,124.0,0.0,1280,3.7,TSM057,127.18,202619,N,TM57,202620,16-MAY-26 00:00:00,,, ,B,HR_SPC,124.0,TSM057,HR,12-MAY-26 08:00:07
4000531581,2,1,738,738,T,HR_SPC,C,367,60.0,0.0,1250,3.4,TSM057,61.54,202619,N,TM57,202620,16-MAY-26 00:00:00,,, ,B,HR_SPC,60.0,TSM057,HR,12-MAY-26 08:00:07
4000531581,3,1,738,738,T,HR_SPC,C,367,150.0,0.0,1250,5.5,TSM057,153.85,202619,N,TM57,202620,16-MAY-26 00:00:00,,, ,B,HR_SPC,150.0,TSM057,HR,12-MAY-26 08:00:07
4000531630,1,1,738,738,F,HR_DOM,C,367,252.0,202.1,1250,5.4,THB046,81.26,202613,N,HB46,202615,30-MAY-26 00:00:00,,,,G,HR_DOM,252.0,THB046,HR,12-MAY-26 08:00:07
9519489412,1,1,738,738,O,HR_DOM,A,367,270.0,166.17,1250,6.0,THA038,118.33,202615,N,HA38,202618,14-MAY-26 00:00:00,,, ,B,HR_DOM,270.0,THA038,HR,12-MAY-26 08:00:07
9519739667,1,1,738,743,F,ACRM GP#3 WIDER HARD,L,C05,279.0,0.0,1365,2.5,S02149,320.85,202621,N,SF93,202624,03-JUN-26 00:00:00,,, ,I,ACRM GP#3 WIDER HARD,279.0,S02149,HR,12-MAY-26 08:00:07
9519500059,1,1,738,742,F,ACRM CRCA TLL,S,C01,75.826,287.36,1265,2.5,BSL074,333.5,202616,N,BS74,202621,16-MAY-26 00:00:00,,, ,B,ACRM CRCA TLL,75.826,BSL074,HR,12-MAY-26 08:00:07
4000532196,4,1,738,738,F,HR_DOM,A,367,84.0,56.14,1325,3.5,THA054,31.06,202613,N,HA54,202616,22-MAY-26 00:00:00,,,,R,HR_DOM,84.0,THA054,HR,12-MAY-26 08:00:07
4000532196,2,1,738,738,F,HR_DOM,C,367,210.0,187.57,1230,4.0,THB046,48.93,202614,N,HB46,202616,28-MAY-26 00:00:00,,,,Y,HR_DOM,210.0,THB046,HR,12-MAY-26 08:00:07
4000530255,2,1,738,738,F,TUBE,L,367,210.0,207.86,1250,2.2,I09497,0.0,202616,N,HG01,202617,03-JUN-26 00:00:00,,, ,B,TUBE,210.0,I09497,HR,12-MAY-26 08:00:07
4000533072,3,1,738,738,F,SCRM,I,367,60.0,29.95,1230,3.2,T01052,31.45,202612,N,SD88,202614,22-MAY-26 00:00:00,,,,R,SCRM,60.0,T01052,HR,12-MAY-26 08:00:07
4000532789,6,1,738,738,F,HR_DOM,C,367,56.0,0.0,1250,5.4,THB046,67.57,202615,N,HB46,202617,30-MAY-26 00:00:00,,,,G,HR_DOM,56.0,THB046,HR,12-MAY-26 08:00:07
4000530692,1,1,738,738,T,HR_DOM,C,368,175.0,25.74,1500,16.0,TSM090,183.15,202622,N,TM90,202624,03-JUN-26 00:00:00,,, ,I,HR_DOM,175.0,TSM090,HR,12-MAY-26 08:00:07
4000532447,1,1,738,738,T,HR_DOM,A,367,238.0,0.0,1500,6.5,TSM051,244.1,202623,N,TM51,202625,03-JUN-26 00:00:00,,, ,I,HR_DOM,238.0,TSM051,HR,12-MAY-26 08:00:07
4000532873,1,1,738,738,F,SCRM,I,367,56.0,0.0,1170,3.2,BSL002,58.61,202612,N,BS02,202614,14-MAY-26 00:00:00,,,,B,SCRM,56.0,BSL002,HR,12-MAY-26 08:00:07
4000533079,8,1,738,738,F,SCRM,L,367,30.0,0.0,1250,3.2,THB001,29.35,202615,N,HR01,202617,13-MAY-26 00:00:00,,, ,B,SCRM,30.0,THB001,HR,12-MAY-26 08:00:07
9519566967,1,1,738,744,O,ACRM GP#2 PPGL,L,B18,252.0,285.88,1235,2.0,TSF093,289.8,202620,N,SH93,202624,03-JUN-26 00:00:00,,, ,I,ACRM GP#2 PPGL,252.0,TSF093,HR,12-MAY-26 08:00:07
4000533207,1,1,738,738,F,KCRM,A,367,69.851,49.0,1250,3.0,THA042,21.86,202619,N,HB42,202621,17-MAY-26 00:00:00,,, ,B,KCRM,69.851,THA042,HR,12-MAY-26 08:00:07
9519566967,3,1,738,744,O,ACRM GP#2 PPGL,L,B18,56.0,57.27,1235,2.0,TSF093,64.4,202620,N,SH93,202624,03-JUN-26 00:00:00,,, ,I,ACRM GP#2 PPGL,56.0,TSF093,HR,12-MAY-26 08:00:07
4000532180,8,1,738,738,F,SCRM,C,367,270.0,253.02,1260,3.2,T01595,22.56,202613,N,SH39,202615,14-MAY-26 00:00:00,,, ,B,SCRM,270.0,T01595,HR,12-MAY-26 08:00:07
4000533078,25,1,738,738,F,SCRM,L,367,30.0,0.0,1250,3.2,THB001,30.77,202613,N,HR01,202615,14-MAY-26 00:00:00,,, ,B,SCRM,30.0,THB001,HR,12-MAY-26 08:00:07
4000533164,8,1,738,738,F,SCRM,L,367,120.0,0.0,1250,4.0,I09496,123.08,202618,N,TU01,202620,18-MAY-26 00:00:00,,, ,B,SCRM,120.0,I09496,HR,12-MAY-26 08:00:07
9519566637,3,1,738,743,O,ACRM GP#2 BGL,L,B04,196.0,200.45,1235,2.2,S02149,225.4,202620,N,SF93,202624,03-JUN-26 00:00:00,,, ,I,ACRM GP#2 BGL,196.0,S02149,HR,12-MAY-26 08:00:07
4000533554,4,1,738,738,F,HR_DOM,A,367,280.0,245.23,1250,2.3,THA038,39.62,202615,N,HA38,202618,14-MAY-26 00:00:00,,,,B,HR_DOM,280.0,THA038,HR,12-MAY-26 08:00:07
4000533554,7,1,738,738,F,HR_DOM,A,367,112.0,76.75,1325,3.5,THA054,39.3,202615,N,HA54,202618,28-MAY-26 00:00:00,,,,Y,HR_DOM,112.0,THA054,HR,12-MAY-26 08:00:07
4000533079,10,1,738,738,F,SCRM,L,367,30.0,0.0,1250,4.0,THB001,29.34,202615,N,HR01,202617,13-MAY-26 00:00:00,,, ,B,SCRM,30.0,THB001,HR,12-MAY-26 08:00:07
4000533255,6,1,738,738,F,SCRM,L,367,34.0,0.0,1500,2.9,THB001,34.87,202613,N,HR01,202615,14-MAY-26 00:00:00,,, ,B,SCRM,34.0,THB001,HR,12-MAY-26 08:00:07
4000533255,8,1,738,738,F,SCRM,L,367,34.0,0.0,1500,3.8,THB001,34.87,202613,N,HR01,202615,14-MAY-26 00:00:00,,, ,B,SCRM,34.0,THB001,HR,12-MAY-26 08:00:07
4000533079,12,1,738,738,F,SCRM,L,367,90.0,57.66,1250,2.0,THB001,33.17,202615,N,HR01,202617,14-MAY-26 00:00:00,,, ,B,SCRM,90.0,THB001,HR,12-MAY-26 08:00:07
4000533145,1,1,738,738,F,HR_DOM,A,367,56.0,25.36,1325,3.5,THA054,34.16,202615,N,HA54,202617,28-MAY-26 00:00:00,,,,Y,HR_DOM,56.0,THA054,HR,12-MAY-26 08:00:07
4000533118,2,1,738,738,F,SCRM_SPC_SLIT,L,367,272.0,245.47,1560,2.0,THO066,28.14,202613,N,HO66,202615,14-MAY-26 00:00:00,,, ,B,SCRM_SPC_SLIT,272.0,THO066,HR,12-MAY-26 08:00:07
9519554043,3,1,738,738,O,HR_DOM,A,367,146.341,117.12,1560,9.6,THB029,31.2,202618,N,HB29,202619,15-MAY-26 00:00:00,,, ,B,HR_DOM,146.341,THB029,HR,12-MAY-26 08:00:07
4000533116,27,1,738,738,F,SCRM_SPC_SLIT,L,367,272.0,230.23,1550,3.2,S02149,43.78,202613,N,SF93,202615,14-MAY-26 00:00:00,,, ,B,SCRM_SPC_SLIT,272.0,S02149,HR,12-MAY-26 08:00:07
4000533508,5,1,738,738,F,SCRM,L,367,120.0,0.0,1270,3.2,THO066,123.08,202617,N,HO66,202619,16-MAY-26 00:00:00,,, ,B,SCRM,120.0,THO066,HR,12-MAY-26 08:00:07
9519577559,12,1,738,743,O,HR_DOM,,B04,46.0,0.0,0,0.0, ,0.0,202618,N,,202622,20-MAY-26 00:00:00,,, ,B,HR_DOM,46.0,,HR,12-MAY-26 08:00:07
9519577547,3,1,738,743,O,HR_DOM,,B04,46.0,0.0,0,0.0, ,0.0,202618,N,,202622,20-MAY-26 00:00:00,,, ,B,HR_DOM,46.0,,HR,12-MAY-26 08:00:07
4000533508,6,1,738,738,F,SCRM,L,367,30.0,0.0,1270,3.2,THO066,30.77,202618,N,HO66,202620,18-MAY-26 00:00:00,,, ,B,SCRM,30.0,THO066,HR,12-MAY-26 08:00:07
9519573487,12,1,738,744,O,ACRM GP#2 PPGL,L,B18,280.0,257.36,1235,2.0,S02149,322.0,202620,N,SF93,202624,30-MAY-26 00:00:00,,, ,I,ACRM GP#2 PPGL,280.0,S02149,HR,12-MAY-26 08:00:07
9519573487,15,1,738,744,O,ACRM GP#2 PPGL,L,B18,280.0,285.2,1235,2.0,TSF093,322.0,202620,N,SH93,202624,03-JUN-26 00:00:00,,, ,I,ACRM GP#2 PPGL,280.0,TSF093,HR,12-MAY-26 08:00:07
9519573487,16,1,738,744,O,ACRM GP#2 PPGL,L,B18,280.0,260.14,1235,2.0,S02149,322.0,202620,N,SF93,202624,30-MAY-26 00:00:00,,, ,I,ACRM GP#2 PPGL,280.0,S02149,HR,12-MAY-26 08:00:07
9519573487,18,1,738,744,O,ACRM GP#2 PPGL,L,B18,56.0,56.97,1235,2.0,TSF093,64.4,202620,N,SH93,202624,30-MAY-26 00:00:00,,, ,I,ACRM GP#2 PPGL,56.0,TSF093,HR,12-MAY-26 08:00:07
9519573483,4,1,738,744,O,ACRM GP#2 PPGL,L,B18,28.0,28.38,1235,2.0,TSF093,32.2,202620,N,SH93,202624,30-MAY-26 00:00:00,,, ,I,ACRM GP#2 PPGL,28.0,TSF093,HR,12-MAY-26 08:00:07
4000532703,1,1,738,738,T,HR_DOM,C,367,60.0,0.0,1250,2.55,TSM036,61.54,202623,N,TM36,202625,03-JUN-26 00:00:00,,, ,I,HR_DOM,60.0,TSM036,HR,12-MAY-26 08:00:07
9519569943,4,1,738,738,O,HR_DOM,L,367,178.598,170.0,1500,2.3,TIP001,0.0,202615,N,HG34,202616,15-MAY-26 00:00:00,,, ,B,HR_DOM,178.598,TIP001,HR,12-MAY-26 08:00:07
9519577821,2,1,738,742,O,ACRM CRCA CRS,L,C01,289.999,0.0,925,2.8,TSH067,241.5,202612,N,SH67,202618,14-MAY-26 00:00:00,,, ,B,ACRM CRCA CRS,289.999,TSH067,HR,12-MAY-26 08:00:07
9519573487,5,1,738,744,O,ACRM GP#2 PPGL,L,B18,28.0,0.0,1235,2.0,S02149,32.2,202620,N,SF93,202624,30-MAY-26 00:00:00,,, ,I,ACRM GP#2 PPGL,28.0,S02149,HR,12-MAY-26 08:00:07
9519573487,10,1,738,744,O,ACRM GP#2 PPGL,L,B18,21.091,28.37,1235,2.0,S02149,32.2,202619,N,SF93,202623,26-MAY-26 00:00:00,,, ,Y,ACRM GP#2 PPGL,21.091,S02149,HR,12-MAY-26 08:00:07
9519573478,2,1,738,743,O,ACRM GP#2 BGL,L,B04,84.0,57.44,1235,2.2,S02149,96.6,202612,N,SF93,202616,14-MAY-26 00:00:00,,, ,B,ACRM GP#2 BGL,84.0,S02149,HR,12-MAY-26 08:00:07
4000533508,4,1,738,738,F,SCRM,L,367,210.0,114.2,1270,2.0,THO066,98.26,202617,N,HO66,202619,16-MAY-26 00:00:00,,, ,B,SCRM,210.0,THO066,HR,12-MAY-26 08:00:07
4000533506,2,1,738,738,F,SCRM,L,367,210.0,86.29,1270,1.8,T01576,128.17,202617,N,HG02,202619,16-MAY-26 00:00:00,,, ,B,SCRM,210.0,T01576,HR,12-MAY-26 08:00:07
4000533511,7,1,738,738,F,SCRM,L,367,240.0,28.54,1235,2.0,THO066,216.88,202613,N,HO66,202615,14-MAY-26 00:00:00,,, ,B,SCRM,240.0,THO066,HR,12-MAY-26 08:00:07
4000533507,1,1,738,738,F,SCRM,L,367,210.0,171.05,1270,2.0,THO066,39.95,202615,N,HO66,202617,14-MAY-26 00:00:00,,, ,B,SCRM,210.0,THO066,HR,12-MAY-26 08:00:07
9519573492,1,1,738,744,O,ACRM GP#2 PPGL,L,B18,83.999,85.67,1235,2.0,TSF093,96.6,202620,N,SH93,202624,03-JUN-26 00:00:00,,, ,I,ACRM GP#2 PPGL,83.999,TSF093,HR,12-MAY-26 08:00:07
9519573492,8,1,738,744,O,ACRM GP#2 PPGL,L,B18,196.0,199.62,1235,2.0,TSF093,225.4,202620,N,SH93,202624,03-JUN-26 00:00:00,,, ,I,ACRM GP#2 PPGL,196.0,TSF093,HR,12-MAY-26 08:00:07
9519528897,5,1,738,742,F,ACRM CRCA TLL,S,C01,291.566,166.92,1180,2.25,BSL074,341.55,202616,N,BS74,202621,16-MAY-26 00:00:00,,, ,B,ACRM CRCA TLL,291.566,BSL074,HR,12-MAY-26 08:00:07
9519528897,7,1,738,742,F,ACRM CRCA TLL,S,C01,297.0,305.64,1180,2.25,BSL074,310.5,202616,N,BS74,202621,16-MAY-26 00:00:00,,, ,B,ACRM CRCA TLL,297.0,BSL074,HR,12-MAY-26 08:00:07
4000533507,2,1,738,738,F,SCRM,L,367,279.0,200.35,1280,2.0,THO066,80.83,202613,N,HO66,202615,14-MAY-26 00:00:00,,, ,B,SCRM,279.0,THO066,HR,12-MAY-26 08:00:07
9519573492,11,1,738,744,O,ACRM GP#2 PPGL,L,B18,52.436,57.26,1235,2.0,S02149,64.4,202609,N,SF93,202613,14-MAY-26 00:00:00,,, ,B,ACRM GP#2 PPGL,52.436,S02149,HR,12-MAY-26 08:00:07
9519573492,12,1,738,744,O,ACRM GP#2 PPGL,L,B18,25.481,28.48,1235,2.0,S02149,32.2,202609,N,SF93,202613,14-MAY-26 00:00:00,,, ,B,ACRM GP#2 PPGL,25.481,S02149,HR,12-MAY-26 08:00:07
9519573492,14,1,738,744,O,ACRM GP#2 PPGL,L,B18,140.0,143.02,1235,2.0,TSF093,161.0,202620,N,SH93,202624,03-JUN-26 00:00:00,,, ,I,ACRM GP#2 PPGL,140.0,TSF093,HR,12-MAY-26 08:00:07
9519573492,16,1,738,744,O,ACRM GP#2 PPGL,L,B18,140.0,136.46,1235,2.0,TSF093,161.0,202620,N,SH93,202624,03-JUN-26 00:00:00,,, ,I,ACRM GP#2 PPGL,140.0,TSF093,HR,12-MAY-26 08:00:07
4000533779,7,1,738,738,F,SCRM,I,367,62.0,11.58,1600,3.2,T01052,30.96,202613,N,SD88,202615,14-MAY-26 00:00:00,,,,Y,SCRM,62.0,T01052,HR,12-MAY-26 08:00:07
9519573492,7,1,738,744,O,ACRM GP#2 PPGL,L,B18,56.0,57.01,1235,2.0,TSF093,64.4,202620,N,SH93,202624,03-JUN-26 00:00:00,,, ,I,ACRM GP#2 PPGL,56.0,TSF093,HR,12-MAY-26 08:00:07
4000533161,6,1,738,738,F,K_LDP,A,367,280.0,253.06,1460,4.1,TIP006,27.94,202617,N,HG42,202619,16-MAY-26 00:00:00,,, ,B,K_LDP,280.0,TIP006,HR,12-MAY-26 08:00:07
4000533483,2,1,738,738,F,K_LDP,T,367,270.008,249.17,1250,6.4,BSL065,28.43,202617,N,BS65,202620,13-MAY-26 00:00:00,,, ,B,K_LDP,270.008,BSL065,HR,12-MAY-26 08:00:07
4000533483,3,1,738,738,F,K_LDP,T,367,190.007,166.62,1250,6.4,BSL065,28.36,202617,N,BS65,202620,13-MAY-26 00:00:00,,, ,B,K_LDP,190.007,BSL065,HR,12-MAY-26 08:00:07
9519577910,3,1,738,742,O,ACRM CRCA CRS,L,C01,280.0,28.46,1235,2.8,TSH067,32.2,202615,N,SH67,202612,14-MAY-26 00:00:00,,, ,B,ACRM CRCA CRS,280.0,TSH067,HR,12-MAY-26 08:00:07
9519584305,2,1,738,738,O,HR_DOM,P,367,30.0,0.0,1250,4.0,I17022,30.77,202623,N,HR07,202624,09-JUN-26 00:00:00,,, ,I,HR_DOM,30.0,I17022,HR,12-MAY-26 08:00:07
9519589332,7,1,738,738,O,HR_DOM,R,367,30.0,0.0,1250,6.0,THU037,34.19,202613,N,HU37,202615,14-MAY-26 00:00:00,,,,B,HR_DOM,30.0,THU037,HR,12-MAY-26 08:00:07
9519557957,11,1,738,738,O,HR_DOM,A,367,60.0,0.0,1250,10.0,A20002,67.63,202617,N,HA31,202619,14-MAY-26 00:00:00,,, ,B,HR_DOM,60.0,A20002,HR,12-MAY-26 08:00:07
9519557957,10,1,738,738,O,HR_DOM,A,367,30.0,0.0,1250,9.0,A20002,33.81,202617,N,HA31,202619,14-MAY-26 00:00:00,,, ,B,HR_DOM,30.0,A20002,HR,12-MAY-26 08:00:07
4000532444,3,1,738,738,F,HR_SPC,A,367,210.0,188.6,1250,3.8,THA038,27.5,202617,N,HA38,202619,03-JUN-26 00:00:00,,, ,B,HR_SPC,210.0,THA038,HR,12-MAY-26 08:00:07
4000532649,4,1,738,738,F,HR_SPC,A,367,293.0,268.73,1250,3.4,THA054,27.06,202617,N,HA54,202620,15-MAY-26 00:00:00,,, ,B,HR_SPC,293.0,THA054,HR,12-MAY-26 08:00:07
4000532649,5,1,738,738,F,HR_SPC,A,367,300.0,74.27,1250,3.4,THA054,251.65,202619,N,HA54,202622,17-MAY-26 00:00:00,,, ,B,HR_SPC,300.0,THA054,HR,12-MAY-26 08:00:07
4000532649,6,1,738,738,F,HR_SPC,A,367,300.0,192.09,1250,3.4,THA054,120.3,202619,N,HA54,202622,18-MAY-26 00:00:00,,, ,B,HR_SPC,300.0,THA054,HR,12-MAY-26 08:00:07
9519582279,23,1,738,738,O,HR_DOM,A,367,68.0,0.0,1500,15.8,THB009,69.74,202623,N,HR78,202625,08-JUN-26 00:00:00,,, ,I,HR_DOM,68.0,THB009,HR,12-MAY-26 08:00:07
9519591510,8,1,738,738,O,HR_DOM,A,367,102.0,0.0,1500,8.0,THG038,104.62,202623,N,HG38,202625,03-JUN-26 00:00:00,,, ,I,HR_DOM,102.0,THG038,HR,12-MAY-26 08:00:07
9519588893,51,1,738,738,O,HR_DOM,L,367,270.0,250.68,1250,5.0,I09508,26.63,202623,N,HG22,202625,14-MAY-26 00:00:00,,, ,I,HR_DOM,270.0,I09508,HR,12-MAY-26 08:00:07
9519588893,53,1,738,738,O,HR_DOM,L,367,170.0,144.15,1500,5.4,I09508,26.78,202623,N,HG22,202625,03-JUN-26 00:00:00,,, ,I,HR_DOM,170.0,I09508,HR,12-MAY-26 08:00:07
4000532977,2,1,738,738,F,HR_DOM,A,367,99.0,24.8,1465,9.6,THB029,77.66,202620,N,HB29,202621,17-MAY-26 00:00:00,,, ,B,HR_DOM,99.0,THB029,HR,12-MAY-26 08:00:07
9519578565,1,1,738,744,O,ACRM GP#2 PPGL,L,B18,277.461,286.4,1235,2.0,S02149,322.0,202612,N,SF93,202616,14-MAY-26 00:00:00,,, ,B,ACRM GP#2 PPGL,277.461,S02149,HR,12-MAY-26 08:00:07
9519554135,9,1,738,738,O,HR_DOM,A,367,127.841,102.26,1500,7.8,THA036,26.24,202619,N,HA36,202621,17-MAY-26 00:00:00,,, ,B,HR_DOM,127.841,THA036,HR,12-MAY-26 08:00:07
9519538386,3,1,738,738,O,HR_DOM,A,367,102.0,0.0,1500,9.8,I17021,107.85,202623,N,HR08,202625,02-JUN-26 00:00:00,,, ,I,HR_DOM,102.0,I17021,HR,12-MAY-26 08:00:07
9519588907,5,1,738,738,O,HR_DOM,B,367,34.0,0.0,1500,16.0,UNB053,34.88,202623,N,UN53,202625,15-MAY-26 00:00:00,,, ,I,HR_DOM,34.0,UNB053,HR,12-MAY-26 08:00:07
9519588893,41,1,738,738,O,HR_DOM,A,367,170.0,0.0,1500,3.8,TIP006,176.12,202623,N,HG42,202625,10-JUN-26 00:00:00,,, ,I,HR_DOM,170.0,TIP006,HR,12-MAY-26 08:00:07
9519588893,55,1,738,738,O,HR_DOM,A,367,102.0,0.0,1500,5.5,TIP006,105.67,202623,N,HG42,202625,10-JUN-26 00:00:00,,, ,I,HR_DOM,102.0,TIP006,HR,12-MAY-26 08:00:07
9519588893,58,1,738,738,O,HR_DOM,A,367,272.0,0.0,1500,6.0,TIP006,281.79,202623,N,HG42,202625,10-JUN-26 00:00:00,,, ,I,HR_DOM,272.0,TIP006,HR,12-MAY-26 08:00:07
9519588893,59,1,738,738,O,HR_DOM,A,367,68.0,31.58,1500,6.0,TIP006,37.73,202623,N,HG42,202625,10-JUN-26 00:00:00,,, ,I,HR_DOM,68.0,TIP006,HR,12-MAY-26 08:00:07
9519588893,36,1,738,738,O,HR_DOM,A,367,102.0,24.62,1500,3.5,TIP006,80.17,202623,N,HG42,202625,10-JUN-26 00:00:00,,, ,I,HR_DOM,102.0,TIP006,HR,12-MAY-26 08:00:07
9519569686,1,1,738,742,F,ACRM CRCA CRS,L,C01,28.0,0.0,1235,2.0,BSL011,32.2,202615,N,BS11,202619,15-MAY-26 00:00:00,,, ,B,ACRM CRCA CRS,28.0,BSL011,HR,12-MAY-26 08:00:07
9519569686,2,1,738,742,F,ACRM CRCA CRS,L,C01,280.0,143.16,1235,2.0,BSL011,322.0,202614,N,BS11,202618,14-MAY-26 00:00:00,,, ,B,ACRM CRCA CRS,280.0,BSL011,HR,12-MAY-26 08:00:07
4000534140,2,1,738,738,F,SCRM,I,367,124.0,66.97,1600,3.2,T01052,65.67,202614,N,SD88,202616,14-MAY-26 00:00:00,,,,Y,SCRM,124.0,T01052,HR,12-MAY-26 08:00:07
4000532633,7,1,738,738,F,K_LDP,A,367,105.0,0.0,1415,3.7,TTU070,107.69,202618,N,TU70,202620,15-MAY-26 00:00:00,,, ,B,K_LDP,105.0,TTU070,HR,12-MAY-26 08:00:07
9519588893,9,1,738,738,O,HR_DOM,L,367,150.0,0.0,1250,1.8,T01576,155.4,202623,N,HG02,202625,03-JUN-26 00:00:00,,, ,I,HR_DOM,150.0,T01576,HR,12-MAY-26 08:00:07
9519588893,14,1,738,738,O,HR_DOM,L,367,120.0,23.76,1250,2.2,T01576,99.71,202623,N,HG02,202625,03-JUN-26 00:00:00,,, ,I,HR_DOM,120.0,T01576,HR,12-MAY-26 08:00:07
9519588893,15,1,738,738,O,HR_DOM,L,367,204.0,87.91,1500,2.2,T01576,121.54,202623,N,HG02,202625,10-JUN-26 00:00:00,,, ,I,HR_DOM,204.0,T01576,HR,12-MAY-26 08:00:07
9519572311,1,1,738,738,O,HR_DOM,B,367,136.0,0.0,1500,5.0,I17480,139.49,202623,N,SH35,202624,03-JUN-26 00:00:00,,, ,I,HR_DOM,136.0,I17480,HR,12-MAY-26 08:00:07
9519572311,4,1,738,738,O,HR_DOM,B,367,102.0,0.0,1500,10.0,I17480,104.62,202623,N,SH35,202624,03-JUN-26 00:00:00,,, ,I,HR_DOM,102.0,I17480,HR,12-MAY-26 08:00:07
9519572311,2,1,738,738,O,HR_DOM,B,367,170.0,0.0,1500,6.0,I17480,174.36,202623,N,SH35,202624,03-JUN-26 00:00:00,,, ,I,HR_DOM,170.0,I17480,HR,12-MAY-26 08:00:07
9519572311,3,1,738,738,O,HR_DOM,B,367,102.0,0.0,1500,8.0,I17480,104.62,202623,N,SH35,202624,03-JUN-26 00:00:00,,, ,I,HR_DOM,102.0,I17480,HR,12-MAY-26 08:00:07
9519593920,1,1,738,738,B,HR_DOM,B,367,34.0,0.0,1525,5.0,I17480,25.58,202614,N,SH35,202615,14-MAY-26 00:00:00,,, ,B,HR_DOM,34.0,I17480,HR,12-MAY-26 08:00:07
4000534081,3,1,738,738,F,HR_DOM,A,367,84.0,50.51,1325,3.5,THA054,37.34,202616,N,HA54,202619,28-MAY-26 00:00:00,,,,Y,HR_DOM,84.0,THA054,HR,12-MAY-26 08:00:07
9519589388,1,1,738,738,O,HR_DOM,A,367,204.0,0.0,1500,10.0,THG038,209.23,202621,N,HG38,202622,28-MAY-26 00:00:00,,, ,G,HR_DOM,204.0,THG038,HR,12-MAY-26 08:00:07
4000533981,1,1,738,738,F,HR_SPC,A,367,248.0,146.32,1280,3.4,THA054,114.13,202619,N,HA54,202621,17-MAY-26 00:00:00,,, ,B,HR_SPC,248.0,THA054,HR,12-MAY-26 08:00:07
9519588893,16,1,738,738,O,HR_DOM,L,367,120.0,28.77,1250,2.2,TIP001,93.57,202623,N,HG34,202625,03-JUN-26 00:00:00,,, ,I,HR_DOM,120.0,TIP001,HR,12-MAY-26 08:00:07
9519588893,17,1,738,738,O,HR_DOM,L,367,204.0,126.1,1500,2.2,TIP001,79.9,202623,N,HG34,202625,10-JUN-26 00:00:00,,, ,I,HR_DOM,204.0,TIP001,HR,12-MAY-26 08:00:07
9519588893,19,1,738,738,O,HR_DOM,L,367,150.0,0.0,1250,2.3,T01576,155.4,202623,N,HG02,202625,03-JUN-26 00:00:00,,, ,I,HR_DOM,150.0,T01576,HR,12-MAY-26 08:00:07
9519588893,23,1,738,738,O,HR_DOM,L,367,300.0,0.0,1250,2.9,TIP001,307.69,202623,N,HG34,202625,03-JUN-26 00:00:00,,, ,I,HR_DOM,300.0,TIP001,HR,12-MAY-26 08:00:07
9519588893,29,1,738,738,O,HR_DOM,L,367,210.0,57.28,1250,3.1,TIP001,156.64,202623,N,HG34,202625,03-JUN-26 00:00:00,,, ,I,HR_DOM,210.0,TIP001,HR,12-MAY-26 08:00:07
9519593168,4,1,738,738,O,HR_DOM,M,367,30.0,0.0,1250,4.0,THU012,30.77,202623,N,HU12,202625,09-JUN-26 00:00:00,,, ,I,HR_DOM,30.0,THU012,HR,12-MAY-26 08:00:07
9519557217,2,1,738,738,O,HR_DOM,P,367,150.0,0.0,1250,3.0,BSL086,155.4,202623,N,BS86,202624,02-JUN-26 00:00:00,,, ,I,HR_DOM,150.0,BSL086,HR,12-MAY-26 08:00:07
9519589924,3,1,738,738,O,HR_DOM,P,367,60.0,0.0,1250,6.0,THG005,61.54,202623,N,HG99,202625,09-JUN-26 00:00:00,,, ,I,HR_DOM,60.0,THG005,HR,12-MAY-26 08:00:07
9519548647,2,1,738,738,O,HR_DOM,A,367,106.891,81.1,1250,5.95,THA016,27.03,202615,N,HA19,202617,14-MAY-26 00:00:00,,, ,B,HR_DOM,106.891,THA016,HR,12-MAY-26 08:00:07
9519554135,5,1,738,738,O,HR_DOM,A,367,130.281,116.87,1500,5.8,THA036,14.64,202619,N,HA36,202621,17-MAY-26 00:00:00,,, ,B,HR_DOM,130.281,THA036,HR,12-MAY-26 08:00:07
9519538252,7,1,738,738,O,HR_DOM,L,367,90.0,0.0,1250,2.4,THB001,92.31,202623,N,HR01,202625,09-JUN-26 00:00:00,,, ,I,HR_DOM,90.0,THB001,HR,12-MAY-26 08:00:07
4000533898,1,1,738,738,F,SCRM,I,367,140.0,0.0,1170,3.2,BSL002,146.52,202614,N,BS02,202616,23-MAY-26 00:00:00,,,,R,SCRM,140.0,BSL002,HR,12-MAY-26 08:00:07
9519544615,10,1,738,738,O,HR_DOM,P,367,60.0,0.0,1250,2.7,I17022,61.54,202623,N,HR07,202624,09-JUN-26 00:00:00,,, ,I,HR_DOM,60.0,I17022,HR,12-MAY-26 08:00:07
9519590744,2,1,738,738,B,HR_DOM,B,367,34.0,0.0,1550,20.0,UNB053,28.45,202614,N,UN53,202615,14-MAY-26 00:00:00,,, ,B,HR_DOM,34.0,UNB053,HR,12-MAY-26 08:00:07
9519590153,3,1,738,738,O,HR_DOM,A,367,102.0,26.87,1500,3.2,TIP006,77.84,202623,N,HG42,202625,10-JUN-26 00:00:00,,, ,I,HR_DOM,102.0,TIP006,HR,12-MAY-26 08:00:07
9519590153,4,1,738,738,O,HR_DOM,A,367,204.0,28.37,1500,5.0,TIP006,181.95,202623,N,HG42,202625,10-JUN-26 00:00:00,,, ,I,HR_DOM,204.0,TIP006,HR,12-MAY-26 08:00:07
9519590153,5,1,738,738,O,HR_DOM,A,367,102.0,0.0,1500,5.5,TIP006,105.67,202623,N,HG42,202625,10-JUN-26 00:00:00,,, ,I,HR_DOM,102.0,TIP006,HR,12-MAY-26 08:00:07
9519590153,7,1,738,738,O,HR_DOM,A,367,272.0,0.0,1500,8.0,THG038,278.97,202623,N,HG38,202625,03-JUN-26 00:00:00,,, ,I,HR_DOM,272.0,THG038,HR,12-MAY-26 08:00:07
9519590153,8,1,738,738,O,HR_DOM,A,367,272.0,0.0,1500,9.8,THG038,278.97,202623,N,HG38,202625,03-JUN-26 00:00:00,,, ,I,HR_DOM,272.0,THG038,HR,12-MAY-26 08:00:07
9519590153,9,1,738,738,O,HR_DOM,A,367,272.0,0.0,1500,10.0,THG038,278.97,202623,N,HG38,202625,03-JUN-26 00:00:00,,, ,I,HR_DOM,272.0,THG038,HR,12-MAY-26 08:00:07
9519590153,10,1,738,738,O,HR_DOM,A,367,272.0,30.4,1500,11.8,THG038,247.8,202623,N,HG38,202625,03-JUN-26 00:00:00,,, ,I,HR_DOM,272.0,THG038,HR,12-MAY-26 08:00:07
9519578565,5,1,738,744,O,ACRM GP#2 PPGL,L,B18,84.0,85.49,1235,2.0,TSF093,96.6,202620,N,SH93,202624,03-JUN-26 00:00:00,,, ,I,ACRM GP#2 PPGL,84.0,TSF093,HR,12-MAY-26 08:00:07
4000533164,5,1,738,738,F,SCRM,A,367,210.0,156.56,1260,4.5,BSL075,55.93,202612,N,BS75,202615,14-MAY-26 00:00:00,,, ,B,SCRM,210.0,BSL075,HR,12-MAY-26 08:00:07
9519590153,12,1,738,738,O,HR_DOM,A,367,204.0,0.0,1500,12.0,THG038,209.23,202623,N,HG38,202625,03-JUN-26 00:00:00,,, ,I,HR_DOM,204.0,THG038,HR,12-MAY-26 08:00:07
4000532977,3,1,738,738,F,HR_DOM,A,367,175.0,29.41,1530,9.6,THB029,152.37,202620,N,HB29,202621,17-MAY-26 00:00:00,,, ,B,HR_DOM,175.0,THB029,HR,12-MAY-26 08:00:07
9519588745,5,1,738,738,O,HR_DOM,A,367,170.0,149.48,1500,10.0,THG038,21.05,202614,N,HG38,202615,14-MAY-26 00:00:00,,,,B,HR_DOM,170.0,THG038,HR,12-MAY-26 08:00:07
9519589747,1,1,738,738,O,HR_DOM,P,367,203.0,164.84,1220,5.5,BSL017,39.14,202620,N,BS17,202622,26-MAY-26 00:00:00,,, ,R,HR_DOM,203.0,BSL017,HR,12-MAY-26 08:00:07
9519586462,2,1,738,744,O,ACRM GP#2 PPGL,L,B18,280.0,316.18,1235,2.0,TSF093,322.0,202620,N,SH93,202624,03-JUN-26 00:00:00,,, ,I,ACRM GP#2 PPGL,280.0,TSF093,HR,12-MAY-26 08:00:07
9519586462,5,1,738,744,O,ACRM GP#2 PPGL,L,B18,27.676,28.61,1235,2.0,TSF093,31.827,202609,N,SH93,202613,14-MAY-26 00:00:00,,, ,B,ACRM GP#2 PPGL,27.676,TSF093,HR,12-MAY-26 08:00:07
4000530084,4,1,738,738,F,HR_SPC,A,367,272.0,0.0,1520,7.0,THA016,284.67,202619,N,HA19,202621,17-MAY-26 00:00:00,,, ,B,HR_SPC,272.0,THA016,HR,12-MAY-26 08:00:07
9519593765,1,1,738,738,B,HR_DOM,B,367,34.0,0.0,1525,10.0,I17480,31.69,202614,N,SH35,202615,14-MAY-26 00:00:00,,, ,B,HR_DOM,34.0,I17480,HR,12-MAY-26 08:00:07
9519590099,1,1,738,738,O,HR_DOM,B,367,34.0,0.0,1500,6.0,I17480,33.08,202623,N,SH35,202624,03-JUN-26 00:00:00,,, ,I,HR_DOM,34.0,I17480,HR,12-MAY-26 08:00:07
9519584249,2,1,738,738,O,HR_DOM,P,367,30.0,0.0,1250,2.9,I17022,30.77,202623,N,HR07,202624,09-JUN-26 00:00:00,,, ,I,HR_DOM,30.0,I17022,HR,12-MAY-26 08:00:07
9519584305,1,1,738,738,O,HR_DOM,P,367,60.0,0.0,1250,2.9,I17022,61.54,202623,N,HR07,202624,09-JUN-26 00:00:00,,, ,I,HR_DOM,60.0,I17022,HR,12-MAY-26 08:00:07
9519557957,7,1,738,738,O,HR_DOM,A,367,204.0,179.34,1500,6.0,THA016,25.81,202617,N,HA19,202619,14-MAY-26 00:00:00,,, ,B,HR_DOM,204.0,THA016,HR,12-MAY-26 08:00:07
9519557957,12,1,738,738,O,HR_DOM,A,367,102.0,76.89,1500,9.0,A20002,28.3,202617,N,HA31,202619,14-MAY-26 00:00:00,,, ,B,HR_DOM,102.0,A20002,HR,12-MAY-26 08:00:07
9519589245,2,1,738,738,O,HR_DOM,A,367,170.0,0.0,1500,10.0,THG038,174.36,202621,N,HG38,202622,28-MAY-26 00:00:00,,, ,G,HR_DOM,170.0,THG038,HR,12-MAY-26 08:00:07
9519588893,31,1,738,738,O,HR_DOM,L,367,300.0,171.18,1250,3.2,TIP001,132.12,202623,N,HG34,202625,03-JUN-26 00:00:00,,, ,I,HR_DOM,300.0,TIP001,HR,12-MAY-26 08:00:07
4000534239,2,1,738,738,F,SCRM,I,367,275.841,251.98,1270,3.2,T01052,24.97,202614,N,SD88,202617,14-MAY-26 00:00:00,,, ,R,SCRM,275.841,T01052,HR,12-MAY-26 08:00:07
9519589846,3,1,738,738,O,HR_DOM,L,367,120.0,117.33,1250,4.0,TIP001,0.0,202617,N,HG34,202618,17-MAY-26 00:00:00,,,,B,HR_DOM,120.0,TIP001,HR,12-MAY-26 08:00:07
4000533726,2,1,738,738,F,HR_SPC,C,367,190.007,167.91,1500,10.0,THH010,22.66,202617,N,HH10,202618,14-MAY-26 00:00:00,,, ,B,HR_SPC,190.007,THH010,HR,12-MAY-26 08:00:07
4000534236,1,1,738,738,F,HR_DOM,C,367,90.0,49.49,1230,4.0,THB046,48.88,202618,N,HB46,202619,28-MAY-26 00:00:00,,,,Y,HR_DOM,90.0,THB046,HR,12-MAY-26 08:00:07
9519589846,1,1,738,738,O,HR_DOM,L,367,30.0,0.0,1250,2.0,THA058,30.77,202620,N,HA58,202622,26-MAY-26 00:00:00,,, ,R,HR_DOM,30.0,THA058,HR,12-MAY-26 08:00:07
9519589846,5,1,738,738,O,HR_DOM,L,367,255.28,230.01,1250,1.6,TIP001,27.12,202613,N,HG34,202615,14-MAY-26 00:00:00,,, ,B,HR_DOM,255.28,TIP001,HR,12-MAY-26 08:00:07
9519590044,4,1,738,744,O,ACRM GP#2 PPGL,L,B18,223.999,256.8,1235,2.0,TSF093,257.599,202620,N,SH93,202625,03-JUN-26 00:00:00,,, ,I,ACRM GP#2 PPGL,223.999,TSF093,HR,12-MAY-26 08:00:07
9519590044,1,1,738,744,O,ACRM GP#2 PPGL,L,B18,84.0,86.09,1235,2.0,TSF093,96.6,202620,N,SH93,202625,30-MAY-26 00:00:00,,, ,I,ACRM GP#2 PPGL,84.0,TSF093,HR,12-MAY-26 08:00:07
9519589846,13,1,738,738,O,HR_DOM,L,367,86.031,57.25,1500,5.8,I09508,29.89,202618,N,HG22,202620,18-MAY-26 00:00:00,,, ,B,HR_DOM,86.031,I09508,HR,12-MAY-26 08:00:07
9519573487,17,1,738,744,O,ACRM GP#2 PPGL,L,B18,168.0,171.67,1235,2.0,TSF093,193.2,202620,N,SH93,202624,29-MAY-26 00:00:00,,, ,I,ACRM GP#2 PPGL,168.0,TSF093,HR,12-MAY-26 08:00:07
9519589846,20,1,738,738,O,HR_DOM,L,367,102.0,64.58,1500,4.5,TIP001,38.38,202618,N,HG34,202620,18-MAY-26 00:00:00,,, ,B,HR_DOM,102.0,TIP001,HR,12-MAY-26 08:00:07
9519589846,22,1,738,738,O,HR_DOM,L,367,170.0,123.01,1500,4.3,TIP001,48.2,202618,N,HG34,202620,18-MAY-26 00:00:00,,, ,B,HR_DOM,170.0,TIP001,HR,12-MAY-26 08:00:07
9519589846,26,1,738,738,O,HR_DOM,L,367,204.0,198.33,1500,3.0,TIP001,0.0,202617,N,HG34,202619,16-MAY-26 00:00:00,,, ,B,HR_DOM,204.0,TIP001,HR,12-MAY-26 08:00:07
9519591510,10,1,738,738,O,HR_DOM,A,367,102.0,0.0,1500,12.0,UNB020,105.67,202623,N,UN20,202625,10-JUN-26 00:00:00,,, ,I,HR_DOM,102.0,UNB020,HR,12-MAY-26 08:00:07
4000534167,1,1,738,738,F,HR_DOM,L,367,32.0,0.0,1540,4.0,THB047,34.55,202613,N,HB47,202614,14-MAY-26 00:00:00,,,,B,HR_DOM,32.0,THB047,HR,12-MAY-26 08:00:07
4000534365,1,1,738,738,F,SCRM,I,367,112.0,86.35,1170,3.2,T01052,27.69,202614,N,SD88,202616,23-MAY-26 00:00:00,,,,R,SCRM,112.0,T01052,HR,12-MAY-26 08:00:07
9519592437,2,1,738,738,O,HR_DOM,R,367,30.0,0.0,1250,4.0,THU038,30.77,202623,N,HU38,202624,09-JUN-26 00:00:00,,, ,I,HR_DOM,30.0,THU038,HR,12-MAY-26 08:00:07
9519589846,37,1,738,738,O,HR_DOM,L,367,272.0,229.79,1500,2.5,TIP001,43.29,202617,N,HG34,202619,16-MAY-26 00:00:00,,, ,B,HR_DOM,272.0,TIP001,HR,12-MAY-26 08:00:07
9519553840,27,1,738,738,O,HR_DOM,A,367,102.0,0.0,1500,9.8,I17021,107.85,202623,N,HR08,202625,03-JUN-26 00:00:00,,, ,I,HR_DOM,102.0,I17021,HR,12-MAY-26 08:00:07
9519603193,10,1,738,738,O,HR_DOM,A,367,68.0,0.0,1500,11.8,I17021,71.9,202623,N,HR08,202625,03-JUN-26 00:00:00,,, ,I,HR_DOM,68.0,I17021,HR,12-MAY-26 08:00:07
9519590153,45,1,738,738,O,HR_DOM,L,367,204.0,28.9,1500,6.0,I09508,181.4,202623,N,HG22,202625,03-JUN-26 00:00:00,,, ,I,HR_DOM,204.0,I09508,HR,12-MAY-26 08:00:07
9519590153,51,1,738,738,O,HR_DOM,L,367,204.0,183.55,1500,8.0,I09508,21.19,202623,N,HG22,202625,03-JUN-26 00:00:00,,, ,I,HR_DOM,204.0,I09508,HR,12-MAY-26 08:00:07
9519590153,19,1,738,738,O,HR_DOM,L,367,180.0,0.0,1250,2.01,TIP001,184.62,202623,N,HG34,202625,03-JUN-26 00:00:00,,, ,I,HR_DOM,180.0,TIP001,HR,12-MAY-26 08:00:07
9519603193,12,1,738,738,O,HR_DOM,L,367,68.0,31.56,1500,2.01,TIP001,37.37,202616,N,HG34,202618,14-MAY-26 00:00:00,,,,B,HR_DOM,68.0,TIP001,HR,12-MAY-26 08:00:07
9519589775,2,1,738,738,O,HR_DOM,L,367,257.211,231.31,1250,2.0,TIP001,27.08,202617,N,HG34,202619,16-MAY-26 00:00:00,,, ,B,HR_DOM,257.211,TIP001,HR,12-MAY-26 08:00:07
9519568100,3,1,738,738,O,HR_DOM,A,367,64.0,47.53,1350,6.0,TIP006,17.06,202623,N,HG42,202624,02-JUN-26 00:00:00,,, ,I,HR_DOM,64.0,TIP006,HR,12-MAY-26 08:00:07
9519588893,10,1,738,738,O,HR_DOM,L,367,170.0,0.0,1500,1.8,T01576,176.12,202623,N,HG02,202625,10-JUN-26 00:00:00,,, ,I,HR_DOM,170.0,T01576,HR,12-MAY-26 08:00:07
9519590153,13,1,738,738,O,HR_DOM,A,367,136.0,0.0,1500,15.8,UNB020,140.9,202623,N,UN20,202625,10-JUN-26 00:00:00,,, ,I,HR_DOM,136.0,UNB020,HR,12-MAY-26 08:00:07
9519590153,27,1,738,738,O,HR_DOM,L,367,272.0,0.0,1500,2.5,TIP001,278.97,202623,N,HG34,202625,09-JUN-26 00:00:00,,, ,I,HR_DOM,272.0,TIP001,HR,12-MAY-26 08:00:07
9519590153,28,1,738,738,O,HR_DOM,L,367,272.0,0.0,1500,2.5,TIP001,278.97,202623,N,HG34,202625,09-JUN-26 00:00:00,,, ,I,HR_DOM,272.0,TIP001,HR,12-MAY-26 08:00:07
9519590153,39,1,738,738,O,HR_DOM,L,367,272.0,115.78,1500,5.5,I09508,161.84,202623,N,HG22,202625,03-JUN-26 00:00:00,,, ,I,HR_DOM,272.0,I09508,HR,12-MAY-26 08:00:07
9519588893,72,1,738,738,O,HR_DOM,A,367,102.0,0.0,1500,14.0,UNB020,105.67,202623,N,UN20,202625,10-JUN-26 00:00:00,,, ,I,HR_DOM,102.0,UNB020,HR,12-MAY-26 08:00:07
9519588893,74,1,738,738,O,HR_DOM,A,367,102.0,50.95,1500,15.0,UNB020,53.42,202623,N,UN20,202625,10-JUN-26 00:00:00,,, ,I,HR_DOM,102.0,UNB020,HR,12-MAY-26 08:00:07
9519606589,10,1,738,738,B,HR_DOM,L,368,35.0,0.0,1500,16.0,Q17022,28.27,202615,N,HD08,202617,14-MAY-26 00:00:00,,,,B,HR_DOM,35.0,Q17022,HR,12-MAY-26 08:00:07
9519590153,15,1,738,738,O,HR_DOM,L,367,120.0,0.0,1250,1.9,TIP001,123.08,202623,N,HG34,202625,03-JUN-26 00:00:00,,, ,I,HR_DOM,120.0,TIP001,HR,12-MAY-26 08:00:07
9519590153,43,1,738,738,O,HR_DOM,L,367,170.0,120.09,1500,5.9,I09508,51.71,202623,N,HG22,202625,03-JUN-26 00:00:00,,, ,I,HR_DOM,170.0,I09508,HR,12-MAY-26 08:00:07
9519606589,1,1,738,738,B,HR_DOM,L,691,30.0,22.28,1250,2.0,Q17022,0.0,202615,N,HD08,202617,15-MAY-26 00:00:00,,,,B,HR_DOM,30.0,Q17022,HR,12-MAY-26 08:00:07
9519602671,4,1,738,738,O,HR_DOM,A,367,170.0,32.24,1500,5.5,TIP006,142.72,202623,N,HG42,202625,10-JUN-26 00:00:00,,, ,I,HR_DOM,170.0,TIP006,HR,12-MAY-26 08:00:07
9519589762,10,1,738,738,O,HR_DOM,L,367,102.0,92.1,1500,3.2,TIP001,0.0,202617,N,HG34,202619,16-MAY-26 00:00:00,,, ,B,HR_DOM,102.0,TIP001,HR,12-MAY-26 08:00:07
9519589762,14,1,738,738,O,HR_DOM,L,367,102.0,94.17,1500,4.5,TIP001,0.0,202618,N,HG34,202620,20-MAY-26 00:00:00,,, ,B,HR_DOM,102.0,TIP001,HR,12-MAY-26 08:00:07
9519589762,16,1,738,738,O,HR_DOM,L,367,204.0,0.0,1500,2.5,TIP001,209.23,202618,N,HG34,202620,17-MAY-26 00:00:00,,, ,B,HR_DOM,204.0,TIP001,HR,12-MAY-26 08:00:07
9519589762,20,1,738,738,O,HR_DOM,L,367,272.0,0.0,1500,2.5,TIP001,278.97,202618,N,HG34,202620,18-MAY-26 00:00:00,,, ,B,HR_DOM,272.0,TIP001,HR,12-MAY-26 08:00:07
9519589762,21,1,738,738,O,HR_DOM,L,367,238.0,197.71,1500,2.5,TIP001,41.45,202618,N,HG34,202620,18-MAY-26 00:00:00,,, ,B,HR_DOM,238.0,TIP001,HR,12-MAY-26 08:00:07
9519588893,60,1,738,738,O,HR_DOM,L,367,120.0,70.54,1250,6.4,I09508,51.24,202623,N,HG22,202625,03-JUN-26 00:00:00,,, ,I,HR_DOM,120.0,I09508,HR,12-MAY-26 08:00:07
9519616452,5,1,738,738,O,HR_DOM,L,367,280.0,106.57,1460,2.2,I09497,179.73,202617,N,HG01,202618,15-MAY-26 00:00:00,,, ,B,HR_DOM,280.0,I09497,HR,12-MAY-26 08:00:07
9519616529,1,1,738,738,O,HR_DOM,A,367,272.0,0.0,1500,4.0,TIP006,281.79,202623,N,HG42,202625,10-JUN-26 00:00:00,,, ,I,HR_DOM,272.0,TIP006,HR,12-MAY-26 08:00:07
4000534520,1,1,738,738,T,HR_SPC,A,367,96.0,46.46,1360,7.0,TSM092,50.81,202623,N,TM92,202624,23-MAY-26 00:00:00,,, ,R,HR_SPC,96.0,TSM092,HR,12-MAY-26 08:00:07
4000534606,3,1,738,738,F,SCRM,I,367,300.0,110.08,1270,3.2,T01052,199.36,202615,N,SD88,202617,23-MAY-26 00:00:00,,,,R,SCRM,300.0,T01052,HR,12-MAY-26 08:00:07
4000534606,4,1,738,738,F,SCRM,I,367,56.0,0.0,1170,3.2,BSL002,58.61,202615,N,BS02,202617,27-MAY-26 00:00:00,,,,Y,SCRM,56.0,BSL002,HR,12-MAY-26 08:00:07
4000534606,5,1,738,738,F,SCRM,I,367,90.0,42.6,1230,3.2,T01052,65.86,202615,N,SD88,202617,23-MAY-26 00:00:00,,,,R,SCRM,90.0,T01052,HR,12-MAY-26 08:00:07
4000534608,2,1,738,738,F,HR_DOM,L,367,60.0,57.23,1250,1.6,TIP001,0.0,202613,N,HG34,202614,24-MAY-26 00:00:00,,,,R,HR_DOM,60.0,TIP001,HR,12-MAY-26 08:00:07
4000534604,1,1,738,738,F,SCRM,H,367,217.0,25.02,1300,3.2,BSL039,196.9,202615,N,BS39,202617,14-MAY-26 00:00:00,,,,B,SCRM,217.0,BSL039,HR,12-MAY-26 08:00:07
9519610564,1,1,738,738,O,HR_DOM,C,367,34.0,0.0,1500,6.0,THP007,34.87,202623,N,HP07,202624,03-JUN-26 00:00:00,,, ,I,HR_DOM,34.0,THP007,HR,12-MAY-26 08:00:07
9519608002,22,1,738,738,O,HR_DOM,L,367,238.0,215.69,1500,6.0,I09508,23.11,202613,N,HG22,202615,14-MAY-26 00:00:00,,, ,B,HR_DOM,238.0,I09508,HR,12-MAY-26 08:00:07
4000534602,1,1,738,738,F,HR_DOM,C,367,30.0,0.0,1230,4.0,THB046,36.2,202618,N,HB46,202620,28-MAY-26 00:00:00,,,,Y,HR_DOM,30.0,THB046,HR,12-MAY-26 08:00:07
9519613027,7,1,738,738,O,HR_DOM,A,367,34.0,0.0,1500,20.0,UNB020,35.22,202617,N,UN20,202618,15-MAY-26 00:00:00,,,,B,HR_DOM,34.0,UNB020,HR,12-MAY-26 08:00:07
9519589747,11,1,738,738,O,HR_DOM,L,367,188.921,157.81,1500,3.0,TIP001,31.91,202617,N,HG34,202619,16-MAY-26 00:00:00,,, ,B,HR_DOM,188.921,TIP001,HR,12-MAY-26 08:00:07
9519587822,1,1,738,738,O,HR_DOM,L,367,210.0,0.0,1250,1.6,I09497,217.55,202620,N,HG01,202621,14-MAY-26 00:00:00,,, ,B,HR_DOM,210.0,I09497,HR,12-MAY-26 08:00:07
9519528897,6,1,738,742,F,ACRM CRCA TLL,S,C01,297.0,341.52,1180,2.25,BSL074,341.55,202616,N,BS74,202621,16-MAY-26 00:00:00,,, ,B,ACRM CRCA TLL,297.0,BSL074,HR,12-MAY-26 08:00:07
4000533511,8,1,738,738,F,SCRM,L,367,180.0,143.23,1235,2.0,THO066,37.71,202618,N,HO66,202620,16-MAY-26 00:00:00,,, ,B,SCRM,180.0,THO066,HR,12-MAY-26 08:00:07
4000534731,2,1,738,738,T,HR_DOM,A,367,128.0,97.065,1320,5.7,TSM032,32.5,202623,N,TM32,202624,03-JUN-26 00:00:00,,, ,I,HR_DOM,128.0,TSM032,HR,12-MAY-26 08:00:07
9519608949,2,1,738,738,O,HR_DOM,L,367,272.0,226.68,1600,2.5,I09497,46.95,202617,N,HG01,202618,15-MAY-26 00:00:00,,,,B,HR_DOM,272.0,I09497,HR,12-MAY-26 08:00:07
4000532473,3,1,738,738,F,HR_DOM,A,367,120.0,0.0,1250,3.0,I17020,133.78,202623,N,HR05,202625,02-JUN-26 00:00:00,,, ,I,HR_DOM,120.0,I17020,HR,12-MAY-26 08:00:07
9519504941,1,1,738,738,O,HR_DOM,M,367,120.0,0.0,1250,3.0,THU012,123.08,202623,N,HU12,202624,10-JUN-26 00:00:00,,, ,I,HR_DOM,120.0,THU012,HR,12-MAY-26 08:00:07
9519608949,4,1,738,738,O,HR_DOM,L,367,238.0,166.65,1600,2.5,I09497,73.92,202617,N,HG01,202618,15-MAY-26 00:00:00,,,,B,HR_DOM,238.0,I09497,HR,12-MAY-26 08:00:07
9519608947,1,1,738,738,O,HR_DOM,L,367,272.0,249.635,1600,2.5,I09497,27.8,202617,N,HG01,202618,14-MAY-26 00:00:00,,,,B,HR_DOM,272.0,I09497,HR,12-MAY-26 08:00:07
9519608947,4,1,738,738,O,HR_DOM,L,367,238.0,204.55,1600,2.5,I09497,31.14,202617,N,HG01,202618,14-MAY-26 00:00:00,,,,B,HR_DOM,238.0,I09497,HR,12-MAY-26 08:00:07
9519557217,3,1,738,738,O,HR_DOM,P,367,120.0,0.0,1250,4.0,BSL086,124.32,202623,N,BS86,202624,02-JUN-26 00:00:00,,, ,I,HR_DOM,120.0,BSL086,HR,12-MAY-26 08:00:07
9519593941,4,1,738,738,O,HR_DOM,L,367,34.0,0.0,1500,3.8,THA058,34.87,202620,N,HA58,202622,26-MAY-26 00:00:00,,, ,R,HR_DOM,34.0,THA058,HR,12-MAY-26 08:00:07
9519593941,1,1,738,738,O,HR_DOM,L,367,34.0,0.0,1500,3.0,THA058,34.87,202620,N,HA58,202622,26-MAY-26 00:00:00,,, ,R,HR_DOM,34.0,THA058,HR,12-MAY-26 08:00:07
9519593941,2,1,738,738,O,HR_DOM,L,367,34.0,0.0,1500,2.5,THA058,34.87,202620,N,HA58,202622,26-MAY-26 00:00:00,,, ,R,HR_DOM,34.0,THA058,HR,12-MAY-26 08:00:07
9519593941,3,1,738,738,O,HR_DOM,L,367,34.0,0.0,1500,3.2,THA058,34.87,202620,N,HA58,202622,26-MAY-26 00:00:00,,, ,R,HR_DOM,34.0,THA058,HR,12-MAY-26 08:00:07
9519589762,6,1,738,738,O,HR_DOM,L,367,102.0,90.36,1500,5.0,I09508,12.06,202618,N,HG22,202620,18-MAY-26 00:00:00,,, ,B,HR_DOM,102.0,I09508,HR,12-MAY-26 08:00:07
9519632661,1,1,738,742,O,ACRM CRCA TLL,S,C01,297.0,303.52,1180,2.25,BSL074,341.55,202615,N,BS74,202620,15-MAY-26 00:00:00,,, ,B,ACRM CRCA TLL,297.0,BSL074,HR,12-MAY-26 08:00:07
60968035,2,1,738,738,B,TUBE,S,367,34.0,0.0,1580,4.9,THG051,34.87,202620,N,HG51,202621,03-JUN-26 00:00:00,,,,R,TUBE,34.0,THG051,HR,12-MAY-26 08:00:07
9519619283,1,1,738,738,O,HR_DOM,L,367,120.0,28.61,1270,2.5,THO066,93.73,202623,N,HO66,202625,03-JUN-26 00:00:00,,, ,I,HR_DOM,120.0,THO066,HR,12-MAY-26 08:00:07
9519632432,4,1,738,738,O,HR_DOM,L,367,272.0,249.23,1500,10.0,I09508,30.82,202614,N,HG22,202616,14-MAY-26 00:00:00,,, ,B,HR_DOM,272.0,I09508,HR,12-MAY-26 08:00:07
9519588893,13,1,738,738,O,HR_DOM,L,367,120.0,0.0,1250,1.9,T01576,124.32,202623,N,HG02,202625,03-JUN-26 00:00:00,,, ,I,HR_DOM,120.0,T01576,HR,12-MAY-26 08:00:07
9519590153,16,1,738,738,O,HR_DOM,L,367,150.0,0.0,1250,2.0,TIP001,153.85,202623,N,HG34,202625,03-JUN-26 00:00:00,,, ,I,HR_DOM,150.0,TIP001,HR,12-MAY-26 08:00:07
60967974,4,1,738,738,B,TUBE,L,367,34.0,0.0,1540,4.9,T01576,35.22,202620,N,HG02,202621,03-JUN-26 00:00:00,,,,R,TUBE,34.0,T01576,HR,12-MAY-26 08:00:07
60967974,5,1,738,738,B,TUBE,L,367,34.0,0.0,1410,4.6,T01576,35.22,202620,N,HG02,202621,03-JUN-26 00:00:00,,,,R,TUBE,34.0,T01576,HR,12-MAY-26 08:00:07
9519580274,1,1,738,742,O,ACRM CRCA CRS,L,C01,20.201,0.0,1025,2.0,TSH067,26.45,202617,N,SH67,202622,18-MAY-26 00:00:00,,, ,B,ACRM CRCA CRS,20.201,TSH067,HR,12-MAY-26 08:00:07
9519632448,3,1,738,738,O,HR_DOM,L,367,272.0,229.92,1500,2.5,T01576,44.37,202617,N,HG02,202618,15-MAY-26 00:00:00,,,,B,HR_DOM,272.0,T01576,HR,12-MAY-26 08:00:07
60967974,7,1,738,738,B,TUBE,L,367,30.0,0.0,1250,3.8,TIP001,30.77,202620,N,HG34,202621,03-JUN-26 00:00:00,,, ,R,TUBE,30.0,TIP001,HR,12-MAY-26 08:00:07
60967974,9,1,738,738,B,TUBE,L,367,34.0,0.0,1650,3.2,S02149,32.24,202620,N,SF93,202621,03-JUN-26 00:00:00,,, ,R,TUBE,34.0,S02149,HR,12-MAY-26 08:00:07
60967975,1,1,738,738,B,TUBE,L,367,34.0,0.0,1640,4.0,BSL011,34.87,202620,N,BS11,202621,03-JUN-26 00:00:00,,,,R,TUBE,34.0,BSL011,HR,12-MAY-26 08:00:07
60967975,5,1,738,738,B,TUBE,A,367,34.0,0.0,1500,4.1,I17020,37.9,202620,N,HR05,202621,03-JUN-26 00:00:00,,,,R,TUBE,34.0,I17020,HR,12-MAY-26 08:00:07
60967975,4,1,738,738,B,TUBE,A,367,124.0,0.0,1300,7.5,CPD006,135.3,202620,N,CP06,202621,03-JUN-26 00:00:00,,,,R,TUBE,124.0,CPD006,HR,12-MAY-26 08:00:07
9519580274,3,1,738,742,O,ACRM CRCA CRS,L,C01,19.621,0.0,1025,2.0,TSH067,26.45,202617,N,SH67,202622,18-MAY-26 00:00:00,,, ,B,ACRM CRCA CRS,19.621,TSH067,HR,12-MAY-26 08:00:07
9519632448,14,1,738,738,O,HR_DOM,L,367,102.0,68.53,1500,5.0,T01576,34.74,202616,N,HG02,202617,14-MAY-26 00:00:00,,,,B,HR_DOM,102.0,T01576,HR,12-MAY-26 08:00:07
4000534819,1,1,738,738,F,HR_DOM,C,367,30.0,0.0,1230,4.0,THB046,36.2,202619,N,HB46,202620,28-MAY-26 00:00:00,,,,Y,HR_DOM,30.0,THB046,HR,12-MAY-26 08:00:07
4000534821,3,1,738,738,F,SCRM,L,367,31.0,24.65,1290,2.8,THA023,14.46,202614,N,HA10,202615,23-MAY-26 00:00:00,,,,R,SCRM,31.0,THA023,HR,12-MAY-26 08:00:07
4000534872,3,1,738,738,F,SCRM,I,367,168.0,0.0,1170,3.2,BSL002,175.82,202616,N,BS02,202618,27-MAY-26 00:00:00,,,,Y,SCRM,168.0,BSL002,HR,12-MAY-26 08:00:07
4000534693,1,1,738,738,T,ACRM,A,367,210.0,57.61,1235,2.0,TSM007,195.37,202616,N,TM07,202617,14-MAY-26 00:00:00,,,,B,ACRM,210.0,TSM007,HR,12-MAY-26 08:00:07
4000534693,2,1,738,738,T,ACRM,A,367,150.0,57.98,1235,2.25,TSM007,117.97,202616,N,TM07,202617,14-MAY-26 00:00:00,,,,B,ACRM,150.0,TSM007,HR,12-MAY-26 08:00:07
4000534693,3,1,738,738,T,ACRM,A,367,150.0,0.0,1235,2.0,TSM007,192.31,202616,N,TM07,202617,14-MAY-26 00:00:00,,,,B,ACRM,150.0,TSM007,HR,12-MAY-26 08:00:07
4000534922,7,1,738,738,F,HR_DOM,C,368,60.001,59.73,1500,10.0,THH010,23.62,202617,N,HH10,202620,15-MAY-26 00:00:00,,, ,B,HR_DOM,60.001,THH010,HR,12-MAY-26 08:00:07
4000534771,1,1,738,738,F,HR_DOM,C,368,71.007,97.38,1500,8.0,THH010,24.28,202617,N,HH10,202620,15-MAY-26 00:00:00,,, ,B,HR_DOM,71.007,THH010,HR,12-MAY-26 08:00:07
9519609444,13,1,738,743,O,ACRM GP#3 WIDER SOFT,L,C02,28.0,24.9,1235,2.0,T01576,32.2,202619,N,HG02,202623,03-JUN-26 00:00:00,,, ,I,ACRM GP#3 WIDER SOFT,28.0,T01576,HR,12-MAY-26 08:00:07
9519608002,3,1,738,738,O,HR_DOM,L,367,210.0,143.74,1250,2.0,TIP001,67.96,202623,N,HG34,202625,03-JUN-26 00:00:00,,, ,I,HR_DOM,210.0,TIP001,HR,12-MAY-26 08:00:07
9519608002,8,1,738,738,O,HR_DOM,L,367,210.0,0.0,1250,2.5,TIP001,215.39,202623,N,HG34,202625,03-JUN-26 00:00:00,,, ,I,HR_DOM,210.0,TIP001,HR,12-MAY-26 08:00:07
9519608002,10,1,738,738,O,HR_DOM,L,367,150.0,0.0,1250,2.9,TIP001,153.85,202623,N,HG34,202625,03-JUN-26 00:00:00,,, ,I,HR_DOM,150.0,TIP001,HR,12-MAY-26 08:00:07
4000534882,2,1,738,738,F,SCRM_SPC_SLIT,L,367,279.0,257.29,1300,2.0,T01576,22.49,202613,N,HG02,202614,14-MAY-26 00:00:00,,,,B,SCRM_SPC_SLIT,279.0,T01576,HR,12-MAY-26 08:00:07
4000534771,4,1,738,738,F,HR_DOM,C,368,70.007,63.52,1500,10.0,THH010,41.12,202617,N,HH10,202620,15-MAY-26 00:00:00,,, ,B,HR_DOM,70.007,THH010,HR,12-MAY-26 08:00:07
60968036,2,1,738,738,B,TUBE,C,367,48.0,0.0,1000,9.4,THO015,49.23,202620,N,HO15,202621,03-JUN-26 00:00:00,,,,R,TUBE,48.0,THO015,HR,12-MAY-26 08:00:07
60968036,3,1,738,738,B,TUBE,A,367,170.0,0.0,1560,6.35,I17021,179.75,202620,N,HR08,202621,03-JUN-26 00:00:00,,,,R,TUBE,170.0,I17021,HR,12-MAY-26 08:00:07
60968036,4,1,738,738,B,TUBE,A,367,170.0,0.0,1560,6.35,I17021,179.75,202620,N,HR08,202621,03-JUN-26 00:00:00,,,,R,TUBE,170.0,I17021,HR,12-MAY-26 08:00:07
60968036,5,1,738,738,B,TUBE,A,367,31.0,0.0,1300,7.5,CPD003,31.8,202620,N,CP03,202621,03-JUN-26 00:00:00,,,,R,TUBE,31.0,CPD003,HR,12-MAY-26 08:00:07
9519632319,1,1,738,743,F,ACRM GP#3 WIDER HARD,L,C05,216.99,0.0,1365,1.8,S02149,249.539,202620,N,SF93,202623,03-JUN-26 00:00:00,,, ,I,ACRM GP#3 WIDER HARD,216.99,S02149,HR,12-MAY-26 08:00:07
9519632319,2,1,738,743,F,ACRM GP#3 WIDER HARD,L,C05,216.99,0.0,1365,1.8,S02149,249.539,202619,N,SF93,202622,26-MAY-26 00:00:00,,, ,R,ACRM GP#3 WIDER HARD,216.99,S02149,HR,12-MAY-26 08:00:07
9519632487,1,1,738,743,F,ACRM GP#3 WIDER HARD,L,C05,216.99,0.0,1365,2.25,S02149,249.539,202619,N,SF93,202622,24-MAY-26 00:00:00,,, ,R,ACRM GP#3 WIDER HARD,216.99,S02149,HR,12-MAY-26 08:00:07
9519632487,2,1,738,743,F,ACRM GP#3 WIDER HARD,L,C05,216.99,0.0,1365,2.25,S02149,249.539,202619,N,SF93,202622,24-MAY-26 00:00:00,,, ,R,ACRM GP#3 WIDER HARD,216.99,S02149,HR,12-MAY-26 08:00:07
9519632487,3,1,738,743,F,ACRM GP#3 WIDER HARD,L,C05,216.99,0.0,1365,2.5,S02149,249.539,202619,N,SF93,202622,23-MAY-26 00:00:00,,, ,R,ACRM GP#3 WIDER HARD,216.99,S02149,HR,12-MAY-26 08:00:07
4000534946,1,1,738,738,T,HR_SPC,A,367,150.0,0.0,1270,3.5,TSM032,153.85,202616,N,TM32,202617,14-MAY-26 00:00:00,,, ,B,HR_SPC,150.0,TSM032,HR,12-MAY-26 08:00:07
4000534882,6,1,738,738,F,SCRM_SPC_SLIT,L,367,279.0,258.4,1300,2.5,T01576,21.3,202613,N,HG02,202614,14-MAY-26 00:00:00,,,,B,SCRM_SPC_SLIT,279.0,T01576,HR,12-MAY-26 08:00:07
4000534882,8,1,738,738,F,SCRM_SPC_SLIT,L,367,279.0,258.84,1300,2.8,T01576,20.89,202613,N,HG02,202614,14-MAY-26 00:00:00,,,,B,SCRM_SPC_SLIT,279.0,T01576,HR,12-MAY-26 08:00:07
4000534946,5,1,738,738,T,HR_SPC,A,367,102.0,0.0,1420,3.7,TSM032,104.62,202616,N,TM32,202617,14-MAY-26 00:00:00,,,,B,HR_SPC,102.0,TSM032,HR,12-MAY-26 08:00:07
4000534946,4,1,738,738,T,HR_SPC,A,367,198.0,0.0,1400,3.5,TSM032,203.08,202616,N,TM32,202617,14-MAY-26 00:00:00,,,,B,HR_SPC,198.0,TSM032,HR,12-MAY-26 08:00:07
9519608798,2,1,738,742,F,ACRM CRCA SPM,L,C01,300.0,197.83,1250,2.8,T01069,200.1,202614,N,SH69,202619,14-MAY-26 00:00:00,,, ,B,ACRM CRCA SPM,300.0,T01069,HR,12-MAY-26 08:00:07
4000535032,2,1,738,742,F,ACRM HRPO,A,768,58.0,22.28,1255,2.0,THR099,66.7,202615,N,HR99,202618,14-MAY-26 00:00:00,,, ,B,ACRM HRPO,58.0,THR099,HR,12-MAY-26 08:00:07
9519630753,7,1,738,738,O,HR_DOM,A,367,34.0,0.0,1500,8.0,THG038,34.87,202623,N,HG38,202625,03-JUN-26 00:00:00,,, ,I,HR_DOM,34.0,THG038,HR,12-MAY-26 08:00:07
9519630753,8,1,738,738,O,HR_DOM,A,367,102.0,0.0,1500,9.8,I17021,107.85,202623,N,HR08,202625,03-JUN-26 00:00:00,,, ,I,HR_DOM,102.0,I17021,HR,12-MAY-26 08:00:07
9519625686,2,1,738,742,O,ACRM CRCA CRS,L,C01,52.0,0.0,1135,2.5,T01320,59.8,202615,N,SH08,202620,15-MAY-26 00:00:00,,, ,B,ACRM CRCA CRS,52.0,T01320,HR,12-MAY-26 08:00:07
9519625686,3,1,738,742,O,ACRM CRCA CRS,L,C01,52.0,0.0,1135,2.8,T01320,59.8,202614,N,SH08,202619,14-MAY-26 00:00:00,,, ,B,ACRM CRCA CRS,52.0,T01320,HR,12-MAY-26 08:00:07
9519619090,2,1,738,744,O,ACRM GP#2 PPGL,L,B18,21.026,0.0,1235,2.5,S02149,32.2,202620,N,SF93,202624,03-JUN-26 00:00:00,,, ,I,ACRM GP#2 PPGL,21.026,S02149,HR,12-MAY-26 08:00:07
4000535675,15,1,738,738,F,SCRM_SPC_SLIT,L,367,272.0,196.59,1550,2.2,T01576,78.13,202617,N,HG02,202619,16-MAY-26 00:00:00,,, ,B,SCRM_SPC_SLIT,272.0,T01576,HR,12-MAY-26 08:00:07
9519629120,1,1,738,738,O,HR_DOM,L,367,34.0,0.0,1500,3.8,THB001,34.87,202623,N,HR01,202625,09-JUN-26 00:00:00,,, ,I,HR_DOM,34.0,THB001,HR,12-MAY-26 08:00:07
9519634597,5,1,738,744,O,ACRM GP#2 PPGL,L,B18,28.0,28.58,1235,2.0,TSF093,32.2,202619,N,SH93,202622,20-MAY-26 00:00:00,,, ,B,ACRM GP#2 PPGL,28.0,TSF093,HR,12-MAY-26 08:00:07
9519634597,6,1,738,744,O,ACRM GP#2 PPGL,L,B18,56.0,56.71,1235,2.0,TSF093,64.4,202619,N,SH93,202622,22-MAY-26 00:00:00,,, ,B,ACRM GP#2 PPGL,56.0,TSF093,HR,12-MAY-26 08:00:07
9519634597,8,1,738,744,O,ACRM GP#2 PPGL,L,B18,223.999,256.74,1235,2.0,TSF093,257.6,202619,N,SH93,202622,20-MAY-26 00:00:00,,, ,B,ACRM GP#2 PPGL,223.999,TSF093,HR,12-MAY-26 08:00:07
9519634597,9,1,738,744,O,ACRM GP#2 PPGL,L,B18,168.0,171.22,1235,2.0,TSF093,193.2,202619,N,SH93,202622,20-MAY-26 00:00:00,,, ,B,ACRM GP#2 PPGL,168.0,TSF093,HR,12-MAY-26 08:00:07
9519634597,11,1,738,744,O,ACRM GP#2 PPGL,L,B18,280.0,285.26,1235,2.0,TSF093,322.0,202620,N,SH93,202624,30-MAY-26 00:00:00,,, ,I,ACRM GP#2 PPGL,280.0,TSF093,HR,12-MAY-26 08:00:07
9519634597,12,1,738,744,O,ACRM GP#2 PPGL,L,B18,28.0,0.0,1235,2.0,S02149,32.2,202619,N,SF93,202622,22-MAY-26 00:00:00,,, ,B,ACRM GP#2 PPGL,28.0,S02149,HR,12-MAY-26 08:00:07
9519634597,13,1,738,744,O,ACRM GP#2 PPGL,L,B18,280.0,283.6,1235,2.0,TSF093,322.0,202620,N,SH93,202624,30-MAY-26 00:00:00,,, ,I,ACRM GP#2 PPGL,280.0,TSF093,HR,12-MAY-26 08:00:07
4000535972,8,1,738,738,F,SCRM,C,367,270.0,245.77,1260,3.2,T01595,24.23,202618,N,SH39,202620,13-MAY-26 00:00:00,,,,B,SCRM,270.0,T01595,HR,12-MAY-26 08:00:07
4000535441,1,1,738,738,F,SCRM,L,367,150.0,114.02,1265,2.2,S02016,37.28,202617,N,SH57,202619,16-MAY-26 00:00:00,,, ,B,SCRM,150.0,S02016,HR,12-MAY-26 08:00:07
4000535676,5,1,738,738,F,SCRM_SPC_SLIT,L,367,272.0,197.83,1550,2.0,T01576,76.9,202618,N,HG02,202620,18-MAY-26 00:00:00,,, ,B,SCRM_SPC_SLIT,272.0,T01576,HR,12-MAY-26 08:00:07
4000535676,6,1,738,738,F,SCRM_SPC_SLIT,L,367,272.0,196.84,1550,2.0,T01576,77.91,202618,N,HG02,202620,18-MAY-26 00:00:00,,, ,B,SCRM_SPC_SLIT,272.0,T01576,HR,12-MAY-26 08:00:07
4000535676,7,1,738,738,F,SCRM_SPC_SLIT,L,367,272.0,95.36,1550,2.2,T01576,183.09,202618,N,HG02,202620,17-MAY-26 00:00:00,,, ,B,SCRM_SPC_SLIT,272.0,T01576,HR,12-MAY-26 08:00:07
4000535676,8,1,738,738,F,SCRM_SPC_SLIT,L,367,272.0,197.38,1550,2.2,T01576,78.49,202618,N,HG02,202620,18-MAY-26 00:00:00,,, ,B,SCRM_SPC_SLIT,272.0,T01576,HR,12-MAY-26 08:00:07
9519629086,1,1,738,738,O,HR_DOM,A,367,136.0,0.0,1500,9.8,I17021,143.8,202623,N,HR08,202625,02-JUN-26 00:00:00,,, ,I,HR_DOM,136.0,I17021,HR,12-MAY-26 08:00:07
9519629086,2,1,738,738,O,HR_DOM,A,367,136.0,0.0,1500,11.8,I17021,143.8,202623,N,HR08,202625,01-JUN-26 00:00:00,,, ,I,HR_DOM,136.0,I17021,HR,12-MAY-26 08:00:07
9519629086,9,1,738,738,O,HR_DOM,A,367,68.0,0.0,1500,11.5,I17021,71.9,202623,N,HR08,202625,03-JUN-26 00:00:00,,, ,I,HR_DOM,68.0,I17021,HR,12-MAY-26 08:00:07
9519623535,1,1,738,742,O,ACRM CRCA CRS,L,C01,57.99,57.18,1270,2.0,T01320,66.7,202615,N,SH08,202621,16-MAY-26 00:00:00,,, ,B,ACRM CRCA CRS,57.99,T01320,HR,12-MAY-26 08:00:07
9519644237,1,1,738,738,B,HR_DOM,I,367,30.0,0.0,1260,6.0,BSL001,28.91,202615,N,BS01,202616,14-MAY-26 00:00:00,,,,B,HR_DOM,30.0,BSL001,HR,12-MAY-26 08:00:07
9519634597,14,1,738,744,O,ACRM GP#2 PPGL,L,B18,112.0,0.0,1235,2.0,S02149,128.8,202620,N,SF93,202624,30-MAY-26 00:00:00,,, ,I,ACRM GP#2 PPGL,112.0,S02149,HR,12-MAY-26 08:00:07
9519625024,1,1,738,743,O,ACRM GP#2 BGL,L,B04,196.0,229.41,1235,2.2,TSF093,225.4,202620,N,SH93,202625,03-JUN-26 00:00:00,,, ,I,ACRM GP#2 BGL,196.0,TSF093,HR,12-MAY-26 08:00:07
4000535676,14,1,738,738,F,SCRM_SPC_SLIT,L,367,272.0,192.53,1550,2.8,T01576,82.33,202618,N,HG02,202620,18-MAY-26 00:00:00,,, ,B,SCRM_SPC_SLIT,272.0,T01576,HR,12-MAY-26 08:00:07
4000535973,3,1,738,738,F,SCRM,L,367,120.0,57.89,1265,2.8,T01604,63.7,202617,N,TU23,202619,16-MAY-26 00:00:00,,, ,B,SCRM,120.0,T01604,HR,12-MAY-26 08:00:07
4000534446,1,1,738,738,F,SCRM,I,367,272.0,136.89,1680,3.2,T01052,142.05,202616,N,SD88,202619,14-MAY-26 00:00:00,,, ,B,SCRM,272.0,T01052,HR,12-MAY-26 08:00:07
9519627665,2,1,738,742,F,ACRM CRCA SPM,P,C01,264.486,284.85,1250,4.0,TSH070,333.5,202610,N,SH70,202615,14-MAY-26 00:00:00,,, ,B,ACRM CRCA SPM,264.486,TSH070,HR,12-MAY-26 08:00:07
9519631511,1,1,738,744,O,ACRM GP#2 PPGL,L,B18,24.806,0.0,1235,2.5,S02149,32.2,202618,N,SF93,202622,21-MAY-26 00:00:00,,, ,B,ACRM GP#2 PPGL,24.806,S02149,HR,12-MAY-26 08:00:07
4000535722,3,1,738,738,F,SCRM,I,367,30.0,0.0,1270,3.2,T01052,31.4,202616,N,SD88,202618,14-MAY-26 00:00:00,,,,R,SCRM,30.0,T01052,HR,12-MAY-26 08:00:07
9519634602,1,1,738,743,O,ACRM GP#2 BGL,L,B04,56.0,28.78,1235,2.2,S02149,64.4,202620,N,SF93,202624,03-JUN-26 00:00:00,,, ,I,ACRM GP#2 BGL,56.0,S02149,HR,12-MAY-26 08:00:07
9519618657,11,1,738,738,O,HR_DOM,A,367,136.0,57.14,1500,20.0,UNB020,81.96,202615,N,UN20,202616,14-MAY-26 00:00:00,,,,B,HR_DOM,136.0,UNB020,HR,12-MAY-26 08:00:07
9519626495,1,1,738,738,O,HR_DOM,A,367,58.0,25.31,1500,6.9,THA016,34.21,202617,N,HA19,202619,14-MAY-26 00:00:00,,, ,B,HR_DOM,58.0,THA016,HR,12-MAY-26 08:00:07
9519647561,4,1,738,742,O,ACRM CRCA SPM,L,C01,145.0,0.0,1250,4.0,T01320,166.75,202616,N,SH08,202621,16-MAY-26 00:00:00,,, ,B,ACRM CRCA SPM,145.0,T01320,HR,12-MAY-26 08:00:07
9519645941,1,1,738,744,O,ACRM GP#2 PPGL,L,B18,84.0,85.7,1235,2.0,TSF093,96.6,202620,N,SH93,202624,03-JUN-26 00:00:00,,, ,I,ACRM GP#2 PPGL,84.0,TSF093,HR,12-MAY-26 08:00:07
9519645941,2,1,738,744,O,ACRM GP#2 PPGL,L,B18,56.0,57.35,1235,2.0,TSF093,64.4,202620,N,SH93,202624,03-JUN-26 00:00:00,,, ,I,ACRM GP#2 PPGL,56.0,TSF093,HR,12-MAY-26 08:00:07
9519640316,1,1,738,744,O,ACRM GP#2 PPGL,L,B18,112.0,114.05,1235,2.0,TSF093,128.8,202620,N,SH93,202624,03-JUN-26 00:00:00,,, ,I,ACRM GP#2 PPGL,112.0,TSF093,HR,12-MAY-26 08:00:07
9519641448,14,1,738,742,F,ACRM FHCR,L,C09,195.998,221.05,1235,2.5,T01576,225.4,202618,N,HG02,202621,21-MAY-26 00:00:00,,, ,B,ACRM FHCR,195.998,T01576,HR,12-MAY-26 08:00:07
9519640316,7,1,738,744,O,ACRM GP#2 PPGL,L,B18,84.0,86.11,1235,2.0,TSF093,96.6,202620,N,SH93,202624,03-JUN-26 00:00:00,,, ,I,ACRM GP#2 PPGL,84.0,TSF093,HR,12-MAY-26 08:00:07
9519646734,1,1,738,738,O,HR_DOM,P,367,120.0,20.48,1250,6.0,BSL086,103.1,202623,N,BS86,202624,09-JUN-26 00:00:00,,, ,I,HR_DOM,120.0,BSL086,HR,12-MAY-26 08:00:07
9519642171,1,1,738,742,F,ACRM FHCR,L,C09,195.998,219.54,1235,2.0,T01576,225.4,202618,N,HG02,202621,19-MAY-26 00:00:00,,, ,B,ACRM FHCR,195.998,T01576,HR,12-MAY-26 08:00:07
9519631510,1,1,738,744,O,ACRM GP#2 PPGL,L,B18,28.0,28.69,1235,2.0,TSF093,32.2,202619,N,SH93,202622,22-MAY-26 00:00:00,,, ,B,ACRM GP#2 PPGL,28.0,TSF093,HR,12-MAY-26 08:00:07
9519631510,2,1,738,744,O,ACRM GP#2 PPGL,L,B18,280.0,312.11,1235,2.0,TSF093,322.0,202619,N,SH93,202622,20-MAY-26 00:00:00,,, ,B,ACRM GP#2 PPGL,280.0,TSF093,HR,12-MAY-26 08:00:07
9519642570,7,1,738,738,B,HR_DOM,L,367,68.0,0.0,1500,6.0,Q17022,69.74,202617,N,HD08,202618,16-MAY-26 00:00:00,,,,B,HR_DOM,68.0,Q17022,HR,12-MAY-26 08:00:07
9519641448,9,1,738,742,F,ACRM FHCR,L,C09,143.998,0.0,1025,2.5,T01576,165.6,202618,N,HG02,202621,18-MAY-26 00:00:00,,, ,B,ACRM FHCR,143.998,T01576,HR,12-MAY-26 08:00:07
9519641448,10,1,738,742,F,ACRM FHCR,L,C09,263.979,0.0,1025,2.5,T01576,303.6,202613,N,HG02,202618,14-MAY-26 00:00:00,,, ,B,ACRM FHCR,263.979,T01576,HR,12-MAY-26 08:00:07
4000535574,3,1,738,738,F,HR_DOM,L,367,60.0,28.71,1250,2.0,TIP001,32.09,202614,N,HG34,202615,14-MAY-26 00:00:00,,,,B,HR_DOM,60.0,TIP001,HR,12-MAY-26 08:00:07
4000535556,2,1,738,738,F,HR_DOM,L,367,64.0,0.0,1540,3.5,THB047,69.1,202614,N,HB47,202616,14-MAY-26 00:00:00,,,,B,HR_DOM,64.0,THB047,HR,12-MAY-26 08:00:07
9519616324,3,1,738,742,F,ACRM CRCA TLL,S,C01,297.0,304.71,1180,2.25,BSL074,341.55,202613,N,BS74,202618,14-MAY-26 00:00:00,,, ,B,ACRM CRCA TLL,297.0,BSL074,HR,12-MAY-26 08:00:07
9519616324,4,1,738,742,F,ACRM CRCA TLL,S,C01,297.0,304.39,1180,2.25,BSL074,341.55,202613,N,BS74,202618,14-MAY-26 00:00:00,,, ,B,ACRM CRCA TLL,297.0,BSL074,HR,12-MAY-26 08:00:07
9519616324,6,1,738,742,F,ACRM CRCA TLL,S,C01,270.0,276.79,1180,2.25,BSL074,310.5,202615,N,BS74,202620,15-MAY-26 00:00:00,,, ,B,ACRM CRCA TLL,270.0,BSL074,HR,12-MAY-26 08:00:07
4000535716,5,1,738,738,F,TUBE,P,367,60.0,0.0,1250,4.85,BSL099,62.79,202619,N,BS99,202620,18-MAY-26 00:00:00,,,,B,TUBE,60.0,BSL099,HR,12-MAY-26 08:00:07
9519602671,1,1,738,738,O,HR_DOM,A,367,204.0,62.45,1500,3.2,TIP006,146.65,202623,N,HG42,202625,10-JUN-26 00:00:00,,, ,I,HR_DOM,204.0,TIP006,HR,12-MAY-26 08:00:07
9519619120,1,1,738,738,O,HR_DOM,L,367,66.0,0.0,1365,2.5,TIP001,67.69,202616,N,HG34,202618,14-MAY-26 00:00:00,,,,B,HR_DOM,66.0,TIP001,HR,12-MAY-26 08:00:07
9519643041,6,1,738,738,O,HR_DOM,L,367,60.0,0.0,1250,2.7,TIP001,61.54,202623,N,HG34,202624,27-MAY-26 00:00:00,,, ,I,HR_DOM,60.0,TIP001,HR,12-MAY-26 08:00:07
9519643041,1,1,738,738,O,HR_DOM,L,367,58.0,0.0,1225,2.0,TIP001,59.49,202618,N,HG34,202619,17-MAY-26 00:00:00,,,,B,HR_DOM,58.0,TIP001,HR,12-MAY-26 08:00:07
9519643041,3,1,738,738,O,HR_DOM,L,367,60.0,28.83,1250,2.4,TIP001,31.97,202618,N,HG34,202619,16-MAY-26 00:00:00,,,,B,HR_DOM,60.0,TIP001,HR,12-MAY-26 08:00:07
9519643041,5,1,738,738,O,HR_DOM,P,367,60.0,20.32,1250,4.0,BSL086,41.11,202623,N,BS86,202624,09-JUN-26 00:00:00,,, ,I,HR_DOM,60.0,BSL086,HR,12-MAY-26 08:00:07
9519629505,2,1,738,738,O,HR_DOM,L,367,120.0,0.0,1250,2.4,THB001,123.08,202623,N,HR01,202625,09-JUN-26 00:00:00,,, ,I,HR_DOM,120.0,THB001,HR,12-MAY-26 08:00:07
9519634761,1,1,738,743,O,ACRM GP#2 BGL,L,B04,56.0,0.0,1235,2.2,S02149,64.4,202620,N,SF93,202624,03-JUN-26 00:00:00,,, ,I,ACRM GP#2 BGL,56.0,S02149,HR,12-MAY-26 08:00:07
9519634761,2,1,738,743,O,ACRM GP#2 BGL,L,B04,56.0,0.0,1235,2.2,S02149,64.4,202620,N,SF93,202624,03-JUN-26 00:00:00,,, ,I,ACRM GP#2 BGL,56.0,S02149,HR,12-MAY-26 08:00:07
4000535440,9,1,738,738,F,SCRM,L,367,210.0,197.47,1265,2.5,BSL011,12.85,202617,N,BS11,202619,16-MAY-26 00:00:00,,, ,B,SCRM,210.0,BSL011,HR,12-MAY-26 08:00:07
4000535440,11,1,738,738,F,SCRM,L,367,210.0,168.89,1265,2.5,BSL011,42.16,202618,N,BS11,202620,18-MAY-26 00:00:00,,, ,B,SCRM,210.0,BSL011,HR,12-MAY-26 08:00:07
4000535440,14,1,738,738,F,SCRM,L,367,128.0,0.0,1335,2.8,BSL011,131.28,202617,N,BS11,202619,16-MAY-26 00:00:00,,, ,B,SCRM,128.0,BSL011,HR,12-MAY-26 08:00:07
9519629505,8,1,738,738,O,HR_DOM,A,367,68.0,31.45,1500,2.5,UNB042,53.55,202617,N,UN42,202619,15-MAY-26 00:00:00,,, ,B,HR_DOM,68.0,UNB042,HR,12-MAY-26 08:00:07
9519629148,1,1,738,738,O,HR_DOM,L,367,60.0,0.0,1250,2.2,THB001,61.54,202623,N,HR01,202625,09-JUN-26 00:00:00,,, ,I,HR_DOM,60.0,THB001,HR,12-MAY-26 08:00:07
9519629148,2,1,738,738,O,HR_DOM,L,367,120.0,0.0,1250,2.3,THB001,123.08,202623,N,HR01,202625,09-JUN-26 00:00:00,,, ,I,HR_DOM,120.0,THB001,HR,12-MAY-26 08:00:07
9519629148,14,1,738,738,O,HR_DOM,A,367,68.0,31.54,1500,2.5,UNB042,53.42,202617,N,UN42,202619,15-MAY-26 00:00:00,,, ,B,HR_DOM,68.0,UNB042,HR,12-MAY-26 08:00:07
9519630753,3,1,738,738,O,HR_DOM,L,367,68.0,59.93,1500,2.0,TIP001,0.0,202617,N,HG34,202619,15-MAY-26 00:00:00,,,,B,HR_DOM,68.0,TIP001,HR,12-MAY-26 08:00:07
4000535440,15,1,738,738,F,SCRM,L,367,204.0,0.0,1420,2.8,BSL011,209.23,202617,N,BS11,202619,16-MAY-26 00:00:00,,, ,B,SCRM,204.0,BSL011,HR,12-MAY-26 08:00:07
4000535440,16,1,738,738,F,SCRM,L,367,102.0,0.0,1420,2.8,BSL011,104.62,202618,N,BS11,202620,18-MAY-26 00:00:00,,,,B,SCRM,102.0,BSL011,HR,12-MAY-26 08:00:07
4000535440,18,1,738,738,F,SCRM,L,367,204.0,0.0,1500,2.8,BSL011,209.23,202617,N,BS11,202619,15-MAY-26 00:00:00,,, ,B,SCRM,204.0,BSL011,HR,12-MAY-26 08:00:07
4000535440,20,1,738,738,F,SCRM,L,367,240.0,223.87,1265,3.2,BSL011,16.83,202617,N,BS11,202619,16-MAY-26 00:00:00,,, ,B,SCRM,240.0,BSL011,HR,12-MAY-26 08:00:07
4000535440,30,1,738,738,F,SCRM,L,367,192.0,0.0,1335,4.0,BSL011,196.92,202617,N,BS11,202619,16-MAY-26 00:00:00,,, ,B,SCRM,192.0,BSL011,HR,12-MAY-26 08:00:07
4000535440,31,1,738,738,F,SCRM,L,367,192.0,0.0,1335,4.0,BSL011,196.92,202618,N,BS11,202620,18-MAY-26 00:00:00,,, ,B,SCRM,192.0,BSL011,HR,12-MAY-26 08:00:07
4000535440,33,1,738,738,F,SCRM,L,367,204.0,0.0,1420,4.0,BSL011,209.23,202618,N,BS11,202620,18-MAY-26 00:00:00,,,,B,SCRM,204.0,BSL011,HR,12-MAY-26 08:00:07
4000535440,37,1,738,738,F,SCRM,L,367,210.0,0.0,1265,5.0,BSL011,215.39,202617,N,BS11,202619,16-MAY-26 00:00:00,,, ,B,SCRM,210.0,BSL011,HR,12-MAY-26 08:00:07
4000535440,38,1,738,738,F,SCRM,L,367,210.0,28.44,1265,6.0,BSL011,186.22,202617,N,BS11,202619,15-MAY-26 00:00:00,,, ,B,SCRM,210.0,BSL011,HR,12-MAY-26 08:00:07
9519649148,2,1,738,743,O,ACRM GP#3 WIDER SOFT,L,C02,28.0,26.81,1235,2.25,T01576,32.2,202619,N,HG02,202623,26-MAY-26 00:00:00,,, ,Y,ACRM GP#3 WIDER SOFT,28.0,T01576,HR,12-MAY-26 08:00:07
9519649032,3,1,738,743,O,ACRM GP#3 WIDER SOFT,L,C02,56.0,47.73,1235,2.0,T01576,64.4,202619,N,HG02,202624,03-JUN-26 00:00:00,,, ,I,ACRM GP#3 WIDER SOFT,56.0,T01576,HR,12-MAY-26 08:00:07
4000535675,14,1,738,738,F,SCRM_SPC_SLIT,L,367,272.0,228.57,1550,2.2,T01576,46.4,202617,N,HG02,202619,16-MAY-26 00:00:00,,, ,B,SCRM_SPC_SLIT,272.0,T01576,HR,12-MAY-26 08:00:07
4000535675,19,1,738,738,F,SCRM_SPC_SLIT,L,367,272.0,164.64,1550,2.2,T01576,111.69,202618,N,HG02,202620,18-MAY-26 00:00:00,,, ,B,SCRM_SPC_SLIT,272.0,T01576,HR,12-MAY-26 08:00:07
9519645941,11,1,738,744,O,ACRM GP#2 PPGL,L,B18,28.0,28.37,1235,2.0,TSF093,32.2,202620,N,SH93,202624,03-JUN-26 00:00:00,,, ,I,ACRM GP#2 PPGL,28.0,TSF093,HR,12-MAY-26 08:00:07
4000536117,23,1,738,738,F,SCRM,L,367,256.0,0.0,1330,2.2,THO066,262.56,202618,N,HO66,202620,18-MAY-26 00:00:00,,, ,B,SCRM,256.0,THO066,HR,12-MAY-26 08:00:07
4000536286,1,1,738,738,F,SCRM,I,367,150.0,0.0,1270,3.2,T01052,156.99,202617,N,SD88,202619,14-MAY-26 00:00:00,,,,R,SCRM,150.0,T01052,HR,12-MAY-26 08:00:07
4000536286,2,1,738,738,F,SCRM,I,367,124.0,94.16,1600,3.2,T01052,31.23,202617,N,SD88,202619,15-MAY-26 00:00:00,,,,Y,SCRM,124.0,T01052,HR,12-MAY-26 08:00:07
4000536365,3,1,738,738,F,ACRM,L,367,300.0,278.36,1275,2.0,TSH067,22.25,202617,N,SH67,202618,16-MAY-26 00:00:00,,,,B,ACRM,300.0,TSH067,HR,12-MAY-26 08:00:07
4000536097,2,1,738,738,F,SCRM,H,367,240.0,0.0,1250,2.5,THN008,248.64,202619,N,HN08,202621,18-MAY-26 00:00:00,,, ,B,SCRM,240.0,THN008,HR,12-MAY-26 08:00:07
4000536097,7,1,738,738,F,SCRM,H,367,93.0,0.0,1300,3.2,S02013,96.35,202620,N,SF56,202622,26-MAY-26 00:00:00,,, ,R,SCRM,93.0,S02013,HR,12-MAY-26 08:00:07
9519602801,3,1,738,744,O,ACRM GP#2 TBSPL PPGL,L,B17,25.0,0.0,1120,2.0,T01576,28.75,202619,N,HG02,202624,31-MAY-26 00:00:00,,, ,G,ACRM GP#2 TBSPL PPGL,25.0,T01576,HR,12-MAY-26 08:00:07
9519602800,2,1,738,743,O,ACRM GP#2 BGL,L,B04,56.0,0.0,1235,2.25,S02149,64.4,202620,N,SF93,202624,03-JUN-26 00:00:00,,, ,I,ACRM GP#2 BGL,56.0,S02149,HR,12-MAY-26 08:00:07
9519589392,3,1,738,738,O,HR_DOM,L,367,102.0,25.74,1410,5.9,I09490,78.22,202616,N,HG08,202617,14-MAY-26 00:00:00,,, ,B,HR_DOM,102.0,I09490,HR,12-MAY-26 08:00:07
4000536098,7,1,738,738,F,SCRM,L,367,124.0,28.79,1300,4.0,T01604,97.65,202618,N,TU23,202620,18-MAY-26 00:00:00,,, ,B,SCRM,124.0,T01604,HR,12-MAY-26 08:00:07
4000536098,9,1,738,738,F,SCRM,L,367,217.0,201.51,1300,2.2,T01576,15.49,202617,N,HG02,202619,16-MAY-26 00:00:00,,, ,B,SCRM,217.0,T01576,HR,12-MAY-26 08:00:07
4000536098,10,1,738,738,F,SCRM,L,367,248.0,230.9,1300,2.5,T01576,17.1,202617,N,HG02,202619,16-MAY-26 00:00:00,,, ,B,SCRM,248.0,T01576,HR,12-MAY-26 08:00:07
4000536098,11,1,738,738,F,SCRM,L,367,186.0,172.88,1300,2.8,T01576,13.59,202618,N,HG02,202620,18-MAY-26 00:00:00,,,,B,SCRM,186.0,T01576,HR,12-MAY-26 08:00:07
4000536098,12,1,738,738,F,SCRM,L,367,93.0,57.96,1300,3.0,T01576,36.3,202615,N,HG02,202617,14-MAY-26 00:00:00,,,,B,SCRM,93.0,T01576,HR,12-MAY-26 08:00:07
4000536097,8,1,738,738,F,SCRM,H,367,93.0,0.0,1300,4.0,S02013,96.35,202620,N,SF56,202622,26-MAY-26 00:00:00,,, ,R,SCRM,93.0,S02013,HR,12-MAY-26 08:00:07
4000536427,3,1,738,738,F,HR_DOM,A,367,56.0,0.0,1250,2.3,THA038,63.82,202620,N,HA38,202622,24-MAY-26 00:00:00,,,,R,HR_DOM,56.0,THA038,HR,12-MAY-26 08:00:07
4000536427,4,1,738,738,F,HR_DOM,L,367,120.0,55.49,1390,4.5,THB047,69.65,202615,N,HB47,202617,22-MAY-26 00:00:00,,,,R,HR_DOM,120.0,THB047,HR,12-MAY-26 08:00:07
4000536427,5,1,738,738,F,HR_DOM,C,367,60.0,0.0,1230,3.2,THB046,72.4,202621,N,HB46,202622,23-MAY-26 00:00:00,,,,R,HR_DOM,60.0,THB046,HR,12-MAY-26 08:00:07
4000536430,2,1,738,738,F,SCRM,I,367,112.0,0.0,1170,3.2,BSL002,117.22,202618,N,BS02,202620,30-MAY-26 00:00:00,,,,G,SCRM,112.0,BSL002,HR,12-MAY-26 08:00:07
4000536430,3,1,738,738,F,SCRM,I,367,300.0,50.99,1230,3.2,T01052,261.1,202617,N,SD88,202619,23-MAY-26 00:00:00,,,,R,SCRM,300.0,T01052,HR,12-MAY-26 08:00:07
4000536430,4,1,738,738,F,SCRM,I,367,86.301,61.77,1170,3.2,T01052,26.38,202617,N,SD88,202620,23-MAY-26 00:00:00,,, ,R,SCRM,86.301,T01052,HR,12-MAY-26 08:00:07
9519661097,1,1,738,738,B,HR_DOM,L,367,60.0,0.0,1250,2.9,Q17023,61.54,202617,N,HD09,202618,16-MAY-26 00:00:00,,,,B,HR_DOM,60.0,Q17023,HR,12-MAY-26 08:00:07
4000536098,13,1,738,738,F,SCRM,L,367,248.0,173.91,1300,3.2,T01576,76.76,202617,N,HG02,202619,16-MAY-26 00:00:00,,, ,B,SCRM,248.0,T01576,HR,12-MAY-26 08:00:07
4000536098,15,1,738,738,F,SCRM,L,367,279.0,156.08,1300,4.0,T01576,127.35,202615,N,HG02,202617,14-MAY-26 00:00:00,,, ,B,SCRM,279.0,T01576,HR,12-MAY-26 08:00:07
4000536098,16,1,738,738,F,SCRM,L,367,155.0,115.68,1300,4.0,T01576,40.74,202618,N,HG02,202620,18-MAY-26 00:00:00,,,,B,SCRM,155.0,T01576,HR,12-MAY-26 08:00:07
9519623635,1,1,738,742,O,ACRM HRPO,L,768,115.99,107.97,1250,1.6,TIP001,133.389,202615,N,HG34,202618,14-MAY-26 00:00:00,,, ,B,ACRM HRPO,115.99,TIP001,HR,12-MAY-26 08:00:07
9519623635,2,1,738,742,O,ACRM HRPO,A,768,145.0,154.69,1250,2.0,THR099,166.75,202617,N,HR99,202620,17-MAY-26 00:00:00,,, ,B,ACRM HRPO,145.0,THR099,HR,12-MAY-26 08:00:07
9519623635,7,1,738,742,O,ACRM HRPO,A,768,87.0,0.0,1250,5.0,THR099,100.05,202617,N,HR99,202620,16-MAY-26 00:00:00,,, ,B,ACRM HRPO,87.0,THR099,HR,12-MAY-26 08:00:07
9519636445,1,1,738,738,O,HR_DOM,L,B77,90.0,51.01,1250,1.6,THR085,44.08,202615,N,HR85,202618,15-MAY-26 00:00:00,,,,B,HR_DOM,90.0,THR085,HR,12-MAY-26 08:00:07
9519654296,1,1,738,742,F,ACRM FHCR,L,C09,333.0,0.0,925,2.5,T01576,241.499,202614,N,HG02,202617,14-MAY-26 00:00:00,,, ,B,ACRM FHCR,333.0,T01576,HR,12-MAY-26 08:00:07
9519616324,7,1,738,742,F,ACRM CRCA TLL,S,C01,297.0,305.22,1180,2.25,BSL074,341.55,202612,N,BS74,202617,14-MAY-26 00:00:00,,, ,B,ACRM CRCA TLL,297.0,BSL074,HR,12-MAY-26 08:00:07
9519616324,9,1,738,742,F,ACRM CRCA TLL,S,C01,297.0,333.44,1180,2.25,BSL074,341.55,202616,N,BS74,202621,16-MAY-26 00:00:00,,, ,B,ACRM CRCA TLL,297.0,BSL074,HR,12-MAY-26 08:00:07
4000535440,32,1,738,738,F,SCRM,L,367,204.0,0.0,1420,4.0,BSL011,209.23,202615,N,BS11,202617,14-MAY-26 00:00:00,,,,B,SCRM,204.0,BSL011,HR,12-MAY-26 08:00:07
9519632593,1,1,738,738,O,HR_DOM,L,B77,60.0,0.0,1250,1.6,THR085,57.89,202615,N,HR85,202618,14-MAY-26 00:00:00,,,,B,HR_DOM,60.0,THR085,HR,12-MAY-26 08:00:07
9519616324,10,1,738,742,F,ACRM CRCA TLL,S,C01,296.99,304.79,1180,2.25,BSL074,341.55,202616,N,BS74,202621,16-MAY-26 00:00:00,,, ,B,ACRM CRCA TLL,296.99,BSL074,HR,12-MAY-26 08:00:07
9519616324,12,1,738,742,F,ACRM CRCA TLL,S,C01,189.0,166.67,1180,2.25,BSL074,217.35,202613,N,BS74,202618,14-MAY-26 00:00:00,,, ,B,ACRM CRCA TLL,189.0,BSL074,HR,12-MAY-26 08:00:07
4000536186,14,1,738,738,F,SCRM,L,367,30.0,0.0,1250,2.8,TIP001,30.77,202618,N,HG34,202620,17-MAY-26 00:00:00,,,,B,SCRM,30.0,TIP001,HR,12-MAY-26 08:00:07
4000536186,16,1,738,738,F,SCRM,L,367,30.0,0.0,1250,3.2,THB001,30.77,202615,N,HR01,202617,14-MAY-26 00:00:00,,, ,B,SCRM,30.0,THB001,HR,12-MAY-26 08:00:07
9519632608,1,1,738,738,O,HR_DOM,L,B77,60.0,28.94,1250,1.6,THR085,35.47,202615,N,HR85,202618,14-MAY-26 00:00:00,,,,B,HR_DOM,60.0,THR085,HR,12-MAY-26 08:00:07
9519636042,1,1,738,738,O,HR_DOM,L,B77,60.0,29.74,1250,1.6,THR085,35.08,202615,N,HR85,202618,15-MAY-26 00:00:00,,,,B,HR_DOM,60.0,THR085,HR,12-MAY-26 08:00:07
9519609059,2,1,738,738,O,HR_DOM,L,B77,120.0,79.56,1250,1.6,THR085,47.99,202615,N,HR85,202618,15-MAY-26 00:00:00,,,,B,HR_DOM,120.0,THR085,HR,12-MAY-26 08:00:07
9519636754,1,1,738,738,O,HR_DOM,L,B77,30.0,0.0,1250,1.6,THR085,33.05,202615,N,HR85,202618,15-MAY-26 00:00:00,,,,B,HR_DOM,30.0,THR085,HR,12-MAY-26 08:00:07
9519636754,2,1,738,738,O,HR_DOM,L,B77,29.001,28.64,1250,2.0,THR085,31.95,202615,N,HR85,202618,15-MAY-26 00:00:00,,, ,B,HR_DOM,29.001,THR085,HR,12-MAY-26 08:00:07
4000536263,2,1,738,738,F,KCRM,P,367,210.007,148.67,1240,2.2,UNB099,62.91,202617,N,UN99,202619,15-MAY-26 00:00:00,,, ,B,KCRM,210.007,UNB099,HR,12-MAY-26 08:00:07
4000536263,3,1,738,738,F,KCRM,L,367,300.0,265.5,1265,4.6,S02016,35.78,202615,N,SH57,202617,14-MAY-26 00:00:00,,, ,B,KCRM,300.0,S02016,HR,12-MAY-26 08:00:07
4000536264,9,1,738,738,F,KCRM,H,367,92.007,45.59,1150,2.5,THN010,49.15,202615,N,HN10,202617,14-MAY-26 00:00:00,,, ,B,KCRM,92.007,THN010,HR,12-MAY-26 08:00:07
4000536264,11,1,738,738,F,KCRM,H,367,224.0,90.61,1150,3.5,THN010,139.67,202620,N,HN10,202622,26-MAY-26 00:00:00,,, ,R,KCRM,224.0,THN010,HR,12-MAY-26 08:00:07
4000536264,12,1,738,738,F,KCRM,H,367,224.0,136.15,1150,3.6,THN010,92.05,202620,N,HN10,202622,26-MAY-26 00:00:00,,, ,R,KCRM,224.0,THN010,HR,12-MAY-26 08:00:07
4000536264,13,1,738,738,F,KCRM,H,367,112.0,45.5,1150,4.3,THN010,69.65,202620,N,HN10,202622,26-MAY-26 00:00:00,,, ,R,KCRM,112.0,THN010,HR,12-MAY-26 08:00:07
4000536264,6,1,738,738,F,KCRM,H,367,300.0,0.0,1250,2.5,BSL045,307.69,202620,N,BS45,202622,23-MAY-26 00:00:00,,, ,R,KCRM,300.0,BSL045,HR,12-MAY-26 08:00:07
4000536264,7,1,738,738,F,KCRM,H,367,120.0,0.0,1250,2.5,BSL045,123.08,202620,N,BS45,202622,26-MAY-26 00:00:00,,, ,R,KCRM,120.0,BSL045,HR,12-MAY-26 08:00:07
4000536186,24,1,738,738,F,SCRM,L,367,30.0,0.0,1250,2.2,THB001,30.77,202615,N,HR01,202617,14-MAY-26 00:00:00,,, ,B,SCRM,30.0,THB001,HR,12-MAY-26 08:00:07
9519641448,8,1,738,742,F,ACRM FHCR,L,C09,263.998,0.0,1025,2.0,T01576,303.6,202613,N,HG02,202618,14-MAY-26 00:00:00,,, ,B,ACRM FHCR,263.998,T01576,HR,12-MAY-26 08:00:07
4000536218,9,1,738,738,F,HR_DOM,L,367,90.0,57.92,1250,2.0,TIP001,32.9,202615,N,HG34,202616,14-MAY-26 00:00:00,,,,R,HR_DOM,90.0,TIP001,HR,12-MAY-26 08:00:07
9519655928,4,1,738,738,O,HR_DOM,A,367,102.0,0.0,1500,3.0,TIP006,105.67,202618,N,HG42,202619,16-MAY-26 00:00:00,,,,B,HR_DOM,102.0,TIP006,HR,12-MAY-26 08:00:07
9519655928,5,1,738,738,O,HR_DOM,A,367,102.0,0.0,1500,4.0,TIP006,105.67,202618,N,HG42,202619,16-MAY-26 00:00:00,,,,B,HR_DOM,102.0,TIP006,HR,12-MAY-26 08:00:07
9519632399,2,1,738,738,O,HR_DOM,L,367,136.0,117.28,1500,10.0,I09508,19.39,202616,N,HG22,202618,15-MAY-26 00:00:00,,,,B,HR_DOM,136.0,I09508,HR,12-MAY-26 08:00:07
4000536224,3,1,738,738,F,HR_DOM,A,367,52.0,0.0,1325,3.4,THA054,57.97,202619,N,HA54,202622,23-MAY-26 00:00:00,,,,R,HR_DOM,52.0,THA054,HR,12-MAY-26 08:00:07
4000536224,4,1,738,738,F,HR_DOM,L,367,30.0,0.0,1390,4.5,THB047,32.39,202615,N,HB47,202616,14-MAY-26 00:00:00,,,,B,HR_DOM,30.0,THB047,HR,12-MAY-26 08:00:07
4000536226,1,1,738,738,F,SCRM,I,367,90.0,0.0,1230,3.2,T01052,94.19,202617,N,SD88,202619,23-MAY-26 00:00:00,,,,R,SCRM,90.0,T01052,HR,12-MAY-26 08:00:07
9519639932,4,1,738,742,F,ACRM FHCR,L,C09,281.0,291.66,1235,2.5,T01576,322.0,202615,N,HG02,202619,16-MAY-26 00:00:00,,, ,B,ACRM FHCR,281.0,T01576,HR,12-MAY-26 08:00:07
9519658483,9,1,738,738,O,HR_DOM,A,367,204.0,158.3,1500,3.0,TIP006,48.0,202618,N,HG42,202619,16-MAY-26 00:00:00,,,,B,HR_DOM,204.0,TIP006,HR,12-MAY-26 08:00:07
9519656241,1,1,738,742,F,ACRM FHCR,L,C09,280.0,315.07,1235,2.5,T01576,322.0,202614,N,HG02,202617,14-MAY-26 00:00:00,,,,B,ACRM FHCR,280.0,T01576,HR,12-MAY-26 08:00:07
9519656241,2,1,738,742,F,ACRM FHCR,L,C09,280.0,306.84,1235,2.5,T01576,322.0,202615,N,HG02,202619,15-MAY-26 00:00:00,,, ,B,ACRM FHCR,280.0,T01576,HR,12-MAY-26 08:00:07
9519656241,3,1,738,742,F,ACRM FHCR,L,C09,280.0,301.24,1235,2.5,T01576,322.0,202614,N,HG02,202617,14-MAY-26 00:00:00,,,,B,ACRM FHCR,280.0,T01576,HR,12-MAY-26 08:00:07
9519656241,4,1,738,742,F,ACRM FHCR,L,C09,280.0,311.38,1235,2.5,T01576,322.0,202614,N,HG02,202617,14-MAY-26 00:00:00,,,,B,ACRM FHCR,280.0,T01576,HR,12-MAY-26 08:00:07
9519656241,5,1,738,742,F,ACRM FHCR,L,C09,280.0,311.03,1235,2.5,T01576,322.0,202614,N,HG02,202617,14-MAY-26 00:00:00,,,,B,ACRM FHCR,280.0,T01576,HR,12-MAY-26 08:00:07
9519640109,1,1,738,742,F,ACRM FHCR,L,C09,112.0,123.7,1235,2.5,T01576,128.8,202616,N,HG02,202620,16-MAY-26 00:00:00,,, ,B,ACRM FHCR,112.0,T01576,HR,12-MAY-26 08:00:07
9519656872,1,1,738,742,F,ACRM FHCR,L,C09,280.0,310.53,1235,2.5,T01576,322.0,202614,N,HG02,202617,14-MAY-26 00:00:00,,,,B,ACRM FHCR,280.0,T01576,HR,12-MAY-26 08:00:07
4000536018,2,1,738,738,F,KCRM,A,367,100.0,48.73,1250,6.0,THA042,53.12,202618,N,HB42,202620,15-MAY-26 00:00:00,,, ,B,KCRM,100.0,THA042,HR,12-MAY-26 08:00:07
9519656872,2,1,738,742,F,ACRM FHCR,L,C09,224.0,212.17,1235,2.5,T01576,257.6,202614,N,HG02,202617,14-MAY-26 00:00:00,,,,B,ACRM FHCR,224.0,T01576,HR,12-MAY-26 08:00:07
4000536365,4,1,738,738,F,ACRM,L,367,300.0,200.22,1275,2.0,TSH067,102.34,202617,N,SH67,202618,16-MAY-26 00:00:00,,,,B,ACRM,300.0,TSH067,HR,12-MAY-26 08:00:07
4000536365,5,1,738,738,F,ACRM,L,367,30.0,0.0,1275,2.0,TSH067,30.77,202617,N,SH67,202618,16-MAY-26 00:00:00,,,,B,ACRM,30.0,TSH067,HR,12-MAY-26 08:00:07
4000536365,7,1,738,738,F,ACRM,L,367,300.0,224.45,1260,2.25,TSH067,77.49,202617,N,SH67,202618,16-MAY-26 00:00:00,,,,B,ACRM,300.0,TSH067,HR,12-MAY-26 08:00:07
4000535523,13,1,738,738,F,K_TUBE,L,367,170.0,132.58,1500,5.0,T01579,38.38,202617,N,TU02,202619,15-MAY-26 00:00:00,,, ,B,K_TUBE,170.0,T01579,HR,12-MAY-26 08:00:07
4000535524,1,1,738,738,F,K_TUBE,A,367,120.0,96.05,1250,2.9,UNB034,24.81,202618,N,UN34,202620,15-MAY-26 00:00:00,,, ,B,K_TUBE,120.0,UNB034,HR,12-MAY-26 08:00:07
9519671308,5,1,738,738,O,HR_DOM,A,367,238.0,218.84,1500,3.0,TIP006,24.87,202617,N,HG42,202619,14-MAY-26 00:00:00,,, ,B,HR_DOM,238.0,TIP006,HR,12-MAY-26 08:00:07
9519671308,6,1,738,738,O,HR_DOM,A,367,272.0,181.78,1500,4.0,TIP006,93.78,202617,N,HG42,202619,16-MAY-26 00:00:00,,, ,B,HR_DOM,272.0,TIP006,HR,12-MAY-26 08:00:07
9519671308,7,1,738,738,O,HR_DOM,A,367,238.0,216.0,1500,4.0,TIP006,23.07,202617,N,HG42,202619,16-MAY-26 00:00:00,,, ,B,HR_DOM,238.0,TIP006,HR,12-MAY-26 08:00:07
9519643929,6,1,738,742,O,ACRM CRCA CRS,L,C01,147.0,0.0,935,2.8,TSH067,169.05,202617,N,SH67,202622,19-MAY-26 00:00:00,,, ,B,ACRM CRCA CRS,147.0,TSH067,HR,12-MAY-26 08:00:07
9519656292,2,1,738,738,O,HR_DOM,A,367,136.0,94.64,1500,10.0,I17021,43.73,202621,N,HR08,202622,26-MAY-26 00:00:00,,, ,Y,HR_DOM,136.0,I17021,HR,12-MAY-26 08:00:07
9519656305,1,1,738,738,O,HR_DOM,A,367,102.0,0.0,1500,12.0,I17021,107.85,202621,N,HR08,202622,26-MAY-26 00:00:00,,, ,Y,HR_DOM,102.0,I17021,HR,12-MAY-26 08:00:07
9519658932,1,1,738,738,O,HR_DOM,A,367,68.0,0.0,1500,5.0,TIP006,70.45,202623,N,HG42,202625,10-JUN-26 00:00:00,,, ,I,HR_DOM,68.0,TIP006,HR,12-MAY-26 08:00:07
9519656283,1,1,738,738,O,HR_DOM,A,367,204.0,157.97,1500,6.0,I17021,48.67,202617,N,HR08,202618,15-MAY-26 00:00:00,,, ,B,HR_DOM,204.0,I17021,HR,12-MAY-26 08:00:07
4000536454,1,1,738,738,F,ACRM_SLIT,L,367,272.0,253.91,1525,2.8,T01310,18.55,202619,N,SF57,202620,20-MAY-26 00:00:00,,,,B,ACRM_SLIT,272.0,T01310,HR,12-MAY-26 08:00:07
4000536454,2,1,738,738,F,ACRM_SLIT,L,367,272.0,255.23,1525,2.8,T01310,17.2,202619,N,SF57,202620,20-MAY-26 00:00:00,,,,B,ACRM_SLIT,272.0,T01310,HR,12-MAY-26 08:00:07
4000536454,3,1,738,738,F,ACRM_SLIT,L,367,272.0,255.05,1525,2.8,T01310,17.39,202619,N,SF57,202620,20-MAY-26 00:00:00,,,,B,ACRM_SLIT,272.0,T01310,HR,12-MAY-26 08:00:07
4000536454,4,1,738,738,F,ACRM_SLIT,L,367,272.0,254.5,1525,2.8,T01310,17.95,202619,N,SF57,202620,20-MAY-26 00:00:00,,,,B,ACRM_SLIT,272.0,T01310,HR,12-MAY-26 08:00:07
4000536454,5,1,738,738,F,ACRM_SLIT,L,367,272.0,255.69,1525,2.8,T01310,16.73,202619,N,SF57,202620,20-MAY-26 00:00:00,,,,B,ACRM_SLIT,272.0,T01310,HR,12-MAY-26 08:00:07
4000536454,6,1,738,738,F,ACRM_SLIT,L,367,272.0,255.5,1525,2.8,T01310,16.92,202619,N,SF57,202620,20-MAY-26 00:00:00,,,,B,ACRM_SLIT,272.0,T01310,HR,12-MAY-26 08:00:07
4000536454,7,1,738,738,F,ACRM_SLIT,L,367,272.0,256.4,1525,2.8,T01310,16.0,202619,N,SF57,202620,20-MAY-26 00:00:00,,,,B,ACRM_SLIT,272.0,T01310,HR,12-MAY-26 08:00:07
4000536454,8,1,738,738,F,ACRM_SLIT,L,367,272.0,256.46,1525,2.8,T01310,15.94,202619,N,SF57,202620,20-MAY-26 00:00:00,,,,B,ACRM_SLIT,272.0,T01310,HR,12-MAY-26 08:00:07
4000536454,9,1,738,738,F,ACRM_SLIT,L,367,272.0,255.99,1525,2.8,T01310,16.42,202619,N,SF57,202620,20-MAY-26 00:00:00,,,,B,ACRM_SLIT,272.0,T01310,HR,12-MAY-26 08:00:07
4000536454,10,1,738,738,F,ACRM_SLIT,L,367,272.0,209.64,1525,2.8,T01310,63.96,202619,N,SF57,202620,20-MAY-26 00:00:00,,,,B,ACRM_SLIT,272.0,T01310,HR,12-MAY-26 08:00:07
4000536506,3,1,738,738,F,HR_DOM,A,367,112.0,0.0,1250,2.3,THA038,127.64,202620,N,HA38,202622,26-MAY-26 00:00:00,,,,R,HR_DOM,112.0,THA038,HR,12-MAY-26 08:00:07
4000536506,4,1,738,738,F,HR_DOM,C,367,28.0,0.0,1250,5.4,THB046,33.79,202621,N,HB46,202622,31-MAY-26 00:00:00,,,,G,HR_DOM,28.0,THB046,HR,12-MAY-26 08:00:07
9519671329,3,1,738,738,O,HR_DOM,L,367,120.0,85.89,1250,1.8,TIP001,37.25,202623,N,HG34,202625,03-JUN-26 00:00:00,,, ,I,HR_DOM,120.0,TIP001,HR,12-MAY-26 08:00:07
9519671329,8,1,738,738,O,HR_DOM,L,367,68.0,63.31,1500,2.2,TIP001,0.0,202618,N,HG34,202620,20-MAY-26 00:00:00,,,,B,HR_DOM,68.0,TIP001,HR,12-MAY-26 08:00:07
9519642557,20,1,738,738,O,HR_DOM,A,367,34.0,0.0,1500,5.0,I17021,35.95,202620,N,HR08,202621,20-MAY-26 00:00:00,,, ,B,HR_DOM,34.0,I17021,HR,12-MAY-26 08:00:07
9519655928,13,1,738,738,O,HR_DOM,A,367,136.0,94.35,1500,20.0,UNB020,43.48,202616,N,UN20,202618,14-MAY-26 00:00:00,,, ,B,HR_DOM,136.0,UNB020,HR,12-MAY-26 08:00:07
9519658483,14,1,738,738,O,HR_DOM,A,367,204.0,176.52,1500,5.0,TIP006,31.28,202617,N,HG42,202618,14-MAY-26 00:00:00,,, ,B,HR_DOM,204.0,TIP006,HR,12-MAY-26 08:00:07
9519658483,18,1,738,738,O,HR_DOM,A,367,102.0,31.5,1500,10.0,THG038,72.31,202619,N,HG38,202620,18-MAY-26 00:00:00,,,,B,HR_DOM,102.0,THG038,HR,12-MAY-26 08:00:07
4000535851,3,1,738,738,F,SCRM,L,367,59.999,0.0,1250,2.0,THB001,61.54,202620,N,HR01,202622,26-MAY-26 00:00:00,,, ,R,SCRM,59.999,THB001,HR,12-MAY-26 08:00:07
4000535851,5,1,738,738,F,SCRM,L,367,90.007,0.0,1250,2.01,THB001,92.32,202620,N,HR01,202622,26-MAY-26 00:00:00,,, ,R,SCRM,90.007,THB001,HR,12-MAY-26 08:00:07
4000535851,6,1,738,738,F,SCRM,L,367,30.007,0.0,1250,2.01,TIP001,30.78,202620,N,HG34,202622,25-MAY-26 00:00:00,,, ,R,SCRM,30.007,TIP001,HR,12-MAY-26 08:00:07
4000535851,28,1,738,738,F,SCRM,L,367,50.0,0.0,1250,2.0,THB001,51.28,202617,N,HR01,202619,16-MAY-26 00:00:00,,, ,B,SCRM,50.0,THB001,HR,12-MAY-26 08:00:07
4000536118,4,1,738,738,F,SCRM,L,367,120.0,0.0,1235,3.2,THO066,123.08,202615,N,HO66,202617,14-MAY-26 00:00:00,,,,B,SCRM,120.0,THO066,HR,12-MAY-26 08:00:07
4000536118,1,1,738,738,F,SCRM,L,367,210.0,142.41,1270,3.2,THO066,69.32,202614,N,HO66,202616,14-MAY-26 00:00:00,,,,B,SCRM,210.0,THO066,HR,12-MAY-26 08:00:07
4000536118,2,1,738,738,F,SCRM,L,367,150.0,114.83,1270,4.0,THO066,36.07,202614,N,HO66,202616,14-MAY-26 00:00:00,,,,B,SCRM,150.0,THO066,HR,12-MAY-26 08:00:07
9519629899,7,1,738,738,O,HR_DOM,L,367,62.0,29.12,1300,4.5,TIP001,33.75,202623,N,HG34,202625,03-JUN-26 00:00:00,,, ,I,HR_DOM,62.0,TIP001,HR,12-MAY-26 08:00:07
4000536455,2,1,738,738,F,SCRM_SPC_SLIT,L,367,279.0,259.55,1300,2.0,T01576,20.81,202617,N,HG02,202618,15-MAY-26 00:00:00,,,,B,SCRM_SPC_SLIT,279.0,T01576,HR,12-MAY-26 08:00:07
4000536455,5,1,738,738,F,SCRM_SPC_SLIT,L,367,279.0,259.32,1300,2.2,T01576,20.39,202617,N,HG02,202618,15-MAY-26 00:00:00,,,,B,SCRM_SPC_SLIT,279.0,T01576,HR,12-MAY-26 08:00:07
4000536455,6,1,738,738,F,SCRM_SPC_SLIT,L,367,279.0,259.31,1300,2.5,T01576,19.69,202617,N,HG02,202618,15-MAY-26 00:00:00,,,,B,SCRM_SPC_SLIT,279.0,T01576,HR,12-MAY-26 08:00:07
4000536264,5,1,738,738,F,KCRM,L,367,300.0,216.14,1260,2.0,T01310,86.07,202617,N,SF57,202619,16-MAY-26 00:00:00,,,,B,KCRM,300.0,T01310,HR,12-MAY-26 08:00:07
4000536264,3,1,738,738,F,KCRM,L,367,300.0,274.86,1260,2.0,T01310,26.45,202617,N,SF57,202619,16-MAY-26 00:00:00,,,,B,KCRM,300.0,T01310,HR,12-MAY-26 08:00:07
4000536264,4,1,738,738,F,KCRM,L,367,300.0,263.79,1260,2.0,T01310,25.25,202617,N,SF57,202619,13-MAY-26 00:00:00,,,,B,KCRM,300.0,T01310,HR,12-MAY-26 08:00:07
4000535851,2,1,738,738,F,SCRM,L,367,30.0,0.0,1250,3.2,THB001,30.77,202615,N,HR01,202617,14-MAY-26 00:00:00,,,,B,SCRM,30.0,THB001,HR,12-MAY-26 08:00:07
9519646734,3,1,738,738,O,HR_DOM,P,367,120.0,0.0,1250,5.0,BSL086,124.32,202623,N,BS86,202624,02-JUN-26 00:00:00,,, ,I,HR_DOM,120.0,BSL086,HR,12-MAY-26 08:00:07
4000536120,1,1,738,738,F,SCRM,L,367,210.0,114.52,1235,2.0,THO066,97.93,202617,N,HO66,202619,16-MAY-26 00:00:00,,,,B,SCRM,210.0,THO066,HR,12-MAY-26 08:00:07
4000536119,1,1,738,738,F,SCRM,L,367,171.001,170.71,1235,2.0,T01576,0.0,202617,N,HG02,202619,16-MAY-26 00:00:00,,, ,B,SCRM,171.001,T01576,HR,12-MAY-26 08:00:07
4000536119,2,1,738,738,F,SCRM,L,367,270.0,261.33,1235,2.0,T01576,0.0,202615,N,HG02,202617,14-MAY-26 00:00:00,,,,B,SCRM,270.0,T01576,HR,12-MAY-26 08:00:07
9519619914,2,1,738,738,O,HR_DOM,P,367,60.0,0.0,1250,4.0,BSL086,62.16,202620,N,BS86,202621,24-MAY-26 00:00:00,,,,R,HR_DOM,60.0,BSL086,HR,12-MAY-26 08:00:07
4000535851,4,1,738,738,F,SCRM,L,367,59.999,0.0,1250,2.0,TIP001,61.54,202620,N,HG34,202622,25-MAY-26 00:00:00,,, ,R,SCRM,59.999,TIP001,HR,12-MAY-26 08:00:07
4000536437,4,1,738,738,F,KCRM_SLIT,L,367,238.0,240.21,1525,2.0,T01576,246.57,202616,N,HG02,202617,14-MAY-26 00:00:00,,, ,B,KCRM_SLIT,238.0,T01576,HR,12-MAY-26 08:00:07
4000536437,5,1,738,738,F,KCRM_SLIT,L,367,238.0,248.0,1525,2.0,T01576,246.57,202616,N,HG02,202617,14-MAY-26 00:00:00,,, ,B,KCRM_SLIT,238.0,T01576,HR,12-MAY-26 08:00:07
4000536437,6,1,738,738,F,KCRM_SLIT,L,367,204.0,197.1,1525,2.0,T01576,211.34,202616,N,HG02,202617,15-MAY-26 00:00:00,,, ,B,KCRM_SLIT,204.0,T01576,HR,12-MAY-26 08:00:07
4000536437,7,1,738,738,F,KCRM_SLIT,L,367,170.0,186.18,1525,2.0,T01576,142.06,202616,N,HG02,202617,15-MAY-26 00:00:00,,, ,B,KCRM_SLIT,170.0,T01576,HR,12-MAY-26 08:00:07
4000536437,8,1,738,738,F,KCRM_SLIT,L,367,204.0,198.51,1525,2.0,T01576,210.39,202616,N,HG02,202617,15-MAY-26 00:00:00,,, ,B,KCRM_SLIT,204.0,T01576,HR,12-MAY-26 08:00:07
4000536437,9,1,738,738,F,KCRM_SLIT,L,367,170.0,182.39,1525,2.0,T01576,176.12,202616,N,HG02,202617,15-MAY-26 00:00:00,,, ,B,KCRM_SLIT,170.0,T01576,HR,12-MAY-26 08:00:07
4000536437,10,1,738,738,F,KCRM_SLIT,L,367,204.0,218.78,1525,2.0,T01576,210.35,202616,N,HG02,202617,15-MAY-26 00:00:00,,, ,B,KCRM_SLIT,204.0,T01576,HR,12-MAY-26 08:00:07
4000536437,11,1,738,738,F,KCRM_SLIT,L,367,102.0,132.17,1525,2.0,T01576,105.67,202616,N,HG02,202617,15-MAY-26 00:00:00,,, ,B,KCRM_SLIT,102.0,T01576,HR,12-MAY-26 08:00:07
4000536437,1,1,738,738,F,KCRM_SLIT,L,367,102.0,98.88,1525,2.0,T01576,71.88,202616,N,HG02,202617,15-MAY-26 00:00:00,,, ,B,KCRM_SLIT,102.0,T01576,HR,12-MAY-26 08:00:07
4000536437,2,1,738,738,F,KCRM_SLIT,L,367,272.0,285.11,1525,2.0,T01576,281.79,202616,N,HG02,202617,14-MAY-26 00:00:00,,, ,B,KCRM_SLIT,272.0,T01576,HR,12-MAY-26 08:00:07
4000535851,25,1,738,738,F,SCRM,L,367,217.0,142.69,1290,3.6,THO066,76.32,202617,N,HO66,202619,16-MAY-26 00:00:00,,, ,B,SCRM,217.0,THO066,HR,12-MAY-26 08:00:07
9519667835,3,1,738,738,O,HR_DOM,L,367,66.0,0.0,1400,2.0,TIP001,67.69,202620,N,HG34,202622,23-MAY-26 00:00:00,,,,R,HR_DOM,66.0,TIP001,HR,12-MAY-26 08:00:07
9519655928,7,1,738,738,O,HR_DOM,A,367,170.0,157.16,1500,6.0,TIP006,0.0,202617,N,HG42,202619,15-MAY-26 00:00:00,,, ,B,HR_DOM,170.0,TIP006,HR,12-MAY-26 08:00:07
4000535851,22,1,738,738,F,SCRM,L,367,93.0,57.18,1290,3.5,THO066,36.74,202617,N,HO66,202619,16-MAY-26 00:00:00,,, ,B,SCRM,93.0,THO066,HR,12-MAY-26 08:00:07
4000536119,4,1,738,738,F,SCRM,L,367,270.0,229.29,1270,2.5,T01576,33.94,202619,N,HG02,202621,13-MAY-26 00:00:00,,, ,B,SCRM,270.0,T01576,HR,12-MAY-26 08:00:07
4000536119,6,1,738,738,F,SCRM,L,367,255.241,245.89,1270,2.5,T01576,28.84,202618,N,HG02,202620,18-MAY-26 00:00:00,,, ,B,SCRM,255.241,T01576,HR,12-MAY-26 08:00:07
9519667729,3,1,738,742,F,ACRM FHCR,L,C09,252.0,287.07,1235,2.8,T01576,289.8,202615,N,HG02,202619,15-MAY-26 00:00:00,,, ,B,ACRM FHCR,252.0,T01576,HR,12-MAY-26 08:00:07
9519629505,9,1,738,738,O,HR_DOM,L,367,30.0,0.0,1250,1.8,TIP001,30.77,202623,N,HG34,202625,27-MAY-26 00:00:00,,, ,I,HR_DOM,30.0,TIP001,HR,12-MAY-26 08:00:07
9519629148,8,1,738,738,O,HR_DOM,L,367,60.0,27.53,1250,1.8,I09497,28.87,202623,N,HG01,202625,25-MAY-26 00:00:00,,, ,R,HR_DOM,60.0,I09497,HR,12-MAY-26 08:00:07
9519629148,9,1,738,738,O,HR_DOM,L,367,120.0,0.0,1250,1.9,I09497,124.32,202623,N,HG01,202625,26-MAY-26 00:00:00,,, ,R,HR_DOM,120.0,I09497,HR,12-MAY-26 08:00:07
4000536456,1,1,738,738,F,SCRM,L,367,186.0,188.34,1300,2.95,TIP001,27.9,202617,N,HG34,202618,15-MAY-26 00:00:00,,,,B,SCRM,186.0,TIP001,HR,12-MAY-26 08:00:07
9519671019,2,1,738,738,O,HR_DOM,P,367,300.0,0.0,1250,3.6,BSL017,307.69,202620,N,BS17,202622,24-MAY-26 00:00:00,,, ,R,HR_DOM,300.0,BSL017,HR,12-MAY-26 08:00:07
9519671019,3,1,738,738,O,HR_DOM,P,367,210.0,0.0,1250,3.6,BSL017,215.39,202620,N,BS17,202622,21-MAY-26 00:00:00,,, ,R,HR_DOM,210.0,BSL017,HR,12-MAY-26 08:00:07
9519673951,1,1,738,738,O,HR_DOM,P,367,60.0,20.56,1250,5.0,BSL086,40.86,202623,N,BS86,202624,09-JUN-26 00:00:00,,, ,I,HR_DOM,60.0,BSL086,HR,12-MAY-26 08:00:07
4000536117,12,1,738,738,F,SCRM,L,367,170.0,0.0,1550,2.2,T01576,176.12,202618,N,HG02,202620,17-MAY-26 00:00:00,,,,B,SCRM,170.0,T01576,HR,12-MAY-26 08:00:07
4000536117,26,1,738,738,F,SCRM,L,367,136.0,93.61,1560,2.2,THO066,43.48,202618,N,HO66,202620,18-MAY-26 00:00:00,,, ,B,SCRM,136.0,THO066,HR,12-MAY-26 08:00:07
4000536506,1,1,738,738,F,HR_DOM,C,367,210.0,0.0,1230,4.0,THB046,253.39,202621,N,HB46,202622,23-MAY-26 00:00:00,,,,G,HR_DOM,210.0,THB046,HR,12-MAY-26 08:00:07
4000536506,2,1,738,738,F,HR_DOM,A,367,52.0,0.0,1325,3.4,THA054,57.97,202620,N,HA54,202622,29-MAY-26 00:00:00,,,,Y,HR_DOM,52.0,THA054,HR,12-MAY-26 08:00:07
4000536506,5,1,738,738,F,HR_DOM,A,367,84.0,0.0,1325,3.5,THA054,93.65,202620,N,HA54,202622,29-MAY-26 00:00:00,,,,Y,HR_DOM,84.0,THA054,HR,12-MAY-26 08:00:07
4000536508,3,1,738,738,F,SCRM,I,367,180.0,25.97,1270,3.2,T01052,161.65,202617,N,SD88,202619,14-MAY-26 00:00:00,,,,R,SCRM,180.0,T01052,HR,12-MAY-26 08:00:07
4000536116,1,1,738,738,F,SCRM,L,367,240.0,114.73,1270,1.8,T01576,159.37,202618,N,HG02,202620,17-MAY-26 00:00:00,,, ,B,SCRM,240.0,T01576,HR,12-MAY-26 08:00:07
9519650560,1,1,738,738,O,HR_DOM,L,367,58.0,0.0,1225,2.0,TIP001,59.49,202623,N,HG34,202624,09-JUN-26 00:00:00,,, ,I,HR_DOM,58.0,TIP001,HR,12-MAY-26 08:00:07
9519650560,2,1,738,738,O,HR_DOM,L,367,120.0,86.17,1250,2.9,TIP001,34.7,202623,N,HG34,202624,27-MAY-26 00:00:00,,, ,I,HR_DOM,120.0,TIP001,HR,12-MAY-26 08:00:07
9519570103,1,1,738,738,O,HR_DOM,P,367,60.0,20.74,1250,5.0,BSL086,40.67,202623,N,BS86,202624,09-JUN-26 00:00:00,,, ,I,HR_DOM,60.0,BSL086,HR,12-MAY-26 08:00:07
9519643041,2,1,738,738,O,HR_DOM,L,367,34.0,0.0,1500,1.8,TIP001,34.87,202619,N,HG34,202620,22-MAY-26 00:00:00,,,,B,HR_DOM,34.0,TIP001,HR,12-MAY-26 08:00:07
9519669947,1,1,738,738,O,HR_DOM,L,367,30.0,0.0,1250,2.9,TIP001,30.77,202619,N,HG34,202621,19-MAY-26 00:00:00,,,,B,HR_DOM,30.0,TIP001,HR,12-MAY-26 08:00:07
9519669947,3,1,738,738,O,HR_DOM,L,367,30.0,0.0,1250,2.8,TIP001,30.77,202619,N,HG34,202621,19-MAY-26 00:00:00,,,,B,HR_DOM,30.0,TIP001,HR,12-MAY-26 08:00:07
9519626507,3,1,738,738,O,HR_DOM,L,367,60.0,28.45,1250,2.5,TIP001,32.36,202623,N,HG34,202625,27-MAY-26 00:00:00,,, ,I,HR_DOM,60.0,TIP001,HR,12-MAY-26 08:00:07
9519626507,2,1,738,738,O,HR_DOM,L,367,120.0,0.0,1250,2.1,TIP001,123.08,202623,N,HG34,202625,27-MAY-26 00:00:00,,, ,I,HR_DOM,120.0,TIP001,HR,12-MAY-26 08:00:07
9519615907,1,1,738,738,O,HR_DOM,A,367,102.0,31.5,1500,5.0,I17021,74.54,202617,N,HR08,202619,16-MAY-26 00:00:00,,, ,B,HR_DOM,102.0,I17021,HR,12-MAY-26 08:00:07
4000536645,1,1,738,738,F,SCRM,L,367,224.0,0.0,1340,3.0,THG066,234.43,202617,N,HG66,202618,15-MAY-26 00:00:00,,,,B,SCRM,224.0,THG066,HR,12-MAY-26 08:00:07
9519595112,2,1,738,738,O,HR_DOM,L,367,60.0,28.48,1250,1.8,TIP001,32.33,202618,N,HG34,202619,16-MAY-26 00:00:00,,,,B,HR_DOM,60.0,TIP001,HR,12-MAY-26 08:00:07
4000535525,2,1,738,738,F,K_TUBE,A,367,120.0,96.46,1250,3.0,UNB034,24.39,202618,N,UN34,202620,15-MAY-26 00:00:00,,, ,B,K_TUBE,120.0,UNB034,HR,12-MAY-26 08:00:07
4000535525,1,1,738,738,F,K_TUBE,A,367,120.0,96.29,1250,2.9,UNB034,24.56,202618,N,UN34,202620,15-MAY-26 00:00:00,,, ,B,K_TUBE,120.0,UNB034,HR,12-MAY-26 08:00:07
4000536290,2,1,738,738,F,KCRM,H,367,85.5,0.0,1300,3.5,THM003,88.58,202618,N,HM93,202619,23-MAY-26 00:00:00,,,,R,KCRM,85.5,THM003,HR,12-MAY-26 08:00:07
4000536420,16,1,738,738,F,K_LDP,A,367,69.998,26.86,1450,3.8,TIP006,44.69,202616,N,HG42,202618,14-MAY-26 00:00:00,,, ,B,K_LDP,69.998,TIP006,HR,12-MAY-26 08:00:07
9519566639,1,1,738,744,O,ACRM GP#2 TBSPL PPGL,L,B17,22.401,0.0,1120,2.0,T01576,28.75,202608,N,HG02,202613,14-MAY-26 00:00:00,,, ,B,ACRM GP#2 TBSPL PPGL,22.401,T01576,HR,12-MAY-26 08:00:07
9519643041,8,1,738,738,O,HR_DOM,L,367,99.0,0.0,1400,1.8,TIP001,101.54,202620,N,HG34,202621,23-MAY-26 00:00:00,,,,R,HR_DOM,99.0,TIP001,HR,12-MAY-26 08:00:07
9519643041,9,1,738,738,O,HR_DOM,L,367,87.0,0.0,1215,2.2,TIP001,89.23,202623,N,HG34,202624,09-JUN-26 00:00:00,,, ,I,HR_DOM,87.0,TIP001,HR,12-MAY-26 08:00:07
9519643041,10,1,738,738,O,HR_DOM,L,367,68.0,0.0,1500,2.2,TIP001,69.74,202619,N,HG34,202620,18-MAY-26 00:00:00,,,,B,HR_DOM,68.0,TIP001,HR,12-MAY-26 08:00:07
9519643041,11,1,738,738,O,HR_DOM,L,367,120.0,0.0,1250,2.9,TIP001,123.08,202623,N,HG34,202624,27-MAY-26 00:00:00,,, ,I,HR_DOM,120.0,TIP001,HR,12-MAY-26 08:00:07
9519658483,11,1,738,738,O,HR_DOM,A,367,204.0,189.65,1500,4.0,TIP006,0.0,202617,N,HG42,202618,16-MAY-26 00:00:00,,, ,B,HR_DOM,204.0,TIP006,HR,12-MAY-26 08:00:07
9519603076,4,1,738,738,O,HR_DOM,L,367,90.0,55.84,1250,3.0,TIP001,35.04,202623,N,HG34,202625,27-MAY-26 00:00:00,,, ,I,HR_DOM,90.0,TIP001,HR,12-MAY-26 08:00:07
9519674334,1,1,738,738,O,HR_DOM,L,367,150.0,0.0,1250,2.0,TIP001,153.85,202620,N,HG34,202622,23-MAY-26 00:00:00,,,,R,HR_DOM,150.0,TIP001,HR,12-MAY-26 08:00:07
9519674334,2,1,738,738,O,HR_DOM,L,367,66.0,0.0,1400,2.0,TIP001,67.69,202620,N,HG34,202622,24-MAY-26 00:00:00,,,,R,HR_DOM,66.0,TIP001,HR,12-MAY-26 08:00:07
4000536290,1,1,738,738,F,KCRM,H,367,285.0,50.08,1300,3.5,THM003,243.38,202618,N,HM93,202619,15-MAY-26 00:00:00,,,,B,KCRM,285.0,THM003,HR,12-MAY-26 08:00:07
4000536117,3,1,738,738,F,SCRM,L,367,240.0,0.0,1235,2.0,THO066,246.15,202618,N,HO66,202620,18-MAY-26 00:00:00,,, ,B,SCRM,240.0,THO066,HR,12-MAY-26 08:00:07
4000536540,6,1,738,738,F,K_LDP,C,367,204.0,180.47,1610,6.05,UNB005,30.83,202617,N,UN05,202619,13-MAY-26 00:00:00,,, ,B,K_LDP,204.0,UNB005,HR,12-MAY-26 08:00:07
4000536540,8,1,738,738,F,K_LDP,C,367,175.0,149.56,1450,9.6,UNB006,28.67,202617,N,UN06,202619,14-MAY-26 00:00:00,,, ,B,K_LDP,175.0,UNB006,HR,12-MAY-26 08:00:07
9519658483,12,1,738,738,O,HR_DOM,A,367,204.0,157.34,1500,4.0,TIP006,48.34,202617,N,HG42,202618,15-MAY-26 00:00:00,,, ,B,HR_DOM,204.0,TIP006,HR,12-MAY-26 08:00:07
4000536117,5,1,738,738,F,SCRM,L,367,261.0,220.27,1200,2.0,THO066,41.87,202617,N,HO66,202619,16-MAY-26 00:00:00,,,,B,SCRM,261.0,THO066,HR,12-MAY-26 08:00:07
4000536117,16,1,738,738,F,SCRM,L,367,272.0,186.68,1550,2.8,T01576,88.39,202618,N,HG02,202620,18-MAY-26 00:00:00,,, ,B,SCRM,272.0,T01576,HR,12-MAY-26 08:00:07
4000536117,1,1,738,738,F,SCRM,L,367,248.0,201.83,1280,2.0,THO066,47.35,202615,N,HO66,202617,14-MAY-26 00:00:00,,,,B,SCRM,248.0,THO066,HR,12-MAY-26 08:00:07
4000536117,21,1,738,738,F,SCRM,L,367,256.0,0.0,1330,2.0,THO066,262.56,202615,N,HO66,202617,14-MAY-26 00:00:00,,,,B,SCRM,256.0,THO066,HR,12-MAY-26 08:00:07
4000535676,3,1,738,738,F,SCRM_SPC_SLIT,L,367,272.0,33.58,1550,2.0,T01576,247.71,202617,N,HG02,202619,15-MAY-26 00:00:00,,, ,B,SCRM_SPC_SLIT,272.0,T01576,HR,12-MAY-26 08:00:07
4000535676,15,1,738,738,F,SCRM_SPC_SLIT,L,367,272.0,223.1,1550,2.8,T01576,50.66,202618,N,HG02,202620,18-MAY-26 00:00:00,,, ,B,SCRM_SPC_SLIT,272.0,T01576,HR,12-MAY-26 08:00:07
4000535440,17,1,738,738,F,SCRM,L,367,204.0,0.0,1420,2.8,BSL011,209.23,202615,N,BS11,202617,14-MAY-26 00:00:00,,, ,B,SCRM,204.0,BSL011,HR,12-MAY-26 08:00:07
4000535675,16,1,738,738,F,SCRM_SPC_SLIT,L,367,272.0,164.46,1550,2.2,T01576,111.41,202617,N,HG02,202619,15-MAY-26 00:00:00,,, ,B,SCRM_SPC_SLIT,272.0,T01576,HR,12-MAY-26 08:00:07
4000536117,22,1,738,738,F,SCRM,L,367,256.0,0.0,1330,2.0,THO066,262.56,202615,N,HO66,202617,14-MAY-26 00:00:00,,,,B,SCRM,256.0,THO066,HR,12-MAY-26 08:00:07
4000536117,24,1,738,738,F,SCRM,L,367,272.0,155.83,1560,2.0,THO066,119.17,202615,N,HO66,202617,14-MAY-26 00:00:00,,,,B,SCRM,272.0,THO066,HR,12-MAY-26 08:00:07
4000536117,25,1,738,738,F,SCRM,L,367,272.0,125.27,1560,2.0,THO066,151.56,202615,N,HO66,202617,14-MAY-26 00:00:00,,,,B,SCRM,272.0,THO066,HR,12-MAY-26 08:00:07
4000536117,6,1,738,738,F,SCRM,L,367,252.0,207.97,1170,2.0,THO066,45.16,202615,N,HO66,202617,14-MAY-26 00:00:00,,,,B,SCRM,252.0,THO066,HR,12-MAY-26 08:00:07
4000535073,3,1,738,738,F,HR_DOM,A,367,60.0,26.75,1250,6.95,THA016,34.8,202617,N,HA19,202619,15-MAY-26 00:00:00,,, ,B,HR_DOM,60.0,THA016,HR,12-MAY-26 08:00:07
4000535073,5,1,738,738,F,HR_DOM,A,367,102.0,76.06,1500,6.95,THA016,28.21,202620,N,HA19,202622,21-MAY-26 00:00:00,,,,B,HR_DOM,102.0,THA016,HR,12-MAY-26 08:00:07
4000536419,1,1,738,738,F,K_LDP,A,367,204.0,175.56,1600,5.5,TTU073,31.98,202617,N,TU73,202619,13-MAY-26 00:00:00,,, ,B,K_LDP,204.0,TTU073,HR,12-MAY-26 08:00:07
4000536419,4,1,738,738,F,K_LDP,A,367,272.0,247.14,1600,11.1,TTU080,31.55,202617,N,TU80,202619,13-MAY-26 00:00:00,,, ,B,K_LDP,272.0,TTU080,HR,12-MAY-26 08:00:07
4000536419,5,1,738,738,F,K_LDP,A,367,272.0,246.83,1600,11.1,TTU080,28.72,202617,N,TU80,202619,13-MAY-26 00:00:00,,, ,B,K_LDP,272.0,TTU080,HR,12-MAY-26 08:00:07
4000536419,8,1,738,738,F,K_LDP,A,367,272.0,247.4,1610,12.06,TTU080,30.8,202618,N,TU80,202620,13-MAY-26 00:00:00,,, ,B,K_LDP,272.0,TTU080,HR,12-MAY-26 08:00:07
4000535975,4,1,738,738,F,SCRM,L,367,270.0,149.87,1270,3.2,S02149,125.73,202617,N,SF93,202619,16-MAY-26 00:00:00,,, ,B,SCRM,270.0,S02149,HR,12-MAY-26 08:00:07
4000535975,5,1,738,738,F,SCRM,L,367,270.0,142.35,1270,3.2,S02149,133.6,202617,N,SF93,202619,16-MAY-26 00:00:00,,, ,B,SCRM,270.0,S02149,HR,12-MAY-26 08:00:07
9519672779,1,1,738,742,O,ACRM CRCA SPM,L,C01,87.0,42.95,1250,2.8,T01320,100.05,202615,N,SH08,202619,14-MAY-26 00:00:00,,, ,B,ACRM CRCA SPM,87.0,T01320,HR,12-MAY-26 08:00:07
9519672779,2,1,738,742,O,ACRM CRCA SPM,L,C01,116.0,0.0,1250,3.2,T01320,133.4,202616,N,SH08,202620,15-MAY-26 00:00:00,,, ,B,ACRM CRCA SPM,116.0,T01320,HR,12-MAY-26 08:00:07
9519643711,3,1,738,738,O,HR_DOM,A,367,34.0,0.0,1500,3.0,I17020,37.9,202623,N,HR05,202625,03-JUN-26 00:00:00,,, ,I,HR_DOM,34.0,I17020,HR,12-MAY-26 08:00:07
9519656265,1,1,738,738,O,HR_DOM,A,367,136.0,63.08,1500,5.0,I17021,77.1,202617,N,HR08,202618,15-MAY-26 00:00:00,,, ,B,HR_DOM,136.0,I17021,HR,12-MAY-26 08:00:07
9519666332,1,1,738,743,O,ACRM GP#3 WIDER SOFT,L,C02,28.0,23.7,1235,2.0,T01576,32.2,202619,N,HG02,202624,29-MAY-26 00:00:00,,, ,I,ACRM GP#3 WIDER SOFT,28.0,T01576,HR,12-MAY-26 08:00:07
9519666332,2,1,738,743,O,ACRM GP#3 WIDER SOFT,L,C02,28.0,26.81,1235,2.25,T01576,32.2,202619,N,HG02,202624,03-JUN-26 00:00:00,,, ,I,ACRM GP#3 WIDER SOFT,28.0,T01576,HR,12-MAY-26 08:00:07
9519666332,3,1,738,743,O,HR_DOM,,C02,28.0,0.0,0,0.0, ,0.0,202617,N,,202622,23-MAY-26 00:00:00,,, ,R,HR_DOM,28.0,,HR,12-MAY-26 08:00:07
4000535975,6,1,738,738,F,SCRM,L,367,270.0,228.02,1270,3.2,S02149,43.94,202617,N,SF93,202619,16-MAY-26 00:00:00,,, ,B,SCRM,270.0,S02149,HR,12-MAY-26 08:00:07
9519637916,1,1,738,738,O,HR_DOM,L,367,90.0,0.0,1250,2.0,THR085,97.17,202618,N,HR85,202619,16-MAY-26 00:00:00,,,,B,HR_DOM,90.0,THR085,HR,12-MAY-26 08:00:07
9519637916,2,1,738,738,O,HR_DOM,L,367,60.0,16.57,1250,3.0,THR085,46.96,202618,N,HR85,202619,16-MAY-26 00:00:00,,,,B,HR_DOM,60.0,THR085,HR,12-MAY-26 08:00:07
9519637916,3,1,738,738,O,HR_DOM,L,367,60.0,28.75,1250,3.8,THR085,33.74,202618,N,HR85,202619,16-MAY-26 00:00:00,,,,B,HR_DOM,60.0,THR085,HR,12-MAY-26 08:00:07
9519637916,4,1,738,738,O,HR_DOM,L,367,60.0,0.0,1250,4.5,THR085,64.78,202618,N,HR85,202619,16-MAY-26 00:00:00,,,,B,HR_DOM,60.0,THR085,HR,12-MAY-26 08:00:07
9519637916,5,1,738,738,O,HR_DOM,L,367,30.0,0.0,1250,6.0,THR085,32.39,202618,N,HR85,202619,16-MAY-26 00:00:00,,,,B,HR_DOM,30.0,THR085,HR,12-MAY-26 08:00:07
9519660319,5,1,738,742,O,ACRM CRCA CRS,L,C01,105.0,0.0,935,2.8,TSH067,120.75,202615,N,SH67,202620,14-MAY-26 00:00:00,,, ,B,ACRM CRCA CRS,105.0,TSH067,HR,12-MAY-26 08:00:07
9519660319,6,1,738,742,O,ACRM CRCA CRS,L,C01,105.0,0.0,935,2.8,TSH067,120.75,202617,N,SH67,202622,17-MAY-26 00:00:00,,,,B,ACRM CRCA CRS,105.0,TSH067,HR,12-MAY-26 08:00:07
9519673269,2,1,738,742,O,ACRM CRCA CRS,L,C01,57.99,0.0,1250,2.5,T01320,66.7,202615,N,SH08,202619,14-MAY-26 00:00:00,,, ,B,ACRM CRCA CRS,57.99,T01320,HR,12-MAY-26 08:00:07
9519642548,2,1,738,738,O,HR_DOM,L,367,90.0,0.0,1250,1.8,TIP001,92.31,202623,N,HG34,202625,03-JUN-26 00:00:00,,, ,I,HR_DOM,90.0,TIP001,HR,12-MAY-26 08:00:07
9519676932,1,1,738,738,O,HR_DOM,L,367,60.0,85.48,1250,2.0,I09497,0.0,202623,N,HG01,202625,25-MAY-26 00:00:00,,, ,R,HR_DOM,60.0,I09497,HR,12-MAY-26 08:00:07
9519676969,4,1,738,738,O,HR_DOM,L,367,90.0,77.92,1250,2.8,I09497,12.52,202623,N,HG01,202625,08-JUN-26 00:00:00,,, ,I,HR_DOM,90.0,I09497,HR,12-MAY-26 08:00:07
9519676969,3,1,738,738,O,HR_DOM,L,367,180.0,185.62,1250,2.5,I09497,22.49,202623,N,HG01,202625,08-JUN-26 00:00:00,,, ,I,HR_DOM,180.0,I09497,HR,12-MAY-26 08:00:07
9519676969,1,1,738,738,O,HR_DOM,L,367,120.0,0.0,1250,2.0,I09497,113.63,202623,N,HG01,202625,28-MAY-26 00:00:00,,, ,I,HR_DOM,120.0,I09497,HR,12-MAY-26 08:00:07
9519676969,2,1,738,738,O,HR_DOM,L,367,120.0,25.77,1250,2.2,I09497,97.62,202623,N,HG01,202625,25-MAY-26 00:00:00,,, ,I,HR_DOM,120.0,I09497,HR,12-MAY-26 08:00:07
9519619669,10,1,738,743,O,ACRM GP#3 NARROW,L,C02,147.0,0.0,925,2.25,T01576,169.05,202619,N,HG02,202623,26-MAY-26 00:00:00,,, ,Y,ACRM GP#3 NARROW,147.0,T01576,HR,12-MAY-26 08:00:07
9519619669,11,1,738,743,O,ACRM GP#3 NARROW,L,C02,147.0,0.0,925,2.25,T01576,169.05,202620,N,HG02,202624,30-MAY-26 00:00:00,,, ,I,ACRM GP#3 NARROW,147.0,T01576,HR,12-MAY-26 08:00:07
9519619669,12,1,738,743,O,ACRM GP#3 NARROW,L,C02,104.99,0.0,925,2.25,T01576,120.75,202620,N,HG02,202624,30-MAY-26 00:00:00,,, ,I,ACRM GP#3 NARROW,104.99,T01576,HR,12-MAY-26 08:00:07
9519619669,8,1,738,743,O,ACRM GP#3 NARROW,L,C02,147.0,0.0,925,2.25,T01576,169.05,202619,N,HG02,202623,26-MAY-26 00:00:00,,, ,Y,ACRM GP#3 NARROW,147.0,T01576,HR,12-MAY-26 08:00:07
9519619669,13,1,738,743,O,ACRM GP#3 NARROW,L,C02,104.999,0.0,925,2.3,T01576,120.75,202619,N,HG02,202623,26-MAY-26 00:00:00,,, ,Y,ACRM GP#3 NARROW,104.999,T01576,HR,12-MAY-26 08:00:07
9519619669,14,1,738,743,O,ACRM GP#3 NARROW,L,C02,105.0,0.0,925,2.3,T01576,120.75,202620,N,HG02,202624,30-MAY-26 00:00:00,,, ,I,ACRM GP#3 NARROW,105.0,T01576,HR,12-MAY-26 08:00:07
9519680402,1,1,738,738,O,HR_DOM,L,367,30.0,0.0,1250,1.6,TIP001,30.77,202620,N,HG34,202621,25-MAY-26 00:00:00,,,,R,HR_DOM,30.0,TIP001,HR,12-MAY-26 08:00:07
4000535851,7,1,738,738,F,SCRM,L,367,50.0,0.0,1250,2.0,TIP001,51.28,202618,N,HG34,202620,17-MAY-26 00:00:00,,,,B,SCRM,50.0,TIP001,HR,12-MAY-26 08:00:07
9519677022,1,1,738,738,O,HR_DOM,L,367,60.0,0.0,1250,2.0,I09497,62.16,202623,N,HG01,202625,27-MAY-26 00:00:00,,, ,R,HR_DOM,60.0,I09497,HR,12-MAY-26 08:00:07
9519677022,2,1,738,738,O,HR_DOM,L,367,60.0,0.0,1250,2.2,I09497,62.16,202623,N,HG01,202625,23-MAY-26 00:00:00,,, ,R,HR_DOM,60.0,I09497,HR,12-MAY-26 08:00:07
9519619505,10,1,738,743,O,ACRM GP#3 NARROW,L,C02,41.98,0.0,925,2.25,T01576,48.3,202620,N,HG02,202624,30-MAY-26 00:00:00,,, ,I,ACRM GP#3 NARROW,41.98,T01576,HR,12-MAY-26 08:00:07
9519619505,13,1,738,743,O,ACRM GP#3 NARROW,L,C02,104.99,0.0,925,2.3,T01576,120.75,202620,N,HG02,202624,30-MAY-26 00:00:00,,, ,I,ACRM GP#3 NARROW,104.99,T01576,HR,12-MAY-26 08:00:07
9519683584,27,1,738,738,O,HR_DOM,L,367,60.0,0.0,1250,2.5,TIP001,61.54,202623,N,HG34,202625,27-MAY-26 00:00:00,,, ,I,HR_DOM,60.0,TIP001,HR,12-MAY-26 08:00:07
9519683584,34,1,738,738,O,HR_DOM,L,367,120.0,57.86,1250,2.8,TIP001,63.73,202623,N,HG34,202625,27-MAY-26 00:00:00,,, ,I,HR_DOM,120.0,TIP001,HR,12-MAY-26 08:00:07
9519683584,14,1,738,738,O,HR_DOM,L,367,34.0,0.0,1500,2.0,TIP001,31.3,202623,N,HG34,202625,09-JUN-26 00:00:00,,, ,I,HR_DOM,34.0,TIP001,HR,12-MAY-26 08:00:07
9519684664,1,1,738,738,O,HR_DOM,A,367,102.0,74.32,1500,9.8,THB028,29.53,202623,N,HB28,202626,07-JUN-26 00:00:00,,, ,I,HR_DOM,102.0,THB028,HR,12-MAY-26 08:00:07
9519683678,1,1,738,738,O,HR_DOM,L,367,60.0,0.0,1250,2.8,T01604,61.54,202623,N,TU23,202625,27-MAY-26 00:00:00,,, ,I,HR_DOM,60.0,T01604,HR,12-MAY-26 08:00:07
9519683678,2,1,738,738,O,HR_DOM,L,367,30.0,0.0,1250,2.8,T01604,19.21,202623,N,TU23,202625,25-MAY-26 00:00:00,,, ,I,HR_DOM,30.0,T01604,HR,12-MAY-26 08:00:07
9519654712,6,1,738,742,F,ACRM CRCA SPM,L,C01,174.0,200.1,1250,4.0,T01069,200.1,202616,N,SH69,202621,16-MAY-26 00:00:00,,,,B,ACRM CRCA SPM,174.0,T01069,HR,12-MAY-26 08:00:07
4000536970,1,1,738,738,F,TUBE,L,727,84.0,0.0,195,2.25,T01576,88.8,202619,N,HG02,202621,03-JUN-26 00:00:00,,,,B,TUBE,84.0,T01576,HR,12-MAY-26 08:00:07
4000537052,2,1,738,738,F,SCRM,I,367,67.999,37.48,1515,3.2,T01052,31.94,202617,N,SD88,202620,14-MAY-26 00:00:00,,, ,B,SCRM,67.999,T01052,HR,12-MAY-26 08:00:07
9519624273,7,1,738,738,O,HR_DOM,L,367,132.0,0.0,1400,2.0,I09497,136.75,202623,N,HG01,202625,02-JUN-26 00:00:00,,, ,I,HR_DOM,132.0,I09497,HR,12-MAY-26 08:00:07
9519677022,3,1,738,738,O,HR_DOM,L,367,60.0,52.24,1250,2.5,I09497,0.0,202623,N,HG01,202625,25-MAY-26 00:00:00,,, ,R,HR_DOM,60.0,I09497,HR,12-MAY-26 08:00:07
9519677068,1,1,738,738,O,HR_DOM,L,367,90.0,0.0,1250,2.0,I09497,93.24,202623,N,HG01,202625,27-MAY-26 00:00:00,,, ,R,HR_DOM,90.0,I09497,HR,12-MAY-26 08:00:07
9519677068,2,1,738,738,O,HR_DOM,L,367,90.0,0.0,1250,2.5,I09497,93.24,202623,N,HG01,202625,27-MAY-26 00:00:00,,, ,R,HR_DOM,90.0,I09497,HR,12-MAY-26 08:00:07
4000533040,1,1,738,738,F,HR_SPC,A,367,272.0,102.31,1520,7.0,THA016,177.59,202618,N,HA19,202620,15-MAY-26 00:00:00,,,,B,HR_SPC,272.0,THA016,HR,12-MAY-26 08:00:07
4000533040,3,1,738,738,F,HR_SPC,A,367,272.0,0.0,1520,7.0,THA016,284.67,202619,N,HA19,202621,17-MAY-26 00:00:00,,, ,B,HR_SPC,272.0,THA016,HR,12-MAY-26 08:00:07
9519677025,1,1,738,738,O,HR_DOM,L,367,120.0,0.0,1250,2.0,I09497,124.32,202623,N,HG01,202625,26-MAY-26 00:00:00,,, ,R,HR_DOM,120.0,I09497,HR,12-MAY-26 08:00:07
9519677025,2,1,738,738,O,HR_DOM,L,367,60.0,0.0,1250,2.2,I09497,62.16,202623,N,HG01,202625,23-MAY-26 00:00:00,,, ,R,HR_DOM,60.0,I09497,HR,12-MAY-26 08:00:07
9519674491,4,1,738,738,O,HR_DOM,L,367,150.0,0.0,1250,1.8,TIP001,153.85,202623,N,HG34,202625,27-MAY-26 00:00:00,,, ,I,HR_DOM,150.0,TIP001,HR,12-MAY-26 08:00:07
9519674491,8,1,738,738,O,HR_DOM,L,367,120.0,0.0,1250,2.3,I09497,124.32,202623,N,HG01,202625,26-MAY-26 00:00:00,,, ,R,HR_DOM,120.0,I09497,HR,12-MAY-26 08:00:07
9519603056,7,1,738,738,O,HR_DOM,P,367,60.0,0.0,1250,2.8,I17022,61.54,202623,N,HR07,202625,09-JUN-26 00:00:00,,, ,I,HR_DOM,60.0,I17022,HR,12-MAY-26 08:00:07
9519603056,8,1,738,738,O,HR_DOM,P,367,30.0,0.0,1250,2.8,I17022,30.77,202623,N,HR07,202625,09-JUN-26 00:00:00,,, ,I,HR_DOM,30.0,I17022,HR,12-MAY-26 08:00:07
9519603056,9,1,738,738,O,HR_DOM,P,367,30.0,0.0,1250,2.8,I17022,30.77,202623,N,HR07,202625,09-JUN-26 00:00:00,,, ,I,HR_DOM,30.0,I17022,HR,12-MAY-26 08:00:07
9519674501,1,1,738,738,O,HR_DOM,L,367,210.0,27.96,1250,2.5,TIP001,186.71,202623,N,HG34,202625,27-MAY-26 00:00:00,,, ,I,HR_DOM,210.0,TIP001,HR,12-MAY-26 08:00:07
9519674501,3,1,738,738,O,HR_DOM,L,367,90.0,0.0,1250,2.8,TIP001,92.31,202623,N,HG34,202625,27-MAY-26 00:00:00,,, ,I,HR_DOM,90.0,TIP001,HR,12-MAY-26 08:00:07
9519674501,7,1,738,738,O,HR_DOM,A,367,34.0,0.0,1500,3.0,I17020,37.9,202623,N,HR05,202625,03-JUN-26 00:00:00,,, ,I,HR_DOM,34.0,I17020,HR,12-MAY-26 08:00:07
9519678789,4,1,738,738,O,HR_DOM,L,367,60.0,52.86,1250,2.2,I09497,0.0,202623,N,HG01,202625,28-MAY-26 00:00:00,,, ,I,HR_DOM,60.0,I09497,HR,12-MAY-26 08:00:07
9519678789,6,1,738,738,O,HR_DOM,L,367,120.0,113.38,1250,2.5,I09497,0.0,202619,N,HG01,202620,22-MAY-26 00:00:00,,, ,B,HR_DOM,120.0,I09497,HR,12-MAY-26 08:00:07
9519678789,1,1,738,738,O,HR_DOM,L,367,30.0,0.0,1250,1.6,I09497,31.08,202623,N,HG01,202625,28-MAY-26 00:00:00,,, ,I,HR_DOM,30.0,I09497,HR,12-MAY-26 08:00:07
9519678789,2,1,738,738,O,HR_DOM,L,367,60.0,0.0,1250,1.8,I09497,62.16,202623,N,HG01,202625,27-MAY-26 00:00:00,,, ,R,HR_DOM,60.0,I09497,HR,12-MAY-26 08:00:07
9519678789,3,1,738,738,O,HR_DOM,L,367,120.0,0.0,1250,2.0,I09497,124.32,202623,N,HG01,202625,26-MAY-26 00:00:00,,, ,R,HR_DOM,120.0,I09497,HR,12-MAY-26 08:00:07
9519678789,8,1,738,738,O,HR_DOM,L,367,60.0,54.06,1250,3.0,I09497,0.0,202623,N,HG01,202625,25-MAY-26 00:00:00,,, ,R,HR_DOM,60.0,I09497,HR,12-MAY-26 08:00:07
4000536952,5,1,738,738,F,HR_DOM,A,367,112.0,0.0,1250,2.3,THA038,127.64,202620,N,HA38,202623,31-MAY-26 00:00:00,,,,G,HR_DOM,112.0,THA038,HR,12-MAY-26 08:00:07
4000536952,2,1,738,738,F,HR_DOM,C,367,60.0,0.0,1230,4.0,THB046,72.4,202621,N,HB46,202623,28-MAY-26 00:00:00,,,,G,HR_DOM,60.0,THB046,HR,12-MAY-26 08:00:07
4000536952,4,1,738,738,F,HR_DOM,A,367,280.0,148.46,1250,2.3,THA038,149.9,202620,N,HA38,202623,29-MAY-26 00:00:00,,,,Y,HR_DOM,280.0,THA038,HR,12-MAY-26 08:00:07
4000536952,9,1,738,738,F,HR_DOM,C,367,90.0,47.66,1230,3.2,THB046,51.09,202621,N,HB46,202623,28-MAY-26 00:00:00,,,,Y,HR_DOM,90.0,THB046,HR,12-MAY-26 08:00:07
4000535851,8,1,738,738,F,SCRM,L,367,60.0,0.0,1250,2.0,THB001,61.54,202620,N,HR01,202622,26-MAY-26 00:00:00,,,,R,SCRM,60.0,THB001,HR,12-MAY-26 08:00:07
4000535851,17,1,738,738,F,SCRM,L,367,60.0,0.0,1250,2.0,THB001,61.54,202620,N,HR01,202622,26-MAY-26 00:00:00,,,,R,SCRM,60.0,THB001,HR,12-MAY-26 08:00:07
4000535851,18,1,738,738,F,SCRM,L,367,60.0,0.0,1250,2.0,TIP001,61.54,202620,N,HG34,202622,25-MAY-26 00:00:00,,,,R,SCRM,60.0,TIP001,HR,12-MAY-26 08:00:07
4000536741,3,1,738,738,F,HR_DOM,A,367,96.0,0.0,1500,12.0,I17021,101.51,202616,N,HR08,202617,15-MAY-26 00:00:00,,,,B,HR_DOM,96.0,I17021,HR,12-MAY-26 08:00:07
4000536741,5,1,738,738,F,HR_DOM,A,367,160.0,126.52,1500,10.0,I17021,35.4,202616,N,HR08,202617,15-MAY-26 00:00:00,,,,R,HR_DOM,160.0,I17021,HR,12-MAY-26 08:00:07
9519682876,5,1,738,738,O,HR_DOM,A,367,34.0,0.0,1500,3.0,I17020,37.9,202619,N,HR05,202621,20-MAY-26 00:00:00,,,,B,HR_DOM,34.0,I17020,HR,12-MAY-26 08:00:07
9519682876,6,1,738,738,O,HR_DOM,A,367,68.0,31.63,1500,3.0,I17020,29.95,202617,N,HR05,202619,14-MAY-26 00:00:00,,,,B,HR_DOM,68.0,I17020,HR,12-MAY-26 08:00:07
9519682876,7,1,738,738,O,HR_DOM,L,367,102.0,0.0,1500,2.0,TIP001,104.62,202620,N,HG34,202622,25-MAY-26 00:00:00,,,,R,HR_DOM,102.0,TIP001,HR,12-MAY-26 08:00:07
9519682876,1,1,738,738,O,HR_DOM,A,367,34.0,0.0,1500,5.0,I17021,35.95,202617,N,HR08,202619,16-MAY-26 00:00:00,,,,B,HR_DOM,34.0,I17021,HR,12-MAY-26 08:00:07
9519678789,14,1,738,738,O,HR_DOM,L,367,120.0,57.51,1250,4.8,I09497,64.74,202621,N,HG01,202623,03-JUN-26 00:00:00,,, ,G,HR_DOM,120.0,I09497,HR,12-MAY-26 08:00:07
4000536745,1,1,738,738,F,CRM_TSJ,I,367,300.0,197.36,1270,3.6,T01052,107.98,202616,N,SD88,202618,14-MAY-26 00:00:00,,,,B,CRM_TSJ,300.0,T01052,HR,12-MAY-26 08:00:07
9519681373,1,1,738,742,O,HR_DOM,,768,57.9,0.0,0,0.0, ,0.0,202618,N,,202620,17-MAY-26 00:00:00,,, ,B,HR_DOM,57.9,,HR,12-MAY-26 08:00:07
9519681373,2,1,738,742,O,ACRM HRPO,A,768,115.9,22.38,1250,2.9,THR099,133.4,202618,N,HR99,202620,17-MAY-26 00:00:00,,, ,B,ACRM HRPO,115.9,THR099,HR,12-MAY-26 08:00:07
9519681373,3,1,738,742,O,HR_DOM,,768,28.9,0.0,0,0.0, ,0.0,202618,N,,202620,17-MAY-26 00:00:00,,, ,B,HR_DOM,28.9,,HR,12-MAY-26 08:00:07
9519681373,4,1,738,742,O,HR_DOM,,768,57.9,0.0,0,0.0, ,0.0,202618,N,,202620,17-MAY-26 00:00:00,,, ,B,HR_DOM,57.9,,HR,12-MAY-26 08:00:07
4000536915,1,1,738,738,F,HR_SPC,A,367,150.0,23.6,1250,3.4,THA038,144.05,202619,N,HA38,202622,03-JUN-26 00:00:00,,, ,R,HR_SPC,150.0,THA038,HR,12-MAY-26 08:00:07
4000536915,2,1,738,738,F,HR_SPC,A,367,170.0,125.6,1440,3.7,THA038,50.6,202617,N,HA38,202620,03-JUN-26 00:00:00,,,,B,HR_SPC,170.0,THA038,HR,12-MAY-26 08:00:07
4000537116,2,1,738,738,F,SCRM,I,367,240.0,56.87,1270,3.2,T01052,191.67,202618,N,SD88,202620,28-MAY-26 00:00:00,,,,Y,SCRM,240.0,T01052,HR,12-MAY-26 08:00:07
4000537116,3,1,738,738,F,SCRM,I,367,28.0,0.0,1170,3.2,BSL002,29.3,202619,N,BS02,202621,31-MAY-26 00:00:00,,,,G,SCRM,28.0,BSL002,HR,12-MAY-26 08:00:07
4000537116,4,1,738,738,F,SCRM,I,367,90.0,0.0,1230,3.2,T01052,94.19,202618,N,SD88,202620,28-MAY-26 00:00:00,,,,Y,SCRM,90.0,T01052,HR,12-MAY-26 08:00:07
4000537116,5,1,738,738,F,SCRM,I,367,140.0,109.11,1170,3.2,T01052,34.58,202618,N,SD88,202620,23-MAY-26 00:00:00,,,,R,SCRM,140.0,T01052,HR,12-MAY-26 08:00:07
4000537116,6,1,738,738,F,SCRM,I,367,90.0,29.3,1340,3.2,T01052,63.53,202618,N,SD88,202620,15-MAY-26 00:00:00,,,,B,SCRM,90.0,T01052,HR,12-MAY-26 08:00:07
4000536710,3,1,738,738,F,HR_SPC,A,367,272.0,231.31,1440,4.4,THA038,46.41,202623,N,HA38,202626,10-JUN-26 00:00:00,,, ,I,HR_SPC,272.0,THA038,HR,12-MAY-26 08:00:07
4000536710,6,1,738,738,F,HR_SPC,A,367,272.0,198.75,1440,4.4,THA038,84.13,202617,N,HA38,202620,03-JUN-26 00:00:00,,,,B,HR_SPC,272.0,THA038,HR,12-MAY-26 08:00:07
9519684782,1,1,738,742,O,ACRM HRPO,A,768,116.0,110.47,1250,2.0,THR099,133.4,202620,N,HR99,202622,24-MAY-26 00:00:00,,,,R,ACRM HRPO,116.0,THR099,HR,12-MAY-26 08:00:07
9519656611,1,1,738,738,O,HR_DOM,A,367,34.0,0.0,1500,3.0,I17020,37.9,202623,N,HR05,202624,03-JUN-26 00:00:00,,, ,I,HR_DOM,34.0,I17020,HR,12-MAY-26 08:00:07
9519656611,2,1,738,738,O,HR_DOM,A,367,34.0,0.0,1500,4.0,I17020,37.9,202623,N,HR05,202624,03-JUN-26 00:00:00,,, ,I,HR_DOM,34.0,I17020,HR,12-MAY-26 08:00:07
9519636393,5,1,738,743,O,ACRM GP#3 NARROW,L,C02,63.0,0.0,925,2.3,T01576,72.45,202619,N,HG02,202623,26-MAY-26 00:00:00,,, ,Y,ACRM GP#3 NARROW,63.0,T01576,HR,12-MAY-26 08:00:07
9519676915,1,1,738,738,O,HR_DOM,L,367,120.0,0.0,1250,2.0,I09497,124.32,202623,N,HG01,202625,26-MAY-26 00:00:00,,, ,R,HR_DOM,120.0,I09497,HR,12-MAY-26 08:00:07
4000536915,3,1,738,738,F,HR_SPC,A,367,272.0,0.0,1440,4.4,THA038,309.97,202619,N,HA38,202622,03-JUN-26 00:00:00,,, ,R,HR_SPC,272.0,THA038,HR,12-MAY-26 08:00:07
4000536915,4,1,738,738,F,HR_SPC,A,367,238.0,0.0,1440,4.4,THA038,271.23,202619,N,HA38,202622,03-JUN-26 00:00:00,,, ,R,HR_SPC,238.0,THA038,HR,12-MAY-26 08:00:07
4000536915,5,1,738,738,F,HR_SPC,A,367,136.0,0.0,1440,4.6,THA038,154.99,202619,N,HA38,202622,03-JUN-26 00:00:00,,, ,R,HR_SPC,136.0,THA038,HR,12-MAY-26 08:00:07
4000536915,6,1,738,738,F,HR_SPC,A,367,120.0,90.54,1260,3.8,THA038,33.57,202619,N,HA38,202622,03-JUN-26 00:00:00,,, ,R,HR_SPC,120.0,THA038,HR,12-MAY-26 08:00:07
9519684782,3,1,738,742,O,ACRM HRPO,A,768,87.0,88.29,1250,2.9,THR099,100.05,202620,N,HR99,202622,24-MAY-26 00:00:00,,,,R,ACRM HRPO,87.0,THR099,HR,12-MAY-26 08:00:07
9519684782,4,1,738,742,O,ACRM HRPO,A,768,145.0,66.2,1250,3.0,THR099,166.75,202620,N,HR99,202622,24-MAY-26 00:00:00,,,,R,ACRM HRPO,145.0,THR099,HR,12-MAY-26 08:00:07
9519684782,6,1,738,742,O,ACRM HRPO,A,768,87.0,21.92,1250,3.5,THR099,100.05,202620,N,HR99,202622,24-MAY-26 00:00:00,,,,R,ACRM HRPO,87.0,THR099,HR,12-MAY-26 08:00:07
9519684782,7,1,738,742,O,ACRM HRPO,A,768,116.0,0.0,1250,4.0,THR099,133.4,202620,N,HR99,202622,24-MAY-26 00:00:00,,,,R,ACRM HRPO,116.0,THR099,HR,12-MAY-26 08:00:07
9519676916,2,1,738,738,O,HR_DOM,L,367,60.0,53.27,1250,2.2,I09497,0.0,202623,N,HG01,202625,10-JUN-26 00:00:00,,, ,I,HR_DOM,60.0,I09497,HR,12-MAY-26 08:00:07
9519676916,4,1,738,738,O,HR_DOM,L,367,120.0,76.39,1250,2.9,I09497,45.18,202623,N,HG01,202625,25-MAY-26 00:00:00,,, ,R,HR_DOM,120.0,I09497,HR,12-MAY-26 08:00:07
9519677065,1,1,738,738,O,HR_DOM,L,367,60.0,0.0,1250,2.0,I09497,62.16,202623,N,HG01,202625,27-MAY-26 00:00:00,,, ,R,HR_DOM,60.0,I09497,HR,12-MAY-26 08:00:07
9519677065,2,1,738,738,O,HR_DOM,L,367,60.0,0.0,1250,2.2,I09497,62.16,202623,N,HG01,202625,27-MAY-26 00:00:00,,, ,R,HR_DOM,60.0,I09497,HR,12-MAY-26 08:00:07
9519678673,3,1,738,738,O,HR_DOM,L,367,30.0,0.0,1250,2.3,I09497,31.08,202619,N,HG01,202621,14-MAY-26 00:00:00,,,,B,HR_DOM,30.0,I09497,HR,12-MAY-26 08:00:07
9519678673,5,1,738,738,O,HR_DOM,L,367,66.0,0.0,1400,2.0,TIP001,67.69,202620,N,HG34,202622,24-MAY-26 00:00:00,,,,R,HR_DOM,66.0,TIP001,HR,12-MAY-26 08:00:07
4000536362,2,1,738,742,F,ACRM HRPO,A,768,58.0,44.29,1250,3.0,THR099,66.7,202616,N,HR99,202618,14-MAY-26 00:00:00,,,,B,ACRM HRPO,58.0,THR099,HR,12-MAY-26 08:00:07
9519679554,5,1,738,742,O,ACRM HRPO,A,768,87.0,66.37,1250,3.0,THR099,100.05,202617,N,HR99,202620,17-MAY-26 00:00:00,,,,B,ACRM HRPO,87.0,THR099,HR,12-MAY-26 08:00:07
9519655928,10,1,738,738,O,HR_DOM,A,367,101.999,94.54,1500,12.0,THG038,0.0,202617,N,HG38,202619,17-MAY-26 00:00:00,,, ,B,HR_DOM,101.999,THG038,HR,12-MAY-26 08:00:07
9519636042,3,1,738,738,O,HR_DOM,L,691,30.0,0.0,1250,2.5,TIP001,31.4,202616,N,HG34,202618,15-MAY-26 00:00:00,,, ,B,HR_DOM,30.0,TIP001,HR,12-MAY-26 08:00:07
9519636042,11,1,738,738,O,HR_DOM,A,368,35.0,0.0,1500,16.0,UNB020,37.0,202616,N,UN20,202618,15-MAY-26 00:00:00,,, ,B,HR_DOM,35.0,UNB020,HR,12-MAY-26 08:00:07
9519659271,4,1,738,742,O,ACRM HRPO,A,768,58.0,43.85,1250,3.0,THR099,66.7,202617,N,HR99,202620,17-MAY-26 00:00:00,,,,B,ACRM HRPO,58.0,THR099,HR,12-MAY-26 08:00:07
9519681349,1,1,738,742,O,HR_DOM,,768,58.0,0.0,0,0.0, ,0.0,202617,N,,202620,17-MAY-26 00:00:00,,,,B,HR_DOM,58.0,,HR,12-MAY-26 08:00:07
9519681349,2,1,738,742,O,HR_DOM,,768,58.0,0.0,0,0.0, ,0.0,202617,N,,202620,17-MAY-26 00:00:00,,,,B,HR_DOM,58.0,,HR,12-MAY-26 08:00:07
9519681349,3,1,738,742,O,HR_DOM,,768,58.0,0.0,0,0.0, ,0.0,202617,N,,202620,17-MAY-26 00:00:00,,,,B,HR_DOM,58.0,,HR,12-MAY-26 08:00:07
9519681349,4,1,738,742,O,HR_DOM,,768,58.0,0.0,0,0.0, ,0.0,202617,N,,202620,17-MAY-26 00:00:00,,,,B,HR_DOM,58.0,,HR,12-MAY-26 08:00:07
9519681368,1,1,738,742,O,HR_DOM,,768,116.0,0.0,0,0.0, ,0.0,202617,N,,202620,16-MAY-26 00:00:00,,,,B,HR_DOM,116.0,,HR,12-MAY-26 08:00:07
9519681368,2,1,738,742,O,HR_DOM,,768,87.0,0.0,0,0.0, ,0.0,202617,N,,202620,17-MAY-26 00:00:00,,,,B,HR_DOM,87.0,,HR,12-MAY-26 08:00:07
9519681368,3,1,738,742,O,HR_DOM,,768,116.0,0.0,0,0.0, ,0.0,202617,N,,202620,16-MAY-26 00:00:00,,,,B,HR_DOM,116.0,,HR,12-MAY-26 08:00:07
9519659758,1,1,738,742,O,HR_DOM,,768,29.0,0.0,0,0.0, ,0.0,202615,N,,202617,14-MAY-26 00:00:00,,,,B,HR_DOM,29.0,,HR,12-MAY-26 08:00:07
9519659758,2,1,738,742,O,HR_DOM,,768,58.0,0.0,0,0.0, ,0.0,202615,N,,202617,14-MAY-26 00:00:00,,,,B,HR_DOM,58.0,,HR,12-MAY-26 08:00:07
9519659758,3,1,738,742,O,HR_DOM,,768,29.0,0.0,0,0.0, ,0.0,202615,N,,202617,14-MAY-26 00:00:00,,,,B,HR_DOM,29.0,,HR,12-MAY-26 08:00:07
9519660585,3,1,738,742,O,ACRM HRPO,A,768,28.99,0.0,1250,4.0,THR099,33.35,202618,N,HR99,202620,17-MAY-26 00:00:00,,, ,B,ACRM HRPO,28.99,THR099,HR,12-MAY-26 08:00:07
9519659990,1,1,738,742,O,HR_DOM,,768,58.0,0.0,0,0.0, ,0.0,202617,N,,202620,17-MAY-26 00:00:00,,, ,B,HR_DOM,58.0,,HR,12-MAY-26 08:00:07
9519659990,2,1,738,742,O,HR_DOM,,768,29.0,0.0,0,0.0, ,0.0,202617,N,,202620,17-MAY-26 00:00:00,,, ,B,HR_DOM,29.0,,HR,12-MAY-26 08:00:07
9519659990,3,1,738,742,O,HR_DOM,,768,29.0,0.0,0,0.0, ,0.0,202615,N,,202618,14-MAY-26 00:00:00,,,,B,HR_DOM,29.0,,HR,12-MAY-26 08:00:07
9519615959,1,1,738,742,O,HR_DOM,,768,58.0,0.0,0,0.0, ,0.0,202618,N,,202620,17-MAY-26 00:00:00,,, ,B,HR_DOM,58.0,,HR,12-MAY-26 08:00:07
9519615959,2,1,738,742,O,HR_DOM,,768,58.0,0.0,0,0.0, ,0.0,202618,N,,202620,17-MAY-26 00:00:00,,, ,B,HR_DOM,58.0,,HR,12-MAY-26 08:00:07
9519676886,4,1,738,738,O,HR_DOM,L,367,90.0,0.0,1250,2.5,I09497,93.24,202623,N,HG01,202625,27-MAY-26 00:00:00,,, ,R,HR_DOM,90.0,I09497,HR,12-MAY-26 08:00:07
9519676886,1,1,738,738,O,HR_DOM,L,367,120.0,139.43,1250,2.0,I09497,26.76,202623,N,HG01,202625,25-MAY-26 00:00:00,,, ,R,HR_DOM,120.0,I09497,HR,12-MAY-26 08:00:07
9519676886,2,1,738,738,O,HR_DOM,L,367,60.0,23.8,1250,2.2,I09497,37.5,202623,N,HG01,202625,25-MAY-26 00:00:00,,, ,R,HR_DOM,60.0,I09497,HR,12-MAY-26 08:00:07
9519676886,3,1,738,738,O,HR_DOM,L,367,90.0,0.0,1250,2.3,I09497,93.24,202623,N,HG01,202625,27-MAY-26 00:00:00,,, ,R,HR_DOM,90.0,I09497,HR,12-MAY-26 08:00:07
9519681784,3,1,738,742,O,HR_DOM,,768,29.0,0.0,0,0.0, ,0.0,202617,N,,202620,17-MAY-26 00:00:00,,,,B,HR_DOM,29.0,,HR,12-MAY-26 08:00:07
9519681784,4,1,738,742,O,HR_DOM,,768,58.0,0.0,0,0.0, ,0.0,202617,N,,202620,17-MAY-26 00:00:00,,,,B,HR_DOM,58.0,,HR,12-MAY-26 08:00:07
9519681784,5,1,738,742,O,HR_DOM,,768,29.0,0.0,0,0.0, ,0.0,202617,N,,202620,17-MAY-26 00:00:00,,,,B,HR_DOM,29.0,,HR,12-MAY-26 08:00:07
9519680578,4,1,738,742,O,HR_DOM,,768,116.0,0.0,0,0.0, ,0.0,202617,N,,202620,16-MAY-26 00:00:00,,,,B,HR_DOM,116.0,,HR,12-MAY-26 08:00:07
9519684367,7,1,738,738,O,HR_DOM,P,367,120.0,0.0,1260,4.0,BSL017,123.08,202618,N,BS17,202619,17-MAY-26 00:00:00,,,,B,HR_DOM,120.0,BSL017,HR,12-MAY-26 08:00:07
9519684367,27,1,738,738,O,HR_DOM,P,367,290.0,0.0,1220,5.5,BSL017,297.44,202618,N,BS17,202619,16-MAY-26 00:00:00,,,,B,HR_DOM,290.0,BSL017,HR,12-MAY-26 08:00:07
9519684367,28,1,738,738,O,HR_DOM,L,367,150.0,86.38,1250,3.5,T01576,58.31,202617,N,HG02,202618,14-MAY-26 00:00:00,,,,B,HR_DOM,150.0,T01576,HR,12-MAY-26 08:00:07
9519684367,31,1,738,738,O,HR_DOM,L,367,300.0,84.15,1250,2.5,T01576,223.63,202617,N,HG02,202618,15-MAY-26 00:00:00,,,,B,HR_DOM,300.0,T01576,HR,12-MAY-26 08:00:07
9519684367,1,1,738,738,O,HR_DOM,L,367,120.0,0.0,1250,3.0,T01576,124.33,202617,N,HG02,202618,15-MAY-26 00:00:00,,,,B,HR_DOM,120.0,T01576,HR,12-MAY-26 08:00:07
9519684367,3,1,738,738,O,HR_DOM,L,367,120.0,0.0,1250,6.0,T01576,117.2,202617,N,HG02,202618,14-MAY-26 00:00:00,,,,B,HR_DOM,120.0,T01576,HR,12-MAY-26 08:00:07
9519596989,5,1,738,738,O,HR_DOM,L,691,70.0,31.12,1500,3.0,TIP001,42.3,202616,N,HG34,202619,15-MAY-26 00:00:00,,, ,B,HR_DOM,70.0,TIP001,HR,12-MAY-26 08:00:07
9519596989,6,1,738,738,O,HR_DOM,L,691,60.0,29.0,1250,4.0,TIP001,62.8,202616,N,HG34,202619,14-MAY-26 00:00:00,,, ,B,HR_DOM,60.0,TIP001,HR,12-MAY-26 08:00:07
9519596989,16,1,738,738,O,HR_DOM,L,368,30.0,0.0,1500,12.0,UNB092,32.37,202616,N,UN92,202619,15-MAY-26 00:00:00,,, ,B,HR_DOM,30.0,UNB092,HR,12-MAY-26 08:00:07
9519612677,1,1,738,738,O,HR_DOM,L,B69,300.0,292.87,1250,1.6,THR085,109.2,202617,N,HR85,202620,16-MAY-26 00:00:00,,,,B,HR_DOM,300.0,THR085,HR,12-MAY-26 08:00:07
4000536734,4,1,738,738,F,HR_DOM,P,367,120.0,0.0,1250,3.0,BSL086,124.32,202623,N,BS86,202624,08-JUN-26 00:00:00,,, ,I,HR_DOM,120.0,BSL086,HR,12-MAY-26 08:00:07
9519682415,1,1,738,738,O,HR_DOM,L,367,150.0,0.0,1250,2.0,TIP001,153.85,202620,N,HG34,202622,23-MAY-26 00:00:00,,,,R,HR_DOM,150.0,TIP001,HR,12-MAY-26 08:00:07
9519615959,3,1,738,742,O,HR_DOM,,768,29.0,0.0,0,0.0, ,0.0,202618,N,,202620,17-MAY-26 00:00:00,,, ,B,HR_DOM,29.0,,HR,12-MAY-26 08:00:07
9519615959,4,1,738,742,O,HR_DOM,,768,29.0,0.0,0,0.0, ,0.0,202618,N,,202620,17-MAY-26 00:00:00,,, ,B,HR_DOM,29.0,,HR,12-MAY-26 08:00:07
9519615959,5,1,738,742,O,HR_DOM,,768,29.0,0.0,0,0.0, ,0.0,202618,N,,202620,17-MAY-26 00:00:00,,, ,B,HR_DOM,29.0,,HR,12-MAY-26 08:00:07
9519659941,1,1,738,742,O,HR_DOM,,768,29.0,0.0,0,0.0, ,0.0,202617,N,,202620,17-MAY-26 00:00:00,,, ,B,HR_DOM,29.0,,HR,12-MAY-26 08:00:07
9519659941,2,1,738,742,O,HR_DOM,,768,58.0,0.0,0,0.0, ,0.0,202617,N,,202620,17-MAY-26 00:00:00,,, ,B,HR_DOM,58.0,,HR,12-MAY-26 08:00:07
4000534535,4,1,738,738,F,HR_DOM,L,B69,300.0,57.32,1250,2.0,THR085,262.1,202617,N,HR85,202620,16-MAY-26 00:00:00,,,,B,HR_DOM,300.0,THR085,HR,12-MAY-26 08:00:07
9519659267,1,1,738,742,O,HR_DOM,,768,58.0,0.0,0,0.0, ,0.0,202618,N,,202621,18-MAY-26 00:00:00,,, ,B,HR_DOM,58.0,,HR,12-MAY-26 08:00:07
9519659267,2,1,738,742,O,HR_DOM,,768,87.0,0.0,0,0.0, ,0.0,202618,N,,202621,18-MAY-26 00:00:00,,, ,B,HR_DOM,87.0,,HR,12-MAY-26 08:00:07
9519659267,3,1,738,742,O,HR_DOM,,768,116.0,0.0,0,0.0, ,0.0,202618,N,,202621,18-MAY-26 00:00:00,,, ,B,HR_DOM,116.0,,HR,12-MAY-26 08:00:07
9519659267,4,1,738,742,O,HR_DOM,,768,87.0,0.0,0,0.0, ,0.0,202618,N,,202621,18-MAY-26 00:00:00,,, ,B,HR_DOM,87.0,,HR,12-MAY-26 08:00:07
9519659680,1,1,738,742,O,HR_DOM,,768,58.0,0.0,0,0.0, ,0.0,202615,N,,202617,14-MAY-26 00:00:00,,,,B,HR_DOM,58.0,,HR,12-MAY-26 08:00:07
9519659680,2,1,738,742,O,HR_DOM,,768,29.0,0.0,0,0.0, ,0.0,202615,N,,202617,14-MAY-26 00:00:00,,,,B,HR_DOM,29.0,,HR,12-MAY-26 08:00:07
9519659680,3,1,738,742,O,HR_DOM,,768,29.0,0.0,0,0.0, ,0.0,202615,N,,202617,14-MAY-26 00:00:00,,,,B,HR_DOM,29.0,,HR,12-MAY-26 08:00:07
9519588208,1,1,738,738,O,HR_DOM,L,B69,270.007,229.26,1250,1.6,TIP001,45.43,202616,N,HG34,202618,15-MAY-26 00:00:00,,, ,B,HR_DOM,270.007,TIP001,HR,12-MAY-26 08:00:07
9519680578,1,1,738,742,O,ACRM HRPO,A,768,116.0,0.0,1250,2.0,THR099,133.4,202617,N,HR99,202620,17-MAY-26 00:00:00,,,,B,ACRM HRPO,116.0,THR099,HR,12-MAY-26 08:00:07
9519680578,2,1,738,742,O,HR_DOM,,768,116.0,0.0,0,0.0, ,0.0,202617,N,,202620,16-MAY-26 00:00:00,,,,B,HR_DOM,116.0,,HR,12-MAY-26 08:00:07
9519680578,3,1,738,742,O,HR_DOM,,768,116.0,0.0,0,0.0, ,0.0,202617,N,,202620,16-MAY-26 00:00:00,,,,B,HR_DOM,116.0,,HR,12-MAY-26 08:00:07
4000536816,2,1,738,742,F,ACRM HRPO,A,768,116.0,53.68,1250,3.0,THR099,133.4,202620,N,HR99,202622,27-MAY-26 00:00:00,,,,R,ACRM HRPO,116.0,THR099,HR,12-MAY-26 08:00:07
4000536816,3,1,738,742,F,ACRM HRPO,A,768,116.0,0.0,1250,4.0,THR099,133.4,202620,N,HR99,202622,27-MAY-26 00:00:00,,,,R,ACRM HRPO,116.0,THR099,HR,12-MAY-26 08:00:07
9519681213,2,1,738,742,O,ACRM HRPO,A,768,58.0,21.68,1250,3.0,THR099,66.7,202619,N,HR99,202621,18-MAY-26 00:00:00,,,,B,ACRM HRPO,58.0,THR099,HR,12-MAY-26 08:00:07
9519684367,5,1,738,738,O,HR_DOM,L,367,120.0,86.18,1250,3.5,TIP001,34.69,202617,N,HG34,202618,15-MAY-26 00:00:00,,,,B,HR_DOM,120.0,TIP001,HR,12-MAY-26 08:00:07
9519612677,2,1,738,738,O,HR_DOM,L,B69,300.0,143.76,1250,2.0,THR085,168.85,202616,N,HR85,202619,15-MAY-26 00:00:00,,, ,B,HR_DOM,300.0,THR085,HR,12-MAY-26 08:00:07
9519658455,3,1,738,738,O,HR_DOM,L,368,29.001,28.26,1250,8.0,I09508,17.51,202616,N,HG22,202618,15-MAY-26 00:00:00,,, ,B,HR_DOM,29.001,I09508,HR,12-MAY-26 08:00:07
9519658455,4,1,738,738,O,HR_DOM,L,368,78.007,57.54,1250,10.0,I09508,23.32,202615,N,HG22,202617,14-MAY-26 00:00:00,,, ,B,HR_DOM,78.007,I09508,HR,12-MAY-26 08:00:07
9519619926,3,1,738,738,O,HR_DOM,L,B69,150.0,116.1,1250,2.0,THR085,38.12,202616,N,HR85,202618,15-MAY-26 00:00:00,,, ,B,HR_DOM,150.0,THR085,HR,12-MAY-26 08:00:07
9519674338,2,1,738,742,O,ACRM HRPO,A,768,87.0,88.42,1250,2.0,THR099,100.05,202617,N,HR99,202619,15-MAY-26 00:00:00,,, ,B,ACRM HRPO,87.0,THR099,HR,12-MAY-26 08:00:07
9519674338,5,1,738,742,O,ACRM HRPO,A,768,58.0,44.12,1250,4.0,THR099,66.7,202617,N,HR99,202619,15-MAY-26 00:00:00,,, ,B,ACRM HRPO,58.0,THR099,HR,12-MAY-26 08:00:07
9519668102,1,1,738,742,O,HR_DOM,,768,116.0,0.0,0,0.0, ,0.0,202617,N,,202620,16-MAY-26 00:00:00,,, ,B,HR_DOM,116.0,,HR,12-MAY-26 08:00:07
9519681213,3,1,738,742,O,ACRM HRPO,A,768,58.0,0.0,1250,4.0,THR099,66.7,202619,N,HR99,202621,18-MAY-26 00:00:00,,,,B,ACRM HRPO,58.0,THR099,HR,12-MAY-26 08:00:07
4000536154,2,1,738,742,F,ACRM HRPO,A,768,150.0,110.42,1250,2.0,THR099,200.1,202616,N,HR99,202619,15-MAY-26 00:00:00,,, ,B,ACRM HRPO,150.0,THR099,HR,12-MAY-26 08:00:07
9519684386,11,1,738,738,O,HR_DOM,L,367,120.0,0.0,1250,5.0,T01576,124.32,202620,N,HG02,202621,23-MAY-26 00:00:00,,,,R,HR_DOM,120.0,T01576,HR,12-MAY-26 08:00:07
9519684386,1,1,738,738,O,HR_DOM,S,367,272.0,0.0,1515,2.5,BSL074,278.97,202623,N,BS74,202625,09-JUN-26 00:00:00,,, ,I,HR_DOM,272.0,BSL074,HR,12-MAY-26 08:00:07
9519684386,2,1,738,738,O,HR_DOM,S,367,272.0,0.0,1515,2.5,BSL074,278.97,202623,N,BS74,202625,09-JUN-26 00:00:00,,, ,I,HR_DOM,272.0,BSL074,HR,12-MAY-26 08:00:07
9519684386,3,1,738,738,O,HR_DOM,S,367,170.0,0.0,1515,2.5,BSL074,174.36,202623,N,BS74,202625,10-JUN-26 00:00:00,,, ,I,HR_DOM,170.0,BSL074,HR,12-MAY-26 08:00:07
9519684386,4,1,738,738,O,HR_DOM,S,367,170.0,0.0,1515,2.8,BSL074,174.36,202623,N,BS74,202625,10-JUN-26 00:00:00,,, ,I,HR_DOM,170.0,BSL074,HR,12-MAY-26 08:00:07
9519684386,5,1,738,738,O,HR_DOM,S,367,170.0,0.0,1515,3.2,BSL074,174.36,202623,N,BS74,202625,10-JUN-26 00:00:00,,, ,I,HR_DOM,170.0,BSL074,HR,12-MAY-26 08:00:07
9519684386,6,1,738,738,O,HR_DOM,L,367,300.0,0.0,1250,2.5,T01576,310.8,202617,N,HG02,202618,15-MAY-26 00:00:00,,,,B,HR_DOM,300.0,T01576,HR,12-MAY-26 08:00:07
9519684386,7,1,738,738,O,HR_DOM,L,367,60.0,28.71,1250,3.0,T01576,29.47,202617,N,HG02,202618,15-MAY-26 00:00:00,,,,B,HR_DOM,60.0,T01576,HR,12-MAY-26 08:00:07
9519619926,4,1,738,738,O,HR_DOM,L,B69,150.0,0.0,1250,2.0,THR085,161.94,202616,N,HR85,202618,15-MAY-26 00:00:00,,, ,B,HR_DOM,150.0,THR085,HR,12-MAY-26 08:00:07
4000536845,4,1,738,738,F,HR_DOM,A,367,224.0,157.97,1500,8.0,I17021,69.82,202616,N,HR08,202617,14-MAY-26 00:00:00,,,,R,HR_DOM,224.0,I17021,HR,12-MAY-26 08:00:07
9519684386,8,1,738,738,O,HR_DOM,L,367,150.0,0.0,1250,3.5,T01576,155.4,202620,N,HG02,202621,23-MAY-26 00:00:00,,,,R,HR_DOM,150.0,T01576,HR,12-MAY-26 08:00:07
9519684386,10,1,738,738,O,HR_DOM,L,367,120.0,0.0,1250,4.5,T01576,124.32,202620,N,HG02,202621,23-MAY-26 00:00:00,,,,R,HR_DOM,120.0,T01576,HR,12-MAY-26 08:00:07
9519684386,12,1,738,738,O,HR_DOM,L,367,120.0,0.0,1250,5.5,T01576,124.32,202620,N,HG02,202621,23-MAY-26 00:00:00,,,,R,HR_DOM,120.0,T01576,HR,12-MAY-26 08:00:07
9519684395,1,1,738,738,O,HR_DOM,L,367,210.0,0.0,1250,2.5,T01576,217.56,202620,N,HG02,202621,23-MAY-26 00:00:00,,,,R,HR_DOM,210.0,T01576,HR,12-MAY-26 08:00:07
9519684395,6,1,738,738,O,HR_DOM,L,367,120.0,0.0,1250,6.0,T01576,124.32,202621,N,HG02,202622,25-MAY-26 00:00:00,,,,G,HR_DOM,120.0,T01576,HR,12-MAY-26 08:00:07
9519684395,2,1,738,738,O,HR_DOM,L,367,120.0,0.0,1250,3.0,T01576,124.32,202620,N,HG02,202621,23-MAY-26 00:00:00,,,,R,HR_DOM,120.0,T01576,HR,12-MAY-26 08:00:07
9519684395,3,1,738,738,O,HR_DOM,L,367,120.0,0.0,1250,3.5,T01576,124.32,202620,N,HG02,202621,23-MAY-26 00:00:00,,,,R,HR_DOM,120.0,T01576,HR,12-MAY-26 08:00:07
9519684395,4,1,738,738,O,HR_DOM,L,367,120.0,114.72,1250,4.0,T01576,0.0,202621,N,HG02,202622,25-MAY-26 00:00:00,,,,G,HR_DOM,120.0,T01576,HR,12-MAY-26 08:00:07
9519684395,5,1,738,738,O,HR_DOM,L,367,120.0,0.0,1250,4.5,T01576,124.32,202621,N,HG02,202622,25-MAY-26 00:00:00,,,,G,HR_DOM,120.0,T01576,HR,12-MAY-26 08:00:07
9519684409,1,1,738,738,O,HR_DOM,L,367,210.0,0.0,1250,2.5,T01576,217.56,202621,N,HG02,202622,27-MAY-26 00:00:00,,,,G,HR_DOM,210.0,T01576,HR,12-MAY-26 08:00:07
4000536851,4,1,738,738,F,SCRM,I,367,120.0,0.0,1270,3.2,T01052,125.59,202618,N,SD88,202620,27-MAY-26 00:00:00,,,,Y,SCRM,120.0,T01052,HR,12-MAY-26 08:00:07
4000536851,5,1,738,738,F,SCRM,I,367,90.0,0.0,1230,3.2,T01052,94.19,202618,N,SD88,202620,28-MAY-26 00:00:00,,,,Y,SCRM,90.0,T01052,HR,12-MAY-26 08:00:07
9519684409,3,1,738,738,O,HR_DOM,L,367,120.0,28.74,1250,3.5,T01576,94.55,202621,N,HG02,202622,25-MAY-26 00:00:00,,,,G,HR_DOM,120.0,T01576,HR,12-MAY-26 08:00:07
9519684409,4,1,738,738,O,HR_DOM,L,367,120.0,114.54,1250,4.0,T01576,0.0,202621,N,HG02,202622,03-JUN-26 00:00:00,,,,G,HR_DOM,120.0,T01576,HR,12-MAY-26 08:00:07
4000536801,2,1,738,738,F,HR_DOM,P,367,195.861,27.96,1250,7.0,BSL017,172.21,202619,N,BS17,202620,18-MAY-26 00:00:00,,, ,B,HR_DOM,195.861,BSL017,HR,12-MAY-26 08:00:07
9519673834,2,1,738,738,O,HR_DOM,A,367,68.0,0.0,1500,6.0,TIP006,70.45,202621,N,HG42,202621,26-MAY-26 00:00:00,,,,R,HR_DOM,68.0,TIP006,HR,12-MAY-26 08:00:07
9519673834,1,1,738,738,O,HR_DOM,A,367,136.0,55.02,1500,5.0,TIP006,83.9,202617,N,HG42,202618,15-MAY-26 00:00:00,,, ,B,HR_DOM,136.0,TIP006,HR,12-MAY-26 08:00:07
9519674527,1,1,738,738,O,HR_DOM,P,367,90.0,0.0,1250,8.0,BSL086,93.24,202623,N,BS86,202624,09-JUN-26 00:00:00,,, ,I,HR_DOM,90.0,BSL086,HR,12-MAY-26 08:00:07
4000536842,1,1,738,738,F,KCRM,H,367,57.0,0.0,1300,3.5,THM003,59.05,202618,N,HM93,202619,23-MAY-26 00:00:00,,,,R,KCRM,57.0,THM003,HR,12-MAY-26 08:00:07
4000534535,3,1,738,738,F,HR_DOM,L,B69,210.0,173.83,1250,2.0,THR085,40.81,202616,N,HR85,202619,15-MAY-26 00:00:00,,, ,B,HR_DOM,210.0,THR085,HR,12-MAY-26 08:00:07
9519663566,23,1,738,738,O,HR_DOM,L,367,280.0,0.0,1460,2.2,I09497,290.08,202623,N,HG01,202624,02-JUN-26 00:00:00,,, ,I,HR_DOM,280.0,I09497,HR,12-MAY-26 08:00:07
9519674338,6,1,738,742,O,ACRM HRPO,A,768,29.0,0.0,1250,4.5,THR099,33.35,202621,N,HR99,202623,28-MAY-26 00:00:00,,, ,G,ACRM HRPO,29.0,THR099,HR,12-MAY-26 08:00:07
9519674338,7,1,738,742,O,ACRM HRPO,A,768,58.0,0.0,1250,5.0,THR099,66.7,202621,N,HR99,202623,28-MAY-26 00:00:00,,, ,Y,ACRM HRPO,58.0,THR099,HR,12-MAY-26 08:00:07
9519615959,6,1,738,742,O,HR_DOM,,768,29.0,0.0,0,0.0, ,0.0,202621,N,,202623,28-MAY-26 00:00:00,,, ,G,HR_DOM,29.0,,HR,12-MAY-26 08:00:07
9519679554,2,1,738,742,O,ACRM HRPO,A,768,87.0,88.45,1250,2.0,THR099,100.05,202617,N,HR99,202620,17-MAY-26 00:00:00,,,,B,ACRM HRPO,87.0,THR099,HR,12-MAY-26 08:00:07
9519679554,3,1,738,742,O,ACRM HRPO,A,768,87.0,66.61,1250,2.3,THR099,100.05,202617,N,HR99,202620,17-MAY-26 00:00:00,,,,B,ACRM HRPO,87.0,THR099,HR,12-MAY-26 08:00:07
9519679554,6,1,738,742,O,ACRM HRPO,A,768,58.0,0.0,1250,4.0,THR099,66.7,202617,N,HR99,202620,17-MAY-26 00:00:00,,,,B,ACRM HRPO,58.0,THR099,HR,12-MAY-26 08:00:07
4000536876,1,1,738,738,F,HR_DOM,A,367,28.0,0.0,1250,2.3,THA038,31.91,202621,N,HA38,202623,30-MAY-26 00:00:00,,,,Y,HR_DOM,28.0,THA038,HR,12-MAY-26 08:00:07
4000536876,2,1,738,738,F,HR_DOM,A,367,56.0,0.0,1325,3.5,THA054,62.43,202621,N,HA54,202623,31-MAY-26 00:00:00,,,,G,HR_DOM,56.0,THA054,HR,12-MAY-26 08:00:07
4000536876,3,1,738,738,F,HR_DOM,C,367,60.0,0.0,1230,3.2,THB046,72.4,202622,N,HB46,202623,28-MAY-26 00:00:00,,,,Y,HR_DOM,60.0,THB046,HR,12-MAY-26 08:00:07
4000536878,1,1,738,738,F,SCRM,H,367,31.0,0.0,1300,3.2,BSL039,31.8,202619,N,BS39,202620,23-MAY-26 00:00:00,,,,R,SCRM,31.0,BSL039,HR,12-MAY-26 08:00:07
4000536873,1,1,738,738,F,KCRM,H,367,85.5,0.0,1300,3.5,THM003,88.58,202619,N,HM93,202620,29-MAY-26 00:00:00,,,,Y,KCRM,85.5,THM003,HR,12-MAY-26 08:00:07
4000536873,3,1,738,738,F,KCRM,H,367,171.0,0.0,1300,2.5,S02015,175.39,202619,N,SH64,202620,22-MAY-26 00:00:00,,,,Y,KCRM,171.0,S02015,HR,12-MAY-26 08:00:07
4000536937,1,1,738,738,F,HR_DOM,A,367,64.0,31.59,1500,8.0,I17021,34.27,202616,N,HR08,202617,15-MAY-26 00:00:00,,,,Y,HR_DOM,64.0,I17021,HR,12-MAY-26 08:00:07
4000536828,6,1,738,738,F,K_LDP,A,367,287.0,56.89,1460,7.4,THG038,236.01,202618,N,HG38,202620,17-MAY-26 00:00:00,,, ,B,K_LDP,287.0,THG038,HR,12-MAY-26 08:00:07
9519659941,3,1,738,742,O,HR_DOM,,768,29.0,0.0,0,0.0, ,0.0,202617,N,,202620,17-MAY-26 00:00:00,,, ,B,HR_DOM,29.0,,HR,12-MAY-26 08:00:07
9519636393,4,1,738,743,O,ACRM GP#3 NARROW,L,C02,147.0,0.0,925,2.25,T01576,169.05,202620,N,HG02,202624,03-JUN-26 00:00:00,,, ,I,ACRM GP#3 NARROW,147.0,T01576,HR,12-MAY-26 08:00:07
9519663566,27,1,738,738,O,HR_DOM,L,367,245.0,209.63,1460,2.2,I09497,35.37,202616,N,HG01,202617,14-MAY-26 00:00:00,,, ,B,HR_DOM,245.0,I09497,HR,12-MAY-26 08:00:07
9519663566,22,1,738,738,O,HR_DOM,L,367,280.0,0.0,1460,2.2,I09497,290.08,202623,N,HG01,202624,02-JUN-26 00:00:00,,, ,I,HR_DOM,280.0,I09497,HR,12-MAY-26 08:00:07
9519663566,24,1,738,738,O,HR_DOM,L,367,280.0,0.0,1460,2.2,I09497,290.08,202623,N,HG01,202624,02-JUN-26 00:00:00,,, ,I,HR_DOM,280.0,I09497,HR,12-MAY-26 08:00:07
9519679554,7,1,738,742,O,ACRM HRPO,A,768,29.0,0.0,1250,5.0,THR099,33.35,202617,N,HR99,202620,17-MAY-26 00:00:00,,,,B,ACRM HRPO,29.0,THR099,HR,12-MAY-26 08:00:07
9519680753,1,1,738,738,O,HR_DOM,P,367,90.0,0.0,1250,3.0,BSL086,93.24,202623,N,BS86,202624,09-JUN-26 00:00:00,,, ,I,HR_DOM,90.0,BSL086,HR,12-MAY-26 08:00:07
9519627726,1,1,738,742,O,ACRM HRPO,L,768,116.0,107.99,1250,3.2,I09497,133.4,202621,N,HG01,202623,25-MAY-26 00:00:00,,, ,I,ACRM HRPO,116.0,I09497,HR,12-MAY-26 08:00:07
9519627726,2,1,738,742,O,ACRM HRPO,L,768,29.0,28.37,1250,2.0,I09497,33.35,202621,N,HG01,202623,03-JUN-26 00:00:00,,, ,I,ACRM HRPO,29.0,I09497,HR,12-MAY-26 08:00:07
9519627726,3,1,738,742,O,ACRM HRPO,L,768,58.0,28.43,1250,2.3,I09497,66.7,202621,N,HG01,202623,03-JUN-26 00:00:00,,, ,I,ACRM HRPO,58.0,I09497,HR,12-MAY-26 08:00:07
9519663566,28,1,738,738,O,HR_DOM,L,367,245.0,236.95,1460,2.2,I09497,8.05,202616,N,HG01,202617,14-MAY-26 00:00:00,,, ,B,HR_DOM,245.0,I09497,HR,12-MAY-26 08:00:07
9519663566,6,1,738,738,O,HR_DOM,L,367,203.0,162.21,1230,2.2,I09497,46.68,202616,N,HG01,202617,14-MAY-26 00:00:00,,, ,B,HR_DOM,203.0,I09497,HR,12-MAY-26 08:00:07
9519663566,7,1,738,738,O,HR_DOM,L,367,203.0,161.63,1230,2.5,I09497,46.66,202616,N,HG01,202617,14-MAY-26 00:00:00,,, ,B,HR_DOM,203.0,I09497,HR,12-MAY-26 08:00:07
9519560157,2,1,738,738,O,HR_DOM,L,691,58.001,57.38,1250,2.0,TIP001,13.4,202616,N,HG34,202619,15-MAY-26 00:00:00,,, ,B,HR_DOM,58.001,TIP001,HR,12-MAY-26 08:00:07
9519648976,1,1,738,742,O,ACRM HRPO,A,768,116.0,132.5,1250,4.0,THR099,133.4,202616,N,HR99,202619,15-MAY-26 00:00:00,,, ,B,ACRM HRPO,116.0,THR099,HR,12-MAY-26 08:00:07
9519677640,1,1,738,738,O,HR_DOM,L,367,150.0,0.0,1250,2.0,I09497,155.4,202623,N,HG01,202625,03-JUN-26 00:00:00,,, ,I,HR_DOM,150.0,I09497,HR,12-MAY-26 08:00:07
9519677640,2,1,738,738,O,HR_DOM,L,367,150.0,0.0,1250,2.0,I09497,155.4,202623,N,HG01,202625,26-MAY-26 00:00:00,,, ,R,HR_DOM,150.0,I09497,HR,12-MAY-26 08:00:07
9519677640,3,1,738,738,O,HR_DOM,L,367,90.0,0.0,1250,2.2,I09497,93.24,202623,N,HG01,202625,27-MAY-26 00:00:00,,, ,R,HR_DOM,90.0,I09497,HR,12-MAY-26 08:00:07
9519677640,4,1,738,738,O,HR_DOM,L,367,90.0,0.0,1250,2.3,I09497,93.24,202623,N,HG01,202625,27-MAY-26 00:00:00,,, ,R,HR_DOM,90.0,I09497,HR,12-MAY-26 08:00:07
9519677640,5,1,738,738,O,HR_DOM,L,367,90.0,0.0,1250,2.4,I09497,93.24,202623,N,HG01,202625,27-MAY-26 00:00:00,,, ,R,HR_DOM,90.0,I09497,HR,12-MAY-26 08:00:07
9519677640,6,1,738,738,O,HR_DOM,L,367,210.0,184.65,1250,2.5,I09497,26.56,202623,N,HG01,202625,03-JUN-26 00:00:00,,, ,I,HR_DOM,210.0,I09497,HR,12-MAY-26 08:00:07
9519677640,7,1,738,738,O,HR_DOM,L,367,210.0,209.36,1250,3.0,I09497,0.0,202623,N,HG01,202625,10-JUN-26 00:00:00,,, ,I,HR_DOM,210.0,I09497,HR,12-MAY-26 08:00:07
9519676918,1,1,738,738,O,HR_DOM,L,367,120.0,0.0,1250,2.0,I09497,124.32,202623,N,HG01,202625,26-MAY-26 00:00:00,,, ,R,HR_DOM,120.0,I09497,HR,12-MAY-26 08:00:07
9519669001,1,1,738,738,O,HR_DOM,L,367,58.0,0.0,1225,2.0,TIP001,59.49,202623,N,HG34,202624,09-JUN-26 00:00:00,,, ,I,HR_DOM,58.0,TIP001,HR,12-MAY-26 08:00:07
4000537183,4,1,738,738,F,KCRM,H,367,155.0,75.95,1300,3.5,S02015,81.08,202620,N,SH64,202622,26-MAY-26 00:00:00,,, ,R,KCRM,155.0,S02015,HR,12-MAY-26 08:00:07
9519682379,11,1,738,738,O,HR_DOM,L,367,300.0,0.0,1245,2.5,T01576,310.8,202618,N,HG02,202620,17-MAY-26 00:00:00,,, ,B,HR_DOM,300.0,T01576,HR,12-MAY-26 08:00:07
9519682379,12,1,738,738,O,HR_DOM,L,367,300.0,0.0,1245,2.5,T01576,310.8,202618,N,HG02,202620,17-MAY-26 00:00:00,,, ,B,HR_DOM,300.0,T01576,HR,12-MAY-26 08:00:07
9519682379,9,1,738,738,O,HR_DOM,L,367,300.0,0.0,1245,2.5,T01576,310.8,202618,N,HG02,202620,17-MAY-26 00:00:00,,, ,B,HR_DOM,300.0,T01576,HR,12-MAY-26 08:00:07
9519682379,10,1,738,738,O,HR_DOM,L,367,300.0,0.0,1245,2.5,T01576,310.8,202618,N,HG02,202620,17-MAY-26 00:00:00,,, ,B,HR_DOM,300.0,T01576,HR,12-MAY-26 08:00:07
9519682379,13,1,738,738,O,HR_DOM,L,367,300.0,0.0,1245,2.5,T01576,310.8,202618,N,HG02,202620,17-MAY-26 00:00:00,,, ,B,HR_DOM,300.0,T01576,HR,12-MAY-26 08:00:07
4000535543,2,1,738,738,F,WUSE,P,368,175.0,74.17,1500,8.0,BSL086,107.85,202623,N,BS86,202625,14-MAY-26 00:00:00,,, ,I,WUSE,175.0,BSL086,HR,12-MAY-26 08:00:07
9519663796,1,1,738,738,O,HR_DOM,L,367,261.0,0.0,1230,2.0,I09497,270.4,202623,N,HG01,202624,08-JUN-26 00:00:00,,, ,I,HR_DOM,261.0,I09497,HR,12-MAY-26 08:00:07
9519663796,2,1,738,738,O,HR_DOM,L,367,232.0,137.47,1230,2.0,I09497,97.93,202621,N,HG01,202622,01-JUN-26 00:00:00,,,,G,HR_DOM,232.0,I09497,HR,12-MAY-26 08:00:07
9519663796,3,1,738,738,O,HR_DOM,L,367,203.0,110.89,1230,2.2,I09497,95.43,202623,N,HG01,202624,09-JUN-26 00:00:00,,, ,I,HR_DOM,203.0,I09497,HR,12-MAY-26 08:00:07
9519663796,4,1,738,738,O,HR_DOM,L,367,203.0,0.0,1230,2.2,I09497,210.31,202621,N,HG01,202622,27-MAY-26 00:00:00,,,,G,HR_DOM,203.0,I09497,HR,12-MAY-26 08:00:07
9519663796,5,1,738,738,O,HR_DOM,L,367,87.0,50.92,1230,2.5,I09497,37.38,202621,N,HG01,202622,01-JUN-26 00:00:00,,,,G,HR_DOM,87.0,I09497,HR,12-MAY-26 08:00:07
9519663796,9,1,738,738,O,HR_DOM,L,367,270.0,0.0,1235,2.9,TIP001,276.92,202617,N,HG34,202618,15-MAY-26 00:00:00,,,,B,HR_DOM,270.0,TIP001,HR,12-MAY-26 08:00:07
9519663796,10,1,738,738,O,HR_DOM,L,367,210.0,0.0,1235,2.9,TIP001,215.39,202617,N,HG34,202618,15-MAY-26 00:00:00,,,,B,HR_DOM,210.0,TIP001,HR,12-MAY-26 08:00:07
9519663796,11,1,738,738,O,HR_DOM,L,367,270.0,49.71,1235,3.1,TIP001,225.94,202617,N,HG34,202618,15-MAY-26 00:00:00,,,,B,HR_DOM,270.0,TIP001,HR,12-MAY-26 08:00:07
9519663796,12,1,738,738,O,HR_DOM,L,367,240.0,163.27,1235,3.1,TIP001,79.99,202616,N,HG34,202617,14-MAY-26 00:00:00,,, ,B,HR_DOM,240.0,TIP001,HR,12-MAY-26 08:00:07
9519663796,13,1,738,738,O,HR_DOM,L,367,240.0,140.41,1235,3.1,TIP001,102.14,202616,N,HG34,202617,14-MAY-26 00:00:00,,, ,B,HR_DOM,240.0,TIP001,HR,12-MAY-26 08:00:07
9519663796,14,1,738,738,O,HR_DOM,L,367,270.0,238.73,1235,3.3,TIP001,32.13,202616,N,HG34,202617,14-MAY-26 00:00:00,,, ,B,HR_DOM,270.0,TIP001,HR,12-MAY-26 08:00:07
9519670873,3,1,738,738,O,HR_DOM,L,367,272.0,229.58,1550,2.0,TIP001,43.51,202616,N,HG34,202617,14-MAY-26 00:00:00,,, ,B,HR_DOM,272.0,TIP001,HR,12-MAY-26 08:00:07
9519626495,3,1,738,738,O,HR_DOM,A,367,68.0,51.25,1500,9.8,A20002,18.88,202623,N,HA31,202625,03-JUN-26 00:00:00,,, ,I,HR_DOM,68.0,A20002,HR,12-MAY-26 08:00:07
9519682379,14,1,738,738,O,HR_DOM,L,367,300.0,0.0,1245,2.5,T01576,310.8,202618,N,HG02,202620,17-MAY-26 00:00:00,,, ,B,HR_DOM,300.0,T01576,HR,12-MAY-26 08:00:07
9519682379,15,1,738,738,O,HR_DOM,L,367,300.0,0.0,1245,2.5,T01576,310.8,202618,N,HG02,202620,17-MAY-26 00:00:00,,, ,B,HR_DOM,300.0,T01576,HR,12-MAY-26 08:00:07
9519682379,16,1,738,738,O,HR_DOM,L,367,300.0,0.0,1245,2.5,T01576,310.8,202618,N,HG02,202620,17-MAY-26 00:00:00,,, ,B,HR_DOM,300.0,T01576,HR,12-MAY-26 08:00:07
9519682379,17,1,738,738,O,HR_DOM,L,367,300.0,0.0,1245,2.5,T01576,310.8,202618,N,HG02,202620,17-MAY-26 00:00:00,,, ,B,HR_DOM,300.0,T01576,HR,12-MAY-26 08:00:07
9519663796,16,1,738,738,O,HR_DOM,L,367,128.0,0.0,1330,2.0,I09497,122.43,202623,N,HG01,202624,09-JUN-26 00:00:00,,, ,I,HR_DOM,128.0,I09497,HR,12-MAY-26 08:00:07
9519663796,17,1,738,738,O,HR_DOM,L,367,160.0,24.07,1330,2.5,I09497,140.47,202617,N,HG01,202618,14-MAY-26 00:00:00,,,,B,HR_DOM,160.0,I09497,HR,12-MAY-26 08:00:07
9519663796,6,1,738,738,O,HR_DOM,L,367,203.0,159.94,1230,2.5,I09497,44.61,202621,N,HG01,202622,01-JUN-26 00:00:00,,,,G,HR_DOM,203.0,I09497,HR,12-MAY-26 08:00:07
9519663796,7,1,738,738,O,HR_DOM,L,367,232.0,109.82,1230,2.8,I09497,126.58,202621,N,HG01,202622,01-JUN-26 00:00:00,,,,G,HR_DOM,232.0,I09497,HR,12-MAY-26 08:00:07
9519663796,8,1,738,738,O,HR_DOM,L,367,203.0,28.04,1230,2.8,I09497,181.26,202621,N,HG01,202622,28-MAY-26 00:00:00,,,,G,HR_DOM,203.0,I09497,HR,12-MAY-26 08:00:07
9519684443,2,1,738,738,O,HR_DOM,L,367,204.0,0.0,1500,2.0,TIP001,209.23,202621,N,HG34,202622,26-MAY-26 00:00:00,,,,Y,HR_DOM,204.0,TIP001,HR,12-MAY-26 08:00:07
9519565986,2,1,738,742,F,ACRM CRCA TLL,S,C01,175.171,305.48,1180,2.25,BSL074,310.5,202616,N,BS74,202621,16-MAY-26 00:00:00,,, ,B,ACRM CRCA TLL,175.171,BSL074,HR,12-MAY-26 08:00:07
9519680753,2,1,738,738,O,HR_DOM,P,367,90.0,0.0,1250,4.0,BSL086,93.24,202623,N,BS86,202624,09-JUN-26 00:00:00,,, ,I,HR_DOM,90.0,BSL086,HR,12-MAY-26 08:00:07
9519636754,4,1,738,738,O,HR_DOM,L,B77,34.0,0.0,1500,2.5,THR085,37.46,202617,N,HR85,202620,18-MAY-26 00:00:00,,,,B,HR_DOM,34.0,THR085,HR,12-MAY-26 08:00:07
9519636445,6,1,738,738,O,HR_DOM,L,B77,34.0,0.0,1500,3.0,THR085,37.46,202617,N,HR85,202620,18-MAY-26 00:00:00,,,,B,HR_DOM,34.0,THR085,HR,12-MAY-26 08:00:07
9519632608,3,1,738,738,O,HR_DOM,L,B77,68.0,0.0,1500,2.5,THR085,74.91,202617,N,HR85,202620,16-MAY-26 00:00:00,,,,B,HR_DOM,68.0,THR085,HR,12-MAY-26 08:00:07
9519632593,2,1,738,738,O,HR_DOM,L,B77,102.0,64.34,1500,2.0,THR085,46.6,202617,N,HR85,202620,16-MAY-26 00:00:00,,,,B,HR_DOM,102.0,THR085,HR,12-MAY-26 08:00:07
9519632593,3,1,738,738,O,HR_DOM,L,B77,68.0,0.0,1500,2.5,THR085,74.91,202617,N,HR85,202620,16-MAY-26 00:00:00,,,,B,HR_DOM,68.0,THR085,HR,12-MAY-26 08:00:07
9519682379,64,1,738,738,O,HR_DOM,L,367,300.0,287.18,1245,3.5,T01576,13.6,202617,N,HG02,202619,16-MAY-26 00:00:00,,, ,B,HR_DOM,300.0,T01576,HR,12-MAY-26 08:00:07
9519682379,68,1,738,738,O,HR_DOM,L,367,300.0,235.06,1245,4.5,T01576,58.25,202617,N,HG02,202619,14-MAY-26 00:00:00,,, ,B,HR_DOM,300.0,T01576,HR,12-MAY-26 08:00:07
9519689472,1,1,738,738,O,HR_DOM,L,367,34.0,0.0,1500,6.0,THR085,36.71,202619,N,HR85,202621,20-MAY-26 00:00:00,,, ,B,HR_DOM,34.0,THR085,HR,12-MAY-26 08:00:07
9519688154,2,1,738,744,O,ACRM GP#2 PPGL,L,B18,28.0,28.73,1235,2.25,TSF093,32.2,202623,N,SH93,202627,03-JUN-26 00:00:00,,,,I,ACRM GP#2 PPGL,28.0,TSF093,HR,12-MAY-26 08:00:07
4000536692,1,1,738,738,F,HR_DOM,L,367,204.0,192.44,1680,2.9,THG004,13.09,202616,N,HG50,202617,14-MAY-26 00:00:00,,,,B,HR_DOM,204.0,THG004,HR,12-MAY-26 08:00:07
4000536057,1,1,738,738,F,TUBE,L,367,34.0,0.0,1640,4.1,THG004,27.99,202625,N,HG50,202626,12-JUN-26 00:00:00,,,,I,TUBE,34.0,THG004,HR,12-MAY-26 08:00:07
9519679622,5,1,738,738,O,HR_DOM,L,367,272.0,0.0,1500,2.5,TIP001,278.97,202623,N,HG34,202625,10-JUN-26 00:00:00,,, ,I,HR_DOM,272.0,TIP001,HR,12-MAY-26 08:00:07
9519679622,6,1,738,738,O,HR_DOM,L,367,204.0,0.0,1500,2.5,TIP001,209.23,202623,N,HG34,202625,09-JUN-26 00:00:00,,, ,I,HR_DOM,204.0,TIP001,HR,12-MAY-26 08:00:07
9519679622,7,1,738,738,O,HR_DOM,L,367,272.0,0.0,1500,3.0,TIP001,278.97,202623,N,HG34,202625,09-JUN-26 00:00:00,,, ,I,HR_DOM,272.0,TIP001,HR,12-MAY-26 08:00:07
9519679622,3,1,738,738,O,HR_DOM,L,367,272.0,0.0,1500,2.5,TIP001,278.97,202623,N,HG34,202625,09-JUN-26 00:00:00,,, ,I,HR_DOM,272.0,TIP001,HR,12-MAY-26 08:00:07
9519673799,1,1,738,738,O,HR_DOM,A,367,210.0,0.0,1250,3.5,THA038,239.32,202622,N,HA38,202625,06-JUN-26 00:00:00,,, ,I,HR_DOM,210.0,THA038,HR,12-MAY-26 08:00:07
9519673799,2,1,738,738,O,HR_DOM,A,367,270.0,0.0,1250,6.0,THA038,307.69,202616,N,HA38,202619,15-MAY-26 00:00:00,,,,B,HR_DOM,270.0,THA038,HR,12-MAY-26 08:00:07
9519673799,3,1,738,738,O,HR_DOM,A,367,270.0,0.0,1250,6.0,THA038,307.69,202622,N,HA38,202625,06-JUN-26 00:00:00,,, ,I,HR_DOM,270.0,THA038,HR,12-MAY-26 08:00:07
9519675861,2,1,738,738,O,HR_DOM,B,367,68.0,0.0,1500,8.0,I17480,69.74,202623,N,SH35,202625,03-JUN-26 00:00:00,,, ,I,HR_DOM,68.0,I17480,HR,12-MAY-26 08:00:07
4000537130,1,1,738,738,T,TCIL_SLIT,L,367,350.0,0.0,1450,2.0,TSM091,358.97,202616,N,TM91,202617,14-MAY-26 00:00:00,,, ,B,TCIL_SLIT,350.0,TSM091,HR,12-MAY-26 08:00:07
4000537130,2,1,738,738,T,TCIL_SLIT,L,367,350.0,0.0,1450,2.0,TSM091,358.97,202617,N,TM91,202618,15-MAY-26 00:00:00,,, ,B,TCIL_SLIT,350.0,TSM091,HR,12-MAY-26 08:00:07
9519682566,1,1,738,742,O,HR_DOM,,768,58.0,0.0,0,0.0, ,0.0,202620,N,,202622,28-MAY-26 00:00:00,,,,Y,HR_DOM,58.0,,HR,12-MAY-26 08:00:07
9519682566,7,1,738,742,O,HR_DOM,,768,60.0,0.0,0,0.0, ,0.0,202618,N,,202621,18-MAY-26 00:00:00,,, ,B,HR_DOM,60.0,,HR,12-MAY-26 08:00:07
9519682566,8,1,738,742,O,HR_DOM,,768,58.0,0.0,0,0.0, ,0.0,202618,N,,202621,18-MAY-26 00:00:00,,, ,B,HR_DOM,58.0,,HR,12-MAY-26 08:00:07
9519682566,9,1,738,742,O,HR_DOM,,768,58.0,0.0,0,0.0, ,0.0,202618,N,,202621,18-MAY-26 00:00:00,,, ,B,HR_DOM,58.0,,HR,12-MAY-26 08:00:07
9519682566,10,1,738,742,O,HR_DOM,,768,60.0,0.0,0,0.0, ,0.0,202618,N,,202621,18-MAY-26 00:00:00,,, ,B,HR_DOM,60.0,,HR,12-MAY-26 08:00:07
4000536735,3,1,738,738,F,HR_DOM,A,367,60.0,0.0,1250,16.0,THB009,61.54,202623,N,HR78,202624,08-JUN-26 00:00:00,,, ,I,HR_DOM,60.0,THB009,HR,12-MAY-26 08:00:07
9519681601,1,1,738,742,O,HR_DOM,,768,116.0,0.0,0,0.0, ,0.0,202617,N,,202618,15-MAY-26 00:00:00,,,,B,HR_DOM,116.0,,HR,12-MAY-26 08:00:07
4000536828,4,1,738,738,F,K_LDP,L,367,279.998,268.43,1415,4.45,I09497,12.88,202616,N,HG01,202618,14-MAY-26 00:00:00,,, ,B,K_LDP,279.998,I09497,HR,12-MAY-26 08:00:07
4000536828,3,1,738,738,F,K_LDP,L,367,280.0,248.97,1455,4.95,I09497,32.44,202617,N,HG01,202619,16-MAY-26 00:00:00,,, ,B,K_LDP,280.0,I09497,HR,12-MAY-26 08:00:07
4000537273,1,1,738,738,F,SCRM,H,367,31.0,0.0,1300,3.2,BSL039,31.8,202619,N,BS39,202620,23-MAY-26 00:00:00,,,,R,SCRM,31.0,BSL039,HR,12-MAY-26 08:00:07
4000537274,2,1,738,738,F,SCRM,I,367,150.0,0.0,1340,3.2,T01052,156.99,202618,N,SD88,202620,23-MAY-26 00:00:00,,,,R,SCRM,150.0,T01052,HR,12-MAY-26 08:00:07
4000537267,1,1,738,738,F,KCRM,H,367,57.0,0.0,1300,3.5,THM003,59.05,202619,N,HM93,202620,25-MAY-26 00:00:00,,,,Y,KCRM,57.0,THM003,HR,12-MAY-26 08:00:07
4000535202,3,1,738,738,F,HR_DOM,A,367,210.0,99.63,1450,3.5,THA038,125.84,202623,N,HA38,202626,10-JUN-26 00:00:00,,, ,I,HR_DOM,210.0,THA038,HR,12-MAY-26 08:00:07
4000535202,9,1,738,738,F,HR_DOM,A,367,68.0,52.2,1500,5.0,THA038,21.02,202618,N,HA38,202621,19-MAY-26 00:00:00,,,,B,HR_DOM,68.0,THA038,HR,12-MAY-26 08:00:07
4000535202,6,1,738,738,F,HR_DOM,A,367,90.0,48.48,1250,3.9,THA038,47.32,202623,N,HA38,202626,10-JUN-26 00:00:00,,, ,I,HR_DOM,90.0,THA038,HR,12-MAY-26 08:00:07
4000535202,8,1,738,738,F,HR_DOM,A,367,198.0,157.36,1380,4.4,THA038,55.19,202623,N,HA38,202626,10-JUN-26 00:00:00,,, ,I,HR_DOM,198.0,THA038,HR,12-MAY-26 08:00:07
9519682161,1,1,738,742,O,HR_DOM,,768,290.0,0.0,0,0.0, ,0.0,202617,N,,202620,15-MAY-26 00:00:00,,,,B,HR_DOM,290.0,,HR,12-MAY-26 08:00:07
9519682161,3,1,738,742,O,HR_DOM,,768,87.0,0.0,0,0.0, ,0.0,202617,N,,202620,18-MAY-26 00:00:00,,,,B,HR_DOM,87.0,,HR,12-MAY-26 08:00:07
9519681258,1,1,738,742,O,ACRM HRPO,A,768,58.0,0.0,1250,4.0,THR099,66.7,202617,N,HR99,202620,16-MAY-26 00:00:00,,,,B,ACRM HRPO,58.0,THR099,HR,12-MAY-26 08:00:07
4000537272,1,1,738,738,F,HR_DOM,A,367,56.0,0.0,1325,3.5,THA054,62.43,202621,N,HA54,202623,31-MAY-26 00:00:00,,,,G,HR_DOM,56.0,THA054,HR,12-MAY-26 08:00:07
9519681349,5,1,738,742,O,HR_DOM,,768,58.0,0.0,0,0.0, ,0.0,202618,N,,202621,18-MAY-26 00:00:00,,, ,B,HR_DOM,58.0,,HR,12-MAY-26 08:00:07
9519681368,5,1,738,742,O,HR_DOM,,768,87.0,0.0,0,0.0, ,0.0,202617,N,,202620,16-MAY-26 00:00:00,,,,B,HR_DOM,87.0,,HR,12-MAY-26 08:00:07
4000536734,5,1,738,738,F,HR_DOM,P,367,60.0,0.0,1250,4.0,BSL086,62.16,202623,N,BS86,202624,08-JUN-26 00:00:00,,, ,I,HR_DOM,60.0,BSL086,HR,12-MAY-26 08:00:07
60971313,2,1,738,738,B,SCRM,I,367,272.0,206.17,1550,3.2,BSL001,85.86,202618,N,BS01,202619,18-MAY-26 00:00:00,,,,B,SCRM,272.0,BSL001,HR,12-MAY-26 08:00:07
9519688043,1,1,738,738,O,JSW_B,L,367,400.0,380.06,1245,2.0,T01576,25.11,202619,N,HG02,202620,13-MAY-26 00:00:00,,, ,B,JSW_B,400.0,T01576,HR,12-MAY-26 08:00:07
9519686762,1,1,738,738,O,HR_DOM,M,367,60.0,0.0,1250,3.0,THU012,61.54,202623,N,HU12,202624,08-JUN-26 00:00:00,,, ,I,HR_DOM,60.0,THU012,HR,12-MAY-26 08:00:07
9519680074,16,1,738,738,O,HR_DOM,A,367,102.0,0.0,1500,8.0,THG038,104.62,202623,N,HG38,202625,03-JUN-26 00:00:00,,, ,I,HR_DOM,102.0,THG038,HR,12-MAY-26 08:00:07
9519680074,18,1,738,738,O,HR_DOM,A,367,102.0,25.46,1500,12.0,UNB020,79.56,202623,N,UN20,202625,10-JUN-26 00:00:00,,, ,I,HR_DOM,102.0,UNB020,HR,12-MAY-26 08:00:07
9519682379,26,1,738,738,O,HR_DOM,L,367,300.0,198.39,1245,2.5,T01576,105.27,202617,N,HG02,202618,15-MAY-26 00:00:00,,,,B,HR_DOM,300.0,T01576,HR,12-MAY-26 08:00:07
9519682379,27,1,738,738,O,HR_DOM,L,367,300.0,283.52,1245,2.5,T01576,17.66,202617,N,HG02,202618,15-MAY-26 00:00:00,,,,B,HR_DOM,300.0,T01576,HR,12-MAY-26 08:00:07
9519682379,28,1,738,738,O,HR_DOM,L,367,300.0,0.0,1245,2.5,T01576,310.8,202617,N,HG02,202618,15-MAY-26 00:00:00,,,,B,HR_DOM,300.0,T01576,HR,12-MAY-26 08:00:07
9519682379,29,1,738,738,O,HR_DOM,L,367,300.0,114.7,1245,2.5,T01576,191.97,202617,N,HG02,202618,15-MAY-26 00:00:00,,,,B,HR_DOM,300.0,T01576,HR,12-MAY-26 08:00:07
9519682379,30,1,738,738,O,HR_DOM,L,367,300.0,0.0,1245,2.5,T01576,310.8,202617,N,HG02,202618,15-MAY-26 00:00:00,,,,B,HR_DOM,300.0,T01576,HR,12-MAY-26 08:00:07
9519682379,31,1,738,738,O,HR_DOM,L,367,300.0,0.0,1245,2.5,T01576,310.8,202617,N,HG02,202618,15-MAY-26 00:00:00,,,,B,HR_DOM,300.0,T01576,HR,12-MAY-26 08:00:07
9519682379,32,1,738,738,O,HR_DOM,L,367,300.0,0.0,1245,2.5,T01576,310.8,202617,N,HG02,202618,15-MAY-26 00:00:00,,,,B,HR_DOM,300.0,T01576,HR,12-MAY-26 08:00:07
9519682379,33,1,738,738,O,HR_DOM,L,367,300.0,0.0,1245,2.5,T01576,310.8,202617,N,HG02,202618,15-MAY-26 00:00:00,,,,B,HR_DOM,300.0,T01576,HR,12-MAY-26 08:00:07
9519684409,2,1,738,738,O,HR_DOM,L,367,60.0,0.0,1250,3.0,T01576,62.16,202621,N,HG02,202622,02-JUN-26 00:00:00,,,,G,HR_DOM,60.0,T01576,HR,12-MAY-26 08:00:07
4000535683,1,1,738,738,F,HR_SPC,A,367,120.0,98.07,1250,3.3,THA054,30.82,202623,N,HA54,202625,21-MAY-26 00:00:00,,, ,B,HR_SPC,120.0,THA054,HR,12-MAY-26 08:00:07
9519682379,34,1,738,738,O,HR_DOM,L,367,300.0,0.0,1245,2.5,T01576,310.8,202617,N,HG02,202618,15-MAY-26 00:00:00,,,,B,HR_DOM,300.0,T01576,HR,12-MAY-26 08:00:07
9519682379,35,1,738,738,O,HR_DOM,L,367,300.0,0.0,1245,2.5,T01576,310.8,202618,N,HG02,202619,16-MAY-26 00:00:00,,,,B,HR_DOM,300.0,T01576,HR,12-MAY-26 08:00:07
9519682379,36,1,738,738,O,HR_DOM,L,367,300.0,0.0,1245,2.5,T01576,310.8,202618,N,HG02,202619,16-MAY-26 00:00:00,,,,B,HR_DOM,300.0,T01576,HR,12-MAY-26 08:00:07
9519682379,37,1,738,738,O,HR_DOM,L,367,300.0,0.0,1245,2.5,T01576,310.8,202618,N,HG02,202619,17-MAY-26 00:00:00,,,,B,HR_DOM,300.0,T01576,HR,12-MAY-26 08:00:07
9519682379,38,1,738,738,O,HR_DOM,L,367,300.0,0.0,1245,2.5,T01576,310.8,202618,N,HG02,202619,16-MAY-26 00:00:00,,,,B,HR_DOM,300.0,T01576,HR,12-MAY-26 08:00:07
9519682379,39,1,738,738,O,HR_DOM,L,367,300.0,0.0,1245,2.5,T01576,310.8,202618,N,HG02,202619,16-MAY-26 00:00:00,,,,B,HR_DOM,300.0,T01576,HR,12-MAY-26 08:00:07
9519682379,40,1,738,738,O,HR_DOM,L,367,300.0,0.0,1245,2.5,T01576,310.8,202618,N,HG02,202619,16-MAY-26 00:00:00,,,,B,HR_DOM,300.0,T01576,HR,12-MAY-26 08:00:07
9519682379,41,1,738,738,O,HR_DOM,L,367,300.0,0.0,1245,2.5,T01576,310.8,202618,N,HG02,202619,16-MAY-26 00:00:00,,,,B,HR_DOM,300.0,T01576,HR,12-MAY-26 08:00:07
9519682379,42,1,738,738,O,HR_DOM,L,367,300.0,0.0,1245,2.5,T01576,310.8,202618,N,HG02,202619,16-MAY-26 00:00:00,,,,B,HR_DOM,300.0,T01576,HR,12-MAY-26 08:00:07
9519682379,43,1,738,738,O,HR_DOM,L,367,300.0,0.0,1245,2.5,T01576,310.8,202618,N,HG02,202619,16-MAY-26 00:00:00,,,,B,HR_DOM,300.0,T01576,HR,12-MAY-26 08:00:07
9519682379,44,1,738,738,O,HR_DOM,L,367,300.0,0.0,1245,2.5,T01576,310.8,202618,N,HG02,202619,16-MAY-26 00:00:00,,,,B,HR_DOM,300.0,T01576,HR,12-MAY-26 08:00:07
9519682379,45,1,738,738,O,HR_DOM,L,367,300.0,0.0,1245,2.5,T01576,310.8,202618,N,HG02,202619,16-MAY-26 00:00:00,,,,B,HR_DOM,300.0,T01576,HR,12-MAY-26 08:00:07
9519682379,46,1,738,738,O,HR_DOM,L,367,299.999,274.3,1245,2.5,T01576,26.62,202618,N,HG02,202620,18-MAY-26 00:00:00,,, ,B,HR_DOM,299.999,T01576,HR,12-MAY-26 08:00:07
9519690636,1,1,738,742,F,ACRM CRCA CRS,L,C01,279.99,0.0,1235,2.0,BSL011,322.0,202621,N,BS11,202625,03-JUN-26 00:00:00,,, ,I,ACRM CRCA CRS,279.99,BSL011,HR,12-MAY-26 08:00:07
9519690636,2,1,738,742,F,ACRM CRCA CRS,L,C01,86.99,0.0,1265,2.8,BSL011,100.05,202621,N,BS11,202625,03-JUN-26 00:00:00,,, ,I,ACRM CRCA CRS,86.99,BSL011,HR,12-MAY-26 08:00:07
9519688043,3,1,738,738,O,JSW_B,L,367,400.0,380.63,1245,2.0,T01576,25.14,202619,N,HG02,202620,13-MAY-26 00:00:00,,, ,B,JSW_B,400.0,T01576,HR,12-MAY-26 08:00:07
9519689478,1,1,738,738,O,HR_DOM,S,367,272.0,29.23,1515,2.5,BSL074,249.0,202616,N,BS74,202618,15-MAY-26 00:00:00,,, ,B,HR_DOM,272.0,BSL074,HR,12-MAY-26 08:00:07
9519689478,2,1,738,738,O,HR_DOM,S,367,272.0,0.0,1515,2.5,BSL074,278.97,202616,N,BS74,202618,15-MAY-26 00:00:00,,, ,B,HR_DOM,272.0,BSL074,HR,12-MAY-26 08:00:07
9519689478,3,1,738,738,O,HR_DOM,S,367,272.0,0.0,1515,2.5,BSL074,278.97,202616,N,BS74,202618,15-MAY-26 00:00:00,,, ,B,HR_DOM,272.0,BSL074,HR,12-MAY-26 08:00:07
9519643700,1,1,738,738,O,HR_DOM,C,367,175.0,0.0,1480,13.0,T16002,179.49,202618,N,HA27,202619,15-MAY-26 00:00:00,,, ,B,HR_DOM,175.0,T16002,HR,12-MAY-26 08:00:07
4000535082,2,1,738,738,F,WUSE,P,368,105.0,49.3,1500,8.0,BSL086,59.58,202623,N,BS86,202625,31-MAY-26 00:00:00,,, ,I,WUSE,105.0,BSL086,HR,12-MAY-26 08:00:07
9519663566,13,1,738,738,O,HR_DOM,L,367,280.0,242.23,1460,2.0,I09497,39.13,202621,N,HG01,202622,01-JUN-26 00:00:00,,,,G,HR_DOM,280.0,I09497,HR,12-MAY-26 08:00:07
9519663566,14,1,738,738,O,HR_DOM,L,367,280.0,0.0,1460,2.0,I09497,290.08,202621,N,HG01,202622,31-MAY-26 00:00:00,,,,G,HR_DOM,280.0,I09497,HR,12-MAY-26 08:00:07
9519663566,15,1,738,738,O,HR_DOM,L,367,280.0,54.04,1460,2.0,I09497,234.1,202621,N,HG01,202622,28-MAY-26 00:00:00,,,,G,HR_DOM,280.0,I09497,HR,12-MAY-26 08:00:07
9519663566,16,1,738,738,O,HR_DOM,L,367,280.0,0.0,1460,2.0,I09497,290.08,202621,N,HG01,202622,31-MAY-26 00:00:00,,,,G,HR_DOM,280.0,I09497,HR,12-MAY-26 08:00:07
9519663566,17,1,738,738,O,HR_DOM,L,367,245.0,0.0,1460,2.0,I09497,253.82,202623,N,HG01,202624,02-JUN-26 00:00:00,,, ,I,HR_DOM,245.0,I09497,HR,12-MAY-26 08:00:07
9519663566,18,1,738,738,O,HR_DOM,L,367,245.0,0.0,1460,2.0,I09497,253.82,202621,N,HG01,202622,31-MAY-26 00:00:00,,,,G,HR_DOM,245.0,I09497,HR,12-MAY-26 08:00:07
9519663566,19,1,738,738,O,HR_DOM,L,367,245.0,0.0,1460,2.0,I09497,253.82,202621,N,HG01,202622,31-MAY-26 00:00:00,,,,G,HR_DOM,245.0,I09497,HR,12-MAY-26 08:00:07
9519671220,2,1,738,738,O,HR_DOM,L,367,313.001,312.06,1235,2.0,T01576,0.0,202616,N,HG02,202617,15-MAY-26 00:00:00,,, ,B,HR_DOM,313.001,T01576,HR,12-MAY-26 08:00:07
9519690482,1,1,738,742,F,ACRM FHCR,L,C09,280.0,246.72,1235,2.5,T01576,322.0,202616,N,HG02,202619,18-MAY-26 00:00:00,,,,B,ACRM FHCR,280.0,T01576,HR,12-MAY-26 08:00:07
9519663566,20,1,738,738,O,HR_DOM,L,367,245.0,0.0,1460,2.0,I09497,253.82,202621,N,HG01,202622,31-MAY-26 00:00:00,,,,G,HR_DOM,245.0,I09497,HR,12-MAY-26 08:00:07
9519682379,47,1,738,738,O,HR_DOM,L,367,120.0,0.0,1245,2.5,T01576,124.32,202618,N,HG02,202619,17-MAY-26 00:00:00,,,,B,HR_DOM,120.0,T01576,HR,12-MAY-26 08:00:07
9519682379,48,1,738,738,O,HR_DOM,L,367,210.0,0.0,1245,2.6,T01576,217.56,202618,N,HG02,202619,17-MAY-26 00:00:00,,,,B,HR_DOM,210.0,T01576,HR,12-MAY-26 08:00:07
9519682379,50,1,738,738,O,HR_DOM,L,367,300.0,0.0,1245,2.8,T01576,310.8,202618,N,HG02,202619,17-MAY-26 00:00:00,,,,B,HR_DOM,300.0,T01576,HR,12-MAY-26 08:00:07
9519682379,51,1,738,738,O,HR_DOM,L,367,300.0,0.0,1245,2.8,T01576,310.8,202619,N,HG02,202620,19-MAY-26 00:00:00,,,,B,HR_DOM,300.0,T01576,HR,12-MAY-26 08:00:07
9519682379,52,1,738,738,O,HR_DOM,L,367,300.0,0.0,1245,2.8,T01576,310.8,202619,N,HG02,202620,19-MAY-26 00:00:00,,,,B,HR_DOM,300.0,T01576,HR,12-MAY-26 08:00:07
9519682379,54,1,738,738,O,HR_DOM,L,367,300.0,143.54,1245,2.9,T01576,162.09,202617,N,HG02,202619,16-MAY-26 00:00:00,,, ,B,HR_DOM,300.0,T01576,HR,12-MAY-26 08:00:07
9519682379,55,1,738,738,O,HR_DOM,L,367,300.0,114.36,1245,3.0,T01576,193.73,202617,N,HG02,202619,16-MAY-26 00:00:00,,, ,B,HR_DOM,300.0,T01576,HR,12-MAY-26 08:00:07
9519682379,58,1,738,738,O,HR_DOM,L,367,120.0,57.97,1245,3.0,T01576,64.26,202618,N,HG02,202619,17-MAY-26 00:00:00,,,,B,HR_DOM,120.0,T01576,HR,12-MAY-26 08:00:07
9519682379,59,1,738,738,O,HR_DOM,L,367,299.999,174.8,1245,3.2,T01576,129.71,202617,N,HG02,202619,16-MAY-26 00:00:00,,, ,B,HR_DOM,299.999,T01576,HR,12-MAY-26 08:00:07
9519682379,60,1,738,738,O,HR_DOM,L,367,300.0,0.0,1245,3.2,T01576,310.8,202619,N,HG02,202620,19-MAY-26 00:00:00,,,,B,HR_DOM,300.0,T01576,HR,12-MAY-26 08:00:07
9519686264,5,1,738,742,O,ACRM CRCA CRS,L,C01,23.0,0.0,1025,2.0,TSH067,26.45,202616,N,SH67,202621,16-MAY-26 00:00:00,,,,B,ACRM CRCA CRS,23.0,TSH067,HR,12-MAY-26 08:00:07
9519686264,2,1,738,742,O,ACRM CRCA CRS,L,C01,20.0,0.0,925,2.0,TSH067,23.0,202616,N,SH67,202621,16-MAY-26 00:00:00,,,,B,ACRM CRCA CRS,20.0,TSH067,HR,12-MAY-26 08:00:07
9519682379,56,1,738,738,O,HR_DOM,L,367,300.0,0.0,1245,3.0,T01576,310.8,202619,N,HG02,202620,19-MAY-26 00:00:00,,,,B,HR_DOM,300.0,T01576,HR,12-MAY-26 08:00:07
9519682379,57,1,738,738,O,HR_DOM,L,367,300.0,0.0,1245,3.0,T01576,310.8,202619,N,HG02,202620,19-MAY-26 00:00:00,,,,B,HR_DOM,300.0,T01576,HR,12-MAY-26 08:00:07
9519686264,6,1,738,742,O,ACRM CRCA CRS,L,C01,23.0,0.0,1035,2.0,TSH067,26.45,202620,N,SH67,202625,02-JUN-26 00:00:00,,, ,G,ACRM CRCA CRS,23.0,TSH067,HR,12-MAY-26 08:00:07
9519686264,1,1,738,742,O,ACRM CRCA CRS,L,C01,80.0,0.0,925,2.0,TSH067,92.0,202616,N,SH67,202621,16-MAY-26 00:00:00,,,,B,ACRM CRCA CRS,80.0,TSH067,HR,12-MAY-26 08:00:07
9519686264,3,1,738,742,O,ACRM CRCA CRS,L,C01,23.0,0.0,1025,2.0,TSH067,26.45,202616,N,SH67,202621,16-MAY-26 00:00:00,,,,B,ACRM CRCA CRS,23.0,TSH067,HR,12-MAY-26 08:00:07
9519629148,15,1,738,738,O,HR_DOM,L,367,30.0,0.0,1250,2.01,THB001,30.77,202623,N,HR01,202625,09-JUN-26 00:00:00,,, ,I,HR_DOM,30.0,THB001,HR,12-MAY-26 08:00:07
4000532527,1,1,738,738,F,HR_DOM,B,367,170.0,0.0,1500,7.8,TSM042,174.36,202617,N,TM42,202618,14-MAY-26 00:00:00,,, ,B,HR_DOM,170.0,TSM042,HR,12-MAY-26 08:00:07
4000533618,1,1,738,738,F,HR_SPC,A,367,210.0,122.64,1250,5.0,THA042,90.51,202618,N,HB42,202619,15-MAY-26 00:00:00,,, ,B,HR_SPC,210.0,THA042,HR,12-MAY-26 08:00:07
9519687938,3,1,738,742,O,ACRM CRCA CRS,L,C01,87.0,85.99,1270,2.0,T01320,100.05,202617,N,SH08,202622,18-MAY-26 00:00:00,,, ,B,ACRM CRCA CRS,87.0,T01320,HR,12-MAY-26 08:00:07
9519687938,25,1,738,742,O,ACRM CRCA SPM,L,C01,58.0,0.0,1250,3.2,T01320,66.7,202618,N,SH08,202622,19-MAY-26 00:00:00,,, ,B,ACRM CRCA SPM,58.0,T01320,HR,12-MAY-26 08:00:07
9519693391,1,1,738,738,O,HR_DOM,A,367,102.0,0.0,1500,3.0,TIP006,105.67,202621,N,HG42,202622,23-MAY-26 00:00:00,,,,R,HR_DOM,102.0,TIP006,HR,12-MAY-26 08:00:07
4000535603,1,1,738,738,F,HR_DOM,C,367,90.0,0.0,1250,4.8,THB046,108.6,202618,N,HB46,202619,15-MAY-26 00:00:00,,, ,B,HR_DOM,90.0,THB046,HR,12-MAY-26 08:00:07
4000535166,2,1,738,738,F,HR_SPC,A,367,300.0,268.76,1250,3.3,THA054,36.23,202623,N,HA54,202626,03-JUN-26 00:00:00,,, ,I,HR_SPC,300.0,THA054,HR,12-MAY-26 08:00:07
4000535166,1,1,738,738,F,HR_SPC,A,367,300.0,170.91,1250,3.3,THA054,143.91,202618,N,HA54,202621,16-MAY-26 00:00:00,,,,B,HR_SPC,300.0,THA054,HR,12-MAY-26 08:00:07
4000535166,3,1,738,738,F,HR_SPC,A,367,300.0,268.89,1250,3.4,THA054,34.68,202618,N,HA54,202621,16-MAY-26 00:00:00,,,,B,HR_SPC,300.0,THA054,HR,12-MAY-26 08:00:07
4000535166,5,1,738,738,F,HR_SPC,A,367,300.0,73.18,1250,3.4,THA054,255.05,202618,N,HA54,202621,16-MAY-26 00:00:00,,,,B,HR_SPC,300.0,THA054,HR,12-MAY-26 08:00:07
4000535166,6,1,738,738,F,HR_SPC,A,367,300.0,0.0,1250,3.4,THA054,334.45,202618,N,HA54,202621,16-MAY-26 00:00:00,,,,B,HR_SPC,300.0,THA054,HR,12-MAY-26 08:00:07
4000535503,1,1,738,738,F,HR_SPC,A,367,150.0,0.0,1250,3.5,TSM032,153.85,202620,N,TM32,202621,17-MAY-26 00:00:00,,,,B,HR_SPC,150.0,TSM032,HR,12-MAY-26 08:00:07
9519552192,2,1,738,738,O,HR_DOM,A,367,238.0,27.54,1445,13.8,THA041,224.85,202618,N,HA14,202620,16-MAY-26 00:00:00,,, ,B,HR_DOM,238.0,THA041,HR,12-MAY-26 08:00:07
9519700884,3,1,738,738,O,HR_DOM,L,367,90.0,29.06,1250,2.2,TIP001,62.5,202623,N,HG34,202625,03-JUN-26 00:00:00,,, ,I,HR_DOM,90.0,TIP001,HR,12-MAY-26 08:00:07
4000537756,1,1,738,738,F,KCRM,H,367,285.0,0.0,1300,3.5,THM003,295.26,202620,N,HM93,202621,25-MAY-26 00:00:00,,,,Y,KCRM,285.0,THM003,HR,12-MAY-26 08:00:07
4000537763,1,1,738,738,F,SCRM,I,367,279.0,3.98,1530,3.2,T01052,288.47,202619,N,SD88,202621,30-MAY-26 00:00:00,,,,G,SCRM,279.0,T01052,HR,12-MAY-26 08:00:07
4000537763,2,1,738,738,F,SCRM,I,367,186.0,0.0,1530,3.2,T01052,194.66,202619,N,SD88,202621,31-MAY-26 00:00:00,,,,G,SCRM,186.0,T01052,HR,12-MAY-26 08:00:07
4000537762,2,1,738,738,F,SCRM,L,367,180.0,172.74,1250,3.6,THA023,59.95,202618,N,HA10,202619,16-MAY-26 00:00:00,,,,R,SCRM,180.0,THA023,HR,12-MAY-26 08:00:07
9519674501,6,1,738,738,O,HR_DOM,L,367,90.0,0.0,1250,3.0,TIP001,92.31,202623,N,HG34,202625,27-MAY-26 00:00:00,,, ,I,HR_DOM,90.0,TIP001,HR,12-MAY-26 08:00:07
9519674501,10,1,738,738,O,HR_DOM,A,367,68.0,0.0,1500,3.5,I17020,75.81,202623,N,HR05,202625,03-JUN-26 00:00:00,,, ,I,HR_DOM,68.0,I17020,HR,12-MAY-26 08:00:07
9519674501,13,1,738,738,O,HR_DOM,A,367,102.0,0.0,1500,4.0,I17020,113.71,202623,N,HR05,202625,03-JUN-26 00:00:00,,, ,I,HR_DOM,102.0,I17020,HR,12-MAY-26 08:00:07
9519674501,21,1,738,738,O,HR_DOM,A,367,68.0,0.0,1500,9.8,I17021,71.9,202623,N,HR08,202625,03-JUN-26 00:00:00,,, ,I,HR_DOM,68.0,I17021,HR,12-MAY-26 08:00:07
9519683584,7,1,738,738,O,HR_DOM,L,367,60.0,0.0,1250,2.0,I09497,62.16,202623,N,HG01,202625,23-MAY-26 00:00:00,,, ,R,HR_DOM,60.0,I09497,HR,12-MAY-26 08:00:07
9519683678,9,1,738,738,O,HR_DOM,L,367,90.0,0.0,1250,3.0,TIP001,92.31,202623,N,HG34,202625,27-MAY-26 00:00:00,,, ,I,HR_DOM,90.0,TIP001,HR,12-MAY-26 08:00:07
9519683678,11,1,738,738,O,HR_DOM,P,367,60.0,0.0,1250,3.0,I17022,61.54,202622,N,HR07,202624,06-JUN-26 00:00:00,,,,I,HR_DOM,60.0,I17022,HR,12-MAY-26 08:00:07
9519683678,32,1,738,738,O,HR_DOM,A,367,68.0,0.0,1500,9.8,I17021,71.9,202623,N,HR08,202625,03-JUN-26 00:00:00,,, ,I,HR_DOM,68.0,I17021,HR,12-MAY-26 08:00:07
4000537762,3,1,738,738,F,SCRM,L,367,124.0,74.02,1290,2.8,THA023,83.06,202618,N,HA10,202619,16-MAY-26 00:00:00,,,,B,SCRM,124.0,THA023,HR,12-MAY-26 08:00:07
9519689415,6,1,738,738,O,HR_DOM,L,368,30.007,0.0,1250,6.0,UNB092,32.38,202615,N,UN92,202617,14-MAY-26 00:00:00,,, ,B,HR_DOM,30.007,UNB092,HR,12-MAY-26 08:00:07
4000537914,1,1,738,738,F,SCRM,L,367,124.0,84.45,1600,3.2,BSL011,40.56,202619,N,BS11,202620,28-MAY-26 00:00:00,,,,Y,SCRM,124.0,BSL011,HR,12-MAY-26 08:00:07
9519671000,7,1,738,738,O,HR_DOM,A,368,35.0,0.0,1500,10.0,THG038,36.63,202617,N,HG38,202620,16-MAY-26 00:00:00,,,,B,HR_DOM,35.0,THG038,HR,12-MAY-26 08:00:07
9519703154,1,1,738,738,B,HR_DOM,L,367,30.0,0.0,1250,7.8,Q17023,30.77,202622,N,HD09,202623,30-MAY-26 00:00:00,,, ,I,HR_DOM,30.0,Q17023,HR,12-MAY-26 08:00:07
9519703154,2,1,738,738,B,HR_DOM,L,367,30.0,0.0,1250,8.0,Q17023,30.77,202622,N,HD09,202623,30-MAY-26 00:00:00,,, ,I,HR_DOM,30.0,Q17023,HR,12-MAY-26 08:00:07
9519703154,4,1,738,738,B,HR_DOM,L,367,30.0,0.0,1250,5.0,Q17023,30.77,202622,N,HD09,202623,30-MAY-26 00:00:00,,, ,I,HR_DOM,30.0,Q17023,HR,12-MAY-26 08:00:07
9519689415,8,1,738,738,O,HR_DOM,L,368,60.007,28.75,1250,10.0,UNB092,34.8,202615,N,UN92,202617,14-MAY-26 00:00:00,,, ,B,HR_DOM,60.007,UNB092,HR,12-MAY-26 08:00:07
9519658455,1,1,738,738,O,HR_DOM,L,B77,78.0,57.07,1250,4.0,THR085,29.34,202615,N,HR85,202618,15-MAY-26 00:00:00,,, ,B,HR_DOM,78.0,THR085,HR,12-MAY-26 08:00:07
9519701306,1,1,738,738,O,HR_DOM,L,367,175.0,150.99,1470,2.8,I09497,24.01,202617,N,HG01,202618,14-MAY-26 00:00:00,,, ,B,HR_DOM,175.0,I09497,HR,12-MAY-26 08:00:07
4000537503,7,1,738,738,F,SCRM,I,367,279.0,217.51,1530,3.2,T01052,32.75,202618,N,SD88,202620,28-MAY-26 00:00:00,,,,Y,SCRM,279.0,T01052,HR,12-MAY-26 08:00:07
4000537503,8,1,738,738,F,SCRM,I,367,279.0,211.02,1530,3.2,T01052,96.52,202618,N,SD88,202620,30-MAY-26 00:00:00,,,,G,SCRM,279.0,T01052,HR,12-MAY-26 08:00:07
4000537503,10,1,738,738,F,SCRM,I,367,320.007,218.55,1530,3.2,T01052,107.12,202618,N,SD88,202621,28-MAY-26 00:00:00,,, ,Y,SCRM,320.007,T01052,HR,12-MAY-26 08:00:07
4000537837,1,1,738,738,F,SCRM,I,367,30.0,0.0,1270,3.2,T01052,31.4,202619,N,SD88,202621,28-MAY-26 00:00:00,,,,Y,SCRM,30.0,T01052,HR,12-MAY-26 08:00:07
4000537503,11,1,738,738,F,SCRM,I,367,279.0,159.88,1530,3.2,T01052,124.83,202618,N,SD88,202620,28-MAY-26 00:00:00,,,,Y,SCRM,279.0,T01052,HR,12-MAY-26 08:00:07
4000537503,12,1,738,738,F,SCRM,I,367,279.0,31.18,1530,3.2,T01052,259.44,202618,N,SD88,202620,28-MAY-26 00:00:00,,,,Y,SCRM,279.0,T01052,HR,12-MAY-26 08:00:07
4000537503,13,1,738,738,F,SCRM,I,367,279.0,87.11,1530,3.2,T01052,201.76,202618,N,SD88,202620,28-MAY-26 00:00:00,,,,Y,SCRM,279.0,T01052,HR,12-MAY-26 08:00:07
4000537503,14,1,738,738,F,SCRM,I,367,140.0,54.38,1170,3.2,T01052,89.61,202619,N,SD88,202621,23-MAY-26 00:00:00,,,,R,SCRM,140.0,T01052,HR,12-MAY-26 08:00:07
4000537503,15,1,738,738,F,SCRM,I,367,211.731,244.25,1600,3.2,T01052,26.67,202619,N,SD88,202622,28-MAY-26 00:00:00,,, ,Y,SCRM,211.731,T01052,HR,12-MAY-26 08:00:07
4000537493,1,1,738,738,F,HR_DOM,A,367,64.0,31.55,1500,8.0,I17021,34.31,202617,N,HR08,202618,15-MAY-26 00:00:00,,,,Y,HR_DOM,64.0,I17021,HR,12-MAY-26 08:00:07
4000537837,3,1,738,738,F,SCRM,I,367,150.0,0.0,1340,3.2,T01052,156.99,202619,N,SD88,202621,23-MAY-26 00:00:00,,,,R,SCRM,150.0,T01052,HR,12-MAY-26 08:00:07
4000537834,1,1,738,738,F,HR_DOM,C,367,30.0,0.0,1230,4.0,THB046,36.2,202623,N,HB46,202624,03-JUN-26 00:00:00,,,,G,HR_DOM,30.0,THB046,HR,12-MAY-26 08:00:07
4000537834,2,1,738,738,F,HR_DOM,A,367,28.0,0.0,1250,2.3,THA038,31.91,202622,N,HA38,202624,03-JUN-26 00:00:00,,,,G,HR_DOM,28.0,THA038,HR,12-MAY-26 08:00:07
4000537834,3,1,738,738,F,HR_DOM,C,367,84.0,0.0,1250,5.4,THB046,101.36,202623,N,HB46,202624,03-JUN-26 00:00:00,,,,G,HR_DOM,84.0,THB046,HR,12-MAY-26 08:00:07
9519703351,6,1,738,738,O,HR_DOM,M,367,34.0,0.0,1500,4.0,I17476,43.59,202623,N,HR28,202625,03-JUN-26 00:00:00,,, ,I,HR_DOM,34.0,I17476,HR,12-MAY-26 08:00:07
9519703350,1,1,738,738,B,HR_DOM,L,367,102.0,0.0,1550,8.0,Q17023,104.62,202628,N,HD09,202629,14-JUN-26 00:00:00,,, ,I,HR_DOM,102.0,Q17023,HR,12-MAY-26 08:00:07
4000537836,1,1,738,738,F,SCRM,L,367,120.0,0.0,1250,2.8,THA023,153.85,202618,N,HA10,202619,16-MAY-26 00:00:00,,,,Y,SCRM,120.0,THA023,HR,12-MAY-26 08:00:07
4000537798,1,1,738,738,F,KCRM,H,367,28.5,0.0,1300,3.5,THM003,29.53,202620,N,HM93,202621,31-MAY-26 00:00:00,,,,G,KCRM,28.5,THM003,HR,12-MAY-26 08:00:07
9519689478,4,1,738,738,O,HR_DOM,S,367,272.0,0.0,1515,2.5,BSL074,278.97,202617,N,BS74,202619,16-MAY-26 00:00:00,,, ,B,HR_DOM,272.0,BSL074,HR,12-MAY-26 08:00:07
9519689478,5,1,738,738,O,HR_DOM,S,367,272.0,0.0,1515,2.5,BSL074,278.97,202617,N,BS74,202619,15-MAY-26 00:00:00,,, ,B,HR_DOM,272.0,BSL074,HR,12-MAY-26 08:00:07
4000537545,5,1,738,738,F,SCRM,I,367,170.0,0.0,1680,3.2,T01052,177.92,202618,N,SD88,202620,14-MAY-26 00:00:00,,,,B,SCRM,170.0,T01052,HR,12-MAY-26 08:00:07
9519694655,10,1,738,738,O,HR_DOM,L,367,272.0,197.75,1550,2.0,TIP001,76.21,202617,N,HG34,202619,16-MAY-26 00:00:00,,,,B,HR_DOM,272.0,TIP001,HR,12-MAY-26 08:00:07
9519694655,8,1,738,738,O,HR_DOM,L,367,238.0,197.81,1550,2.2,TIP001,35.37,202617,N,HG34,202619,14-MAY-26 00:00:00,,,,B,HR_DOM,238.0,TIP001,HR,12-MAY-26 08:00:07
4000537501,3,1,738,738,F,HR_DOM,L,367,30.0,0.0,1390,4.5,THB047,32.39,202617,N,HB47,202618,22-MAY-26 00:00:00,,,,R,HR_DOM,30.0,THB047,HR,12-MAY-26 08:00:07
4000537501,5,1,738,738,F,HR_DOM,A,367,56.0,0.0,1260,3.2,THA038,63.82,202616,N,HA38,202618,15-MAY-26 00:00:00,,,,B,HR_DOM,56.0,THA038,HR,12-MAY-26 08:00:07
9519703627,1,1,738,738,B,HR_DOM,L,367,272.0,155.68,1650,3.2,Q17023,119.31,202618,N,HD09,202620,14-MAY-26 00:00:00,,,,B,HR_DOM,272.0,Q17023,HR,12-MAY-26 08:00:07
9519703627,2,1,738,738,B,HR_DOM,L,367,170.0,62.9,1600,3.2,Q17022,109.91,202618,N,HD08,202620,20-MAY-26 00:00:00,,,,B,HR_DOM,170.0,Q17022,HR,12-MAY-26 08:00:07
9519703627,4,1,738,738,B,HR_DOM,L,367,272.0,188.86,1550,3.2,Q17023,85.27,202618,N,HD09,202620,17-MAY-26 00:00:00,,,,B,HR_DOM,272.0,Q17023,HR,12-MAY-26 08:00:07
9519689478,6,1,738,738,O,HR_DOM,S,367,272.0,0.0,1515,2.5,BSL074,278.97,202617,N,BS74,202619,16-MAY-26 00:00:00,,, ,B,HR_DOM,272.0,BSL074,HR,12-MAY-26 08:00:07
9519689478,7,1,738,738,O,HR_DOM,S,367,272.0,0.0,1515,2.5,BSL074,278.97,202618,N,BS74,202620,17-MAY-26 00:00:00,,,,B,HR_DOM,272.0,BSL074,HR,12-MAY-26 08:00:07
9519689478,8,1,738,738,O,HR_DOM,S,367,272.0,0.0,1515,2.5,BSL074,278.97,202618,N,BS74,202620,17-MAY-26 00:00:00,,,,B,HR_DOM,272.0,BSL074,HR,12-MAY-26 08:00:07
9519689478,9,1,738,738,O,HR_DOM,S,367,272.0,0.0,1515,2.5,BSL074,278.97,202618,N,BS74,202620,17-MAY-26 00:00:00,,,,B,HR_DOM,272.0,BSL074,HR,12-MAY-26 08:00:07
9519689478,10,1,738,738,O,HR_DOM,S,367,272.0,0.0,1515,2.5,BSL074,278.97,202618,N,BS74,202620,17-MAY-26 00:00:00,,,,B,HR_DOM,272.0,BSL074,HR,12-MAY-26 08:00:07
9519689478,11,1,738,738,O,HR_DOM,S,367,272.0,0.0,1515,2.5,BSL074,278.97,202618,N,BS74,202620,17-MAY-26 00:00:00,,,,B,HR_DOM,272.0,BSL074,HR,12-MAY-26 08:00:07
9519670873,4,1,738,738,O,HR_DOM,L,367,238.0,143.79,1550,2.0,TIP001,96.63,202617,N,HG34,202618,15-MAY-26 00:00:00,,, ,B,HR_DOM,238.0,TIP001,HR,12-MAY-26 08:00:07
9519694655,11,1,738,738,O,HR_DOM,L,367,272.0,151.67,1550,2.0,TIP001,123.45,202617,N,HG34,202619,16-MAY-26 00:00:00,,,,B,HR_DOM,272.0,TIP001,HR,12-MAY-26 08:00:07
9519694655,12,1,738,738,O,HR_DOM,L,367,238.0,197.19,1550,2.0,TIP001,41.86,202617,N,HG34,202619,16-MAY-26 00:00:00,,,,B,HR_DOM,238.0,TIP001,HR,12-MAY-26 08:00:07
9519678903,2,1,738,738,O,HR_DOM,A,367,102.0,51.55,1500,5.8,THB094,64.68,202624,N,HA94,202625,10-JUN-26 00:00:00,,, ,I,HR_DOM,102.0,THB094,HR,12-MAY-26 08:00:07
9519673834,3,1,738,738,O,HR_DOM,A,367,102.0,0.0,1500,10.0,THG038,104.62,202620,N,HG38,202620,21-MAY-26 00:00:00,,,,B,HR_DOM,102.0,THG038,HR,12-MAY-26 08:00:07
9519673834,4,1,738,738,O,HR_DOM,A,367,102.0,0.0,1500,12.0,THG038,104.62,202622,N,HG38,202622,03-JUN-26 00:00:00,,,,G,HR_DOM,102.0,THG038,HR,12-MAY-26 08:00:07
9519678250,2,1,738,738,O,HR_DOM,A,368,35.0,0.0,1500,10.0,THG038,36.63,202619,N,HG38,202621,19-MAY-26 00:00:00,,, ,B,HR_DOM,35.0,THG038,HR,12-MAY-26 08:00:07
9519678250,3,1,738,738,O,HR_DOM,A,368,35.0,0.0,1500,12.0,THG038,36.63,202619,N,HG38,202621,19-MAY-26 00:00:00,,, ,B,HR_DOM,35.0,THG038,HR,12-MAY-26 08:00:07
9519703490,1,1,738,742,O,ACRM CRCA CRS,L,C01,116.0,114.46,1270,2.0,T01320,133.4,202618,N,SH08,202624,26-MAY-26 00:00:00,,, ,R,ACRM CRCA CRS,116.0,T01320,HR,12-MAY-26 08:00:07
9519703490,2,1,738,742,O,ACRM CRCA CRS,L,C01,116.0,81.14,1270,2.0,T01320,133.4,202618,N,SH08,202624,26-MAY-26 00:00:00,,, ,R,ACRM CRCA CRS,116.0,T01320,HR,12-MAY-26 08:00:07
4000537503,1,1,738,738,F,SCRM,I,367,300.0,0.0,1270,3.2,T01052,313.97,202619,N,SD88,202621,28-MAY-26 00:00:00,,,,Y,SCRM,300.0,T01052,HR,12-MAY-26 08:00:07
4000537503,2,1,738,738,F,SCRM,I,367,270.0,27.91,1270,3.2,T01052,253.96,202619,N,SD88,202621,28-MAY-26 00:00:00,,,,Y,SCRM,270.0,T01052,HR,12-MAY-26 08:00:07
4000537503,3,1,738,738,F,SCRM,I,367,240.0,0.0,1230,3.2,T01052,251.18,202619,N,SD88,202621,28-MAY-26 00:00:00,,,,Y,SCRM,240.0,T01052,HR,12-MAY-26 08:00:07
4000537503,4,1,738,738,F,SCRM,I,367,279.0,249.28,1530,3.2,T01052,31.75,202618,N,SD88,202620,28-MAY-26 00:00:00,,,,Y,SCRM,279.0,T01052,HR,12-MAY-26 08:00:07
4000537503,5,1,738,738,F,SCRM,I,367,279.0,220.93,1530,3.2,T01052,60.78,202618,N,SD88,202620,30-MAY-26 00:00:00,,,,G,SCRM,279.0,T01052,HR,12-MAY-26 08:00:07
4000537503,6,1,738,738,F,SCRM,I,367,279.0,248.52,1530,3.2,T01052,31.9,202618,N,SD88,202620,30-MAY-26 00:00:00,,,,G,SCRM,279.0,T01052,HR,12-MAY-26 08:00:07
9519695084,17,1,738,738,O,HR_DOM,L,367,210.0,172.45,1250,2.2,TIP001,38.51,202623,N,HG34,202625,03-JUN-26 00:00:00,,, ,I,HR_DOM,210.0,TIP001,HR,12-MAY-26 08:00:07
9519695084,18,1,738,738,O,HR_DOM,L,367,102.0,0.0,1500,2.2,TIP001,104.62,202623,N,HG34,202625,10-JUN-26 00:00:00,,, ,I,HR_DOM,102.0,TIP001,HR,12-MAY-26 08:00:07
9519695084,19,1,738,738,O,HR_DOM,L,367,120.0,27.35,1250,2.3,TIP001,95.03,202623,N,HG34,202625,03-JUN-26 00:00:00,,, ,I,HR_DOM,120.0,TIP001,HR,12-MAY-26 08:00:07
9519695084,22,1,738,738,O,HR_DOM,L,367,300.0,0.0,1250,2.5,TIP001,307.69,202623,N,HG34,202625,03-JUN-26 00:00:00,,, ,I,HR_DOM,300.0,TIP001,HR,12-MAY-26 08:00:07
9519695084,23,1,738,738,O,HR_DOM,L,367,300.0,0.0,1250,2.5,TIP001,307.69,202623,N,HG34,202625,03-JUN-26 00:00:00,,, ,I,HR_DOM,300.0,TIP001,HR,12-MAY-26 08:00:07
9519695084,86,1,738,738,O,HR_DOM,A,367,170.0,0.0,1500,15.8,UNB020,176.12,202623,N,UN20,202625,10-JUN-26 00:00:00,,, ,I,HR_DOM,170.0,UNB020,HR,12-MAY-26 08:00:07
9519695084,87,1,738,738,O,HR_DOM,A,367,102.0,0.0,1500,19.0,UNB020,105.67,202623,N,UN20,202625,10-JUN-26 00:00:00,,, ,I,HR_DOM,102.0,UNB020,HR,12-MAY-26 08:00:07
9519695084,24,1,738,738,O,HR_DOM,L,367,270.0,0.0,1250,2.5,TIP001,276.92,202623,N,HG34,202625,03-JUN-26 00:00:00,,, ,I,HR_DOM,270.0,TIP001,HR,12-MAY-26 08:00:07
9519695084,65,1,738,738,O,HR_DOM,A,367,204.0,0.0,1500,6.9,THG038,209.23,202623,N,HG38,202625,03-JUN-26 00:00:00,,, ,I,HR_DOM,204.0,THG038,HR,12-MAY-26 08:00:07
9519695520,1,1,738,738,O,HR_DOM,L,367,30.0,0.0,1250,2.0,TIP001,30.77,202623,N,HG34,202625,27-MAY-26 00:00:00,,, ,I,HR_DOM,30.0,TIP001,HR,12-MAY-26 08:00:07
9519695520,4,1,738,738,O,HR_DOM,L,367,30.0,0.0,1250,2.1,TIP001,30.77,202623,N,HG34,202625,27-MAY-26 00:00:00,,, ,I,HR_DOM,30.0,TIP001,HR,12-MAY-26 08:00:07
9519695978,2,1,738,738,O,HR_DOM,L,367,50.0,0.0,1500,2.2,TIP001,51.28,202619,N,HG34,202621,18-MAY-26 00:00:00,,, ,B,HR_DOM,50.0,TIP001,HR,12-MAY-26 08:00:07
9519695978,1,1,738,738,O,HR_DOM,L,367,50.0,0.0,1500,2.0,TIP001,51.28,202619,N,HG34,202621,18-MAY-26 00:00:00,,, ,B,HR_DOM,50.0,TIP001,HR,12-MAY-26 08:00:07
4000537670,1,1,738,738,F,KCRM,L,367,260.0,115.99,1100,2.0,T01576,149.2,202619,N,HG02,202621,19-MAY-26 00:00:00,,,,B,KCRM,260.0,T01576,HR,12-MAY-26 08:00:07
9519704731,1,1,738,738,B,HR_DOM,L,367,34.0,0.0,1530,7.8,Q17023,34.87,202622,N,HD09,202623,29-MAY-26 00:00:00,,, ,I,HR_DOM,34.0,Q17023,HR,12-MAY-26 08:00:07
9519704731,2,1,738,738,B,HR_DOM,L,367,34.0,0.0,1530,8.0,Q17023,34.87,202622,N,HD09,202623,29-MAY-26 00:00:00,,, ,I,HR_DOM,34.0,Q17023,HR,12-MAY-26 08:00:07
9519704731,3,1,738,738,B,HR_DOM,L,367,29.0,0.0,1230,4.0,Q17023,29.74,202622,N,HD09,202623,24-MAY-26 00:00:00,,, ,I,HR_DOM,29.0,Q17023,HR,12-MAY-26 08:00:07
9519615769,2,1,738,738,O,HR_DOM,L,367,30.0,0.0,1250,1.6,TIP001,30.77,202622,N,HG34,202623,05-JUN-26 00:00:00,,, ,I,HR_DOM,30.0,TIP001,HR,12-MAY-26 08:00:07
9519695084,6,1,738,738,O,HR_DOM,L,367,210.0,0.0,1250,1.8,TIP001,215.39,202623,N,HG34,202625,03-JUN-26 00:00:00,,, ,I,HR_DOM,210.0,TIP001,HR,12-MAY-26 08:00:07
9519695084,20,1,738,738,O,HR_DOM,L,367,102.0,0.0,1500,2.3,TIP001,104.62,202623,N,HG34,202625,10-JUN-26 00:00:00,,, ,I,HR_DOM,102.0,TIP001,HR,12-MAY-26 08:00:07
9519695084,25,1,738,738,O,HR_DOM,L,367,300.0,0.0,1250,2.5,TIP001,307.69,202623,N,HG34,202625,03-JUN-26 00:00:00,,, ,I,HR_DOM,300.0,TIP001,HR,12-MAY-26 08:00:07
9519697528,1,1,738,742,O,HR_DOM,,C01,116.0,0.0,0,0.0, ,0.0,202617,N,,202623,20-MAY-26 00:00:00,,, ,B,HR_DOM,116.0,,HR,12-MAY-26 08:00:07
9519697528,3,1,738,742,O,ACRM CRCA CRS,L,C01,29.0,0.0,1270,2.0,T01320,33.35,202617,N,SH08,202623,21-MAY-26 00:00:00,,, ,B,ACRM CRCA CRS,29.0,T01320,HR,12-MAY-26 08:00:07
9519699620,3,1,738,742,O,ACRM CRCA CRS,L,C01,112.0,86.28,1235,2.8,TSH067,128.8,202620,N,SH67,202624,28-MAY-26 00:00:00,,, ,Y,ACRM CRCA CRS,112.0,TSH067,HR,12-MAY-26 08:00:07
9519695520,6,1,738,738,O,HR_DOM,A,367,34.0,0.0,1500,5.0,TIP006,35.22,202623,N,HG42,202625,03-JUN-26 00:00:00,,, ,I,HR_DOM,34.0,TIP006,HR,12-MAY-26 08:00:07
9519695520,7,1,738,738,O,HR_DOM,L,367,60.0,0.0,1250,2.5,TIP001,61.54,202623,N,HG34,202625,27-MAY-26 00:00:00,,, ,I,HR_DOM,60.0,TIP001,HR,12-MAY-26 08:00:07
9519695520,8,1,738,738,O,HR_DOM,L,367,30.0,0.0,1250,2.9,TIP001,30.77,202623,N,HG34,202625,27-MAY-26 00:00:00,,, ,I,HR_DOM,30.0,TIP001,HR,12-MAY-26 08:00:07
9519695670,1,1,738,743,O,ACRM GP#3 WIDER SOFT,L,C02,58.0,57.04,1265,2.25,T01576,66.7,202616,N,HG02,202620,20-MAY-26 00:00:00,,,,B,ACRM GP#3 WIDER SOFT,58.0,T01576,HR,12-MAY-26 08:00:07
9519695670,2,1,738,743,O,ACRM GP#3 WIDER SOFT,L,C02,58.0,0.0,1265,2.3,T01576,66.7,202616,N,HG02,202620,20-MAY-26 00:00:00,,,,B,ACRM GP#3 WIDER SOFT,58.0,T01576,HR,12-MAY-26 08:00:07
9519682540,1,1,738,742,O,HR_DOM,,768,58.0,0.0,0,0.0, ,0.0,202617,N,,202620,16-MAY-26 00:00:00,,,,B,HR_DOM,58.0,,HR,12-MAY-26 08:00:07
9519673207,3,1,738,742,O,ACRM CRCA SPM,L,C01,28.99,0.0,1250,2.8,T01320,33.35,202616,N,SH08,202621,16-MAY-26 00:00:00,,, ,B,ACRM CRCA SPM,28.99,T01320,HR,12-MAY-26 08:00:07
9519704731,4,1,738,738,B,HR_DOM,L,367,29.0,0.0,1230,8.0,Q17023,29.74,202622,N,HD09,202623,29-MAY-26 00:00:00,,, ,I,HR_DOM,29.0,Q17023,HR,12-MAY-26 08:00:07
9519704731,5,1,738,738,B,HR_DOM,L,367,29.0,0.0,1230,6.0,Q17023,29.74,202622,N,HD09,202623,24-MAY-26 00:00:00,,, ,I,HR_DOM,29.0,Q17023,HR,12-MAY-26 08:00:07
9519704852,1,1,738,738,B,HR_DOM,L,367,29.0,0.0,1230,4.0,Q17023,29.74,202622,N,HD09,202623,29-MAY-26 00:00:00,,, ,I,HR_DOM,29.0,Q17023,HR,12-MAY-26 08:00:07
9519704852,2,1,738,738,B,HR_DOM,L,367,29.0,0.0,1230,5.0,Q17023,29.74,202622,N,HD09,202623,29-MAY-26 00:00:00,,, ,I,HR_DOM,29.0,Q17023,HR,12-MAY-26 08:00:07
9519697528,2,1,738,742,O,ACRM CRCA CRS,L,C01,116.0,57.2,1270,2.0,T01320,66.7,202616,N,SH08,202622,18-MAY-26 00:00:00,,, ,B,ACRM CRCA CRS,116.0,T01320,HR,12-MAY-26 08:00:07
9519704891,1,1,738,738,B,HR_DOM,L,367,34.0,28.45,1520,8.0,Q17022,0.0,202619,N,HD08,202620,22-MAY-26 00:00:00,,, ,B,HR_DOM,34.0,Q17022,HR,12-MAY-26 08:00:07
9519675393,4,1,738,738,O,HR_DOM,L,367,245.0,90.46,1460,2.2,I09497,160.12,202617,N,HG01,202618,16-MAY-26 00:00:00,,, ,B,HR_DOM,245.0,I09497,HR,12-MAY-26 08:00:07
4000536932,3,1,738,738,F,HR_DOM,P,367,120.0,0.0,1250,3.15,THV001,124.32,202620,N,HV01,202622,22-MAY-26 00:00:00,,,,B,HR_DOM,120.0,THV001,HR,12-MAY-26 08:00:07
4000536932,4,1,738,738,F,HR_DOM,P,367,120.0,0.0,1250,4.0,THV001,124.32,202620,N,HV01,202622,22-MAY-26 00:00:00,,,,B,HR_DOM,120.0,THV001,HR,12-MAY-26 08:00:07
4000536932,1,1,738,738,F,HR_DOM,P,367,210.0,0.0,1250,2.5,THV001,217.56,202620,N,HV01,202622,22-MAY-26 00:00:00,,,,B,HR_DOM,210.0,THV001,HR,12-MAY-26 08:00:07
4000536932,2,1,738,738,F,HR_DOM,P,367,60.0,0.0,1250,2.8,THV001,62.16,202620,N,HV01,202622,21-MAY-26 00:00:00,,,,B,HR_DOM,60.0,THV001,HR,12-MAY-26 08:00:07
4000537062,1,1,738,738,F,HR_DOM,P,367,150.0,0.0,1250,2.25,THV001,155.4,202620,N,HV01,202622,22-MAY-26 00:00:00,,,,B,HR_DOM,150.0,THV001,HR,12-MAY-26 08:00:07
4000537062,2,1,738,738,F,HR_DOM,P,367,60.0,0.0,1250,3.6,THV001,62.16,202620,N,HV01,202622,21-MAY-26 00:00:00,,,,B,HR_DOM,60.0,THV001,HR,12-MAY-26 08:00:07
9519675393,13,1,738,738,O,HR_DOM,L,367,204.0,183.96,1500,3.2,I09497,20.76,202617,N,HG01,202618,16-MAY-26 00:00:00,,, ,B,HR_DOM,204.0,I09497,HR,12-MAY-26 08:00:07
9519675393,16,1,738,738,O,HR_DOM,L,367,204.0,183.69,1500,4.0,I09497,21.04,202617,N,HG01,202618,16-MAY-26 00:00:00,,, ,B,HR_DOM,204.0,I09497,HR,12-MAY-26 08:00:07
9519675393,18,1,738,738,O,HR_DOM,L,367,204.0,181.79,1500,4.0,I09497,22.21,202617,N,HG01,202618,14-MAY-26 00:00:00,,, ,B,HR_DOM,204.0,I09497,HR,12-MAY-26 08:00:07
4000537062,3,1,738,738,F,HR_DOM,P,367,90.0,0.0,1250,4.4,THV001,93.24,202620,N,HV01,202622,22-MAY-26 00:00:00,,,,B,HR_DOM,90.0,THV001,HR,12-MAY-26 08:00:07
9519669394,1,1,738,738,O,HR_DOM,A,367,136.0,0.0,1500,9.8,I17021,143.8,202623,N,HR08,202625,01-JUN-26 00:00:00,,, ,I,HR_DOM,136.0,I17021,HR,12-MAY-26 08:00:07
9519669394,5,1,738,738,O,HR_DOM,L,367,60.0,0.0,1250,3.0,TIP001,61.54,202623,N,HG34,202625,27-MAY-26 00:00:00,,, ,I,HR_DOM,60.0,TIP001,HR,12-MAY-26 08:00:07
4000537231,1,1,738,738,F,KCRM,H,367,57.0,0.0,1300,2.5,S02015,58.46,202619,N,SH64,202620,23-MAY-26 00:00:00,,,,Y,KCRM,57.0,S02015,HR,12-MAY-26 08:00:07
4000537522,1,1,738,738,F,SCRM,H,367,155.0,0.0,1300,3.2,BSL039,158.97,202619,N,BS39,202621,23-MAY-26 00:00:00,,,,R,SCRM,155.0,BSL039,HR,12-MAY-26 08:00:07
9519632374,1,1,738,742,O,ACRM CRCA CRS,,C01,290.0,0.0,0,0.0, ,0.0,202617,N,,202621,15-MAY-26 00:00:00,,,,B,ACRM CRCA CRS,290.0,,HR,12-MAY-26 08:00:07
9519675393,21,1,738,738,O,HR_DOM,L,367,102.0,89.34,1530,7.4,I09490,12.99,202617,N,HG08,202618,16-MAY-26 00:00:00,,, ,B,HR_DOM,102.0,I09490,HR,12-MAY-26 08:00:07
60971315,2,1,738,738,B,SCRM,I,367,150.0,99.56,1270,4.0,BSL001,52.79,202618,N,BS01,202619,18-MAY-26 00:00:00,,,,B,SCRM,150.0,BSL001,HR,12-MAY-26 08:00:07
9519620869,1,1,738,743,O,ACRM GP#3 NARROW,L,C02,105.0,0.0,925,2.3,T01576,120.75,202620,N,HG02,202624,30-MAY-26 00:00:00,,, ,I,ACRM GP#3 NARROW,105.0,T01576,HR,12-MAY-26 08:00:07
9519696715,2,1,738,738,O,HR_DOM,L,367,270.0,0.0,1250,1.8,TIP001,276.92,202623,N,HG34,202625,03-JUN-26 00:00:00,,,,I,HR_DOM,270.0,TIP001,HR,12-MAY-26 08:00:07
9519696715,4,1,738,738,O,HR_DOM,L,367,270.0,0.0,1250,1.8,I09497,279.72,202623,N,HG01,202625,03-JUN-26 00:00:00,,,,I,HR_DOM,270.0,I09497,HR,12-MAY-26 08:00:07
9519696715,1,1,738,738,O,HR_DOM,L,367,270.0,0.0,1250,1.6,TIP001,276.92,202623,N,HG34,202625,03-JUN-26 00:00:00,,,,I,HR_DOM,270.0,TIP001,HR,12-MAY-26 08:00:07
9519696715,3,1,738,738,O,HR_DOM,L,367,270.0,0.0,1250,1.6,I09497,279.72,202623,N,HG01,202625,03-JUN-26 00:00:00,,,,I,HR_DOM,270.0,I09497,HR,12-MAY-26 08:00:07
9519687419,1,1,738,738,O,HR_DOM,L,367,210.0,137.01,1250,3.95,TIP001,74.91,202623,N,HG34,202625,03-JUN-26 00:00:00,,, ,I,HR_DOM,210.0,TIP001,HR,12-MAY-26 08:00:07
9519687419,2,1,738,738,O,HR_DOM,L,367,180.0,0.0,1250,3.95,TIP001,184.62,202623,N,HG34,202625,03-JUN-26 00:00:00,,, ,I,HR_DOM,180.0,TIP001,HR,12-MAY-26 08:00:07
9519687419,3,1,738,738,O,HR_DOM,L,367,272.0,0.0,1505,4.95,TIP001,278.97,202623,N,HG34,202625,09-JUN-26 00:00:00,,, ,I,HR_DOM,272.0,TIP001,HR,12-MAY-26 08:00:07
9519687419,4,1,738,738,O,HR_DOM,L,367,136.0,0.0,1505,4.95,TIP001,139.49,202623,N,HG34,202625,10-JUN-26 00:00:00,,, ,I,HR_DOM,136.0,TIP001,HR,12-MAY-26 08:00:07
9519691400,1,1,738,742,O,ACRM CRCA CRS,L,C01,293.999,0.0,935,2.8,TSH067,338.1,202617,N,SH67,202622,17-MAY-26 00:00:00,,, ,B,ACRM CRCA CRS,293.999,TSH067,HR,12-MAY-26 08:00:07
9519688981,1,1,738,742,O,ACRM CRCA CRS,L,C01,28.999,28.2,1250,2.5,T01320,33.35,202617,N,SH08,202621,17-MAY-26 00:00:00,,, ,B,ACRM CRCA CRS,28.999,T01320,HR,12-MAY-26 08:00:07
9519707289,2,1,738,738,O,HR_DOM,A,367,34.0,0.0,1500,8.0,THG038,34.87,202619,N,HG38,202620,18-MAY-26 00:00:00,,,,B,HR_DOM,34.0,THG038,HR,12-MAY-26 08:00:07
9519707289,3,1,738,738,O,HR_DOM,A,367,34.0,0.0,1500,5.0,TIP006,35.22,202619,N,HG42,202620,18-MAY-26 00:00:00,,,,B,HR_DOM,34.0,TIP006,HR,12-MAY-26 08:00:07
9519707289,4,1,738,738,O,HR_DOM,A,367,34.0,0.0,1500,5.0,TIP006,35.22,202619,N,HG42,202620,18-MAY-26 00:00:00,,,,B,HR_DOM,34.0,TIP006,HR,12-MAY-26 08:00:07
4000537992,2,1,738,738,F,HR_DOM,P,367,60.0,24.12,1250,7.0,BSL017,36.8,202619,N,BS17,202620,18-MAY-26 00:00:00,,,,B,HR_DOM,60.0,BSL017,HR,12-MAY-26 08:00:07
9519691400,2,1,738,742,O,ACRM CRCA CRS,L,C01,293.999,0.0,935,2.8,TSH067,338.1,202617,N,SH67,202622,17-MAY-26 00:00:00,,, ,B,ACRM CRCA CRS,293.999,TSH067,HR,12-MAY-26 08:00:07
9519699125,6,1,738,738,O,HR_DOM,A,367,34.0,0.0,1500,4.0,I17020,37.9,202623,N,HR05,202625,03-JUN-26 00:00:00,,, ,I,HR_DOM,34.0,I17020,HR,12-MAY-26 08:00:07
9519699125,1,1,738,738,O,HR_DOM,L,367,30.0,0.0,1250,3.5,TIP001,30.77,202623,N,HG34,202625,03-JUN-26 00:00:00,,, ,I,HR_DOM,30.0,TIP001,HR,12-MAY-26 08:00:07
9519676906,3,1,738,742,O,ACRM CRCA CRS,L,C01,29.0,0.0,1270,2.0,T01320,33.35,202618,N,SH08,202624,26-MAY-26 00:00:00,,, ,R,ACRM CRCA CRS,29.0,T01320,HR,12-MAY-26 08:00:07
9519682649,1,1,738,742,O,ACRM CRCA CRS,L,C01,116.0,0.0,1265,2.5,S02150,133.4,202619,N,SF98,202624,24-MAY-26 00:00:00,,, ,R,ACRM CRCA CRS,116.0,S02150,HR,12-MAY-26 08:00:07
9519706235,1,1,738,738,O,HR_DOM,L,367,272.0,1.67,1600,2.5,I09497,280.08,202622,N,HG01,202623,30-MAY-26 00:00:00,,, ,I,HR_DOM,272.0,I09497,HR,12-MAY-26 08:00:07
9519706235,2,1,738,738,O,HR_DOM,L,367,272.0,0.0,1600,2.5,I09497,281.79,202622,N,HG01,202623,30-MAY-26 00:00:00,,, ,I,HR_DOM,272.0,I09497,HR,12-MAY-26 08:00:07
9519706235,3,1,738,738,O,HR_DOM,L,367,170.0,0.0,1600,2.5,I09497,176.12,202622,N,HG01,202623,06-JUN-26 00:00:00,,, ,I,HR_DOM,170.0,I09497,HR,12-MAY-26 08:00:07
9519707507,1,1,738,738,O,HR_DOM,L,367,68.0,26.48,1550,2.5,I09497,43.01,202618,N,HG01,202620,14-MAY-26 00:00:00,,, ,B,HR_DOM,68.0,I09497,HR,12-MAY-26 08:00:07
9519656329,1,1,738,738,O,HR_DOM,B,367,34.0,0.0,1500,5.0,I17480,32.57,202622,N,SH35,202623,14-MAY-26 00:00:00,,, ,I,HR_DOM,34.0,I17480,HR,12-MAY-26 08:00:07
9519655928,2,1,738,738,O,HR_DOM,A,367,60.0,23.65,1250,12.0,THG038,37.28,202623,N,HG38,202625,14-MAY-26 00:00:00,,, ,I,HR_DOM,60.0,THG038,HR,12-MAY-26 08:00:07
9519658483,7,1,738,738,O,HR_DOM,A,367,60.0,0.0,1250,5.0,TIP006,62.16,202623,N,HG42,202624,08-JUN-26 00:00:00,,, ,I,HR_DOM,60.0,TIP006,HR,12-MAY-26 08:00:07
9519658483,5,1,738,738,O,HR_DOM,A,367,150.0,28.1,1250,3.0,TIP006,126.3,202623,N,HG42,202624,14-MAY-26 00:00:00,,, ,I,HR_DOM,150.0,TIP006,HR,12-MAY-26 08:00:07
9519658483,6,1,738,738,O,HR_DOM,A,367,90.0,85.06,1250,4.0,TIP006,4.94,202623,N,HG42,202624,14-MAY-26 00:00:00,,, ,I,HR_DOM,90.0,TIP006,HR,12-MAY-26 08:00:07
9519716858,6,1,738,742,O,ACRM CRCA CRS,L,C01,84.0,0.0,935,2.8,TSH067,96.6,202618,N,SH67,202623,19-MAY-26 00:00:00,,,,B,ACRM CRCA CRS,84.0,TSH067,HR,12-MAY-26 08:00:07
9519716865,4,1,738,742,O,ACRM CRCA CRS,L,C01,40.0,228.39,1235,2.8,TSH067,322.0,202618,N,SH67,202623,21-MAY-26 00:00:00,,, ,R,ACRM CRCA CRS,40.0,TSH067,HR,12-MAY-26 08:00:07
9519716830,1,1,738,742,O,ACRM CRCA CRS,L,C01,210.0,0.0,935,2.8,TSH067,241.5,202618,N,SH67,202623,19-MAY-26 00:00:00,,,,B,ACRM CRCA CRS,210.0,TSH067,HR,12-MAY-26 08:00:07
9519671329,20,1,738,738,O,HR_DOM,L,367,120.0,0.0,1250,3.2,TIP001,123.08,202623,N,HG34,202625,03-JUN-26 00:00:00,,, ,I,HR_DOM,120.0,TIP001,HR,12-MAY-26 08:00:07
9519671329,21,1,738,738,O,HR_DOM,L,367,120.0,0.0,1250,3.5,TIP001,123.08,202623,N,HG34,202625,03-JUN-26 00:00:00,,, ,I,HR_DOM,120.0,TIP001,HR,12-MAY-26 08:00:07
9519671329,22,1,738,738,O,HR_DOM,L,367,120.0,79.49,1250,3.8,TIP001,41.55,202623,N,HG34,202625,03-JUN-26 00:00:00,,, ,I,HR_DOM,120.0,TIP001,HR,12-MAY-26 08:00:07
9519671329,23,1,738,738,O,HR_DOM,L,367,120.0,71.5,1250,4.0,TIP001,49.74,202623,N,HG34,202625,03-JUN-26 00:00:00,,, ,I,HR_DOM,120.0,TIP001,HR,12-MAY-26 08:00:07
9519671329,30,1,738,738,O,HR_DOM,L,367,120.0,0.0,1250,8.0,UNB092,126.88,202623,N,UN92,202625,03-JUN-26 00:00:00,,, ,I,HR_DOM,120.0,UNB092,HR,12-MAY-26 08:00:07
9519671329,31,1,738,738,O,HR_DOM,L,367,204.0,0.0,1500,8.0,UNB092,215.7,202618,N,UN92,202620,17-MAY-26 00:00:00,,,,B,HR_DOM,204.0,UNB092,HR,12-MAY-26 08:00:07
9519671329,32,1,738,738,O,HR_DOM,L,367,272.0,0.0,1500,10.0,UNB092,287.6,202618,N,UN92,202620,18-MAY-26 00:00:00,,,,B,HR_DOM,272.0,UNB092,HR,12-MAY-26 08:00:07
9519671329,33,1,738,738,O,HR_DOM,L,367,204.0,63.07,1500,11.9,UNB092,149.01,202618,N,UN92,202620,18-MAY-26 00:00:00,,,,B,HR_DOM,204.0,UNB092,HR,12-MAY-26 08:00:07
9519711076,1,1,738,738,B,HR_DOM,L,367,30.0,0.0,1250,10.0,Q17024,24.88,202621,N,HD10,202622,14-MAY-26 00:00:00,,, ,G,HR_DOM,30.0,Q17024,HR,12-MAY-26 08:00:07
4000537697,2,1,738,738,F,HR_DOM,L,367,272.007,249.96,1680,2.9,THG004,28.03,202624,N,HG50,202626,14-MAY-26 00:00:00,,, ,I,HR_DOM,272.007,THG004,HR,12-MAY-26 08:00:07
4000538212,1,1,738,738,T,HR_DOM,A,367,90.0,0.0,1250,5.5,TSM011,92.31,202621,N,TM11,202623,27-MAY-26 00:00:00,,,,R,HR_DOM,90.0,TSM011,HR,12-MAY-26 08:00:07
9519708421,2,1,738,738,O,HR_DOM,A,367,30.0,23.3,1250,2.99,UNB042,0.0,202623,N,UN42,202625,10-JUN-26 00:00:00,,, ,I,HR_DOM,30.0,UNB042,HR,12-MAY-26 08:00:07
9519704781,4,1,738,738,O,HR_DOM,A,367,68.0,28.86,1500,12.0,UNB020,40.85,202620,N,UN20,202622,26-MAY-26 00:00:00,,,,R,HR_DOM,68.0,UNB020,HR,12-MAY-26 08:00:07
4000538184,1,1,738,738,F,HR_DOM,P,367,210.0,0.0,1250,6.0,BSL017,215.39,202621,N,BS17,202622,31-MAY-26 00:00:00,,, ,G,HR_DOM,210.0,BSL017,HR,12-MAY-26 08:00:07
4000538184,2,1,738,738,F,HR_DOM,P,367,210.0,0.0,1250,7.0,BSL017,215.39,202621,N,BS17,202622,31-MAY-26 00:00:00,,, ,G,HR_DOM,210.0,BSL017,HR,12-MAY-26 08:00:07
9519712539,2,1,738,738,B,HR_DOM,L,367,34.0,0.0,1500,11.8,Q17024,34.87,202622,N,HD10,202623,06-JUN-26 00:00:00,,, ,I,HR_DOM,34.0,Q17024,HR,12-MAY-26 08:00:07
9519711764,1,1,738,738,B,HR_DOM,L,367,30.0,0.0,1250,8.0,Q17024,28.96,202622,N,HD10,202623,14-MAY-26 00:00:00,,, ,I,HR_DOM,30.0,Q17024,HR,12-MAY-26 08:00:07
9519711764,3,1,738,738,B,HR_DOM,L,367,102.0,0.0,1500,10.0,Q17024,104.61,202619,N,HD10,202620,14-MAY-26 00:00:00,,, ,B,HR_DOM,102.0,Q17024,HR,12-MAY-26 08:00:07
4000538040,1,1,738,738,F,TUBE,A,367,102.0,0.0,1440,2.8,UNB042,149.45,202621,N,UN42,202622,03-JUN-26 00:00:00,,,,R,TUBE,102.0,UNB042,HR,12-MAY-26 08:00:07
4000538040,2,1,738,738,F,TUBE,A,367,102.0,0.0,1440,2.99,UNB042,149.45,202621,N,UN42,202622,03-JUN-26 00:00:00,,,,R,TUBE,102.0,UNB042,HR,12-MAY-26 08:00:07
4000537278,1,1,738,738,F,WUSE,A,368,175.0,0.0,1500,10.0,THG038,183.15,202619,N,HG38,202621,20-MAY-26 00:00:00,,,,B,WUSE,175.0,THG038,HR,12-MAY-26 08:00:07
9519716706,2,1,738,738,O,HR_DOM,P,367,60.0,0.0,1250,5.0,BSL086,62.16,202623,N,BS86,202624,08-JUN-26 00:00:00,,, ,I,HR_DOM,60.0,BSL086,HR,12-MAY-26 08:00:07
9519716706,3,1,738,738,O,HR_DOM,P,367,60.0,0.0,1250,3.15,BSL086,62.16,202623,N,BS86,202624,08-JUN-26 00:00:00,,, ,I,HR_DOM,60.0,BSL086,HR,12-MAY-26 08:00:07
4000538632,4,1,738,738,F,SCRM_SPC_SLIT,L,367,300.0,278.78,1270,2.5,T01576,21.99,202618,N,HG02,202619,13-MAY-26 00:00:00,,,,B,SCRM_SPC_SLIT,300.0,T01576,HR,12-MAY-26 08:00:07
9519711076,4,1,738,738,B,HR_DOM,L,367,30.0,0.0,1250,8.0,Q17024,28.84,202622,N,HD10,202623,14-MAY-26 00:00:00,,, ,I,HR_DOM,30.0,Q17024,HR,12-MAY-26 08:00:07
9519711076,2,1,738,738,B,HR_DOM,L,367,30.0,0.0,1250,10.0,Q17024,24.52,202621,N,HD10,202622,14-MAY-26 00:00:00,,, ,G,HR_DOM,30.0,Q17024,HR,12-MAY-26 08:00:07
9519711076,3,1,738,738,B,HR_DOM,L,367,30.0,0.0,1250,10.0,Q17024,24.75,202621,N,HD10,202622,14-MAY-26 00:00:00,,, ,G,HR_DOM,30.0,Q17024,HR,12-MAY-26 08:00:07
9519695084,51,1,738,738,O,HR_DOM,L,367,120.0,0.0,1250,3.6,TIP001,123.08,202623,N,HG34,202625,03-JUN-26 00:00:00,,, ,I,HR_DOM,120.0,TIP001,HR,12-MAY-26 08:00:07
9519670605,4,1,738,738,O,HR_DOM,A,367,102.0,0.0,1500,4.0,I17020,113.71,202623,N,HR05,202625,03-JUN-26 00:00:00,,, ,I,HR_DOM,102.0,I17020,HR,12-MAY-26 08:00:07
9519670605,5,1,738,738,O,HR_DOM,A,367,68.0,0.0,1500,4.8,I17020,75.81,202623,N,HR05,202625,03-JUN-26 00:00:00,,, ,I,HR_DOM,68.0,I17020,HR,12-MAY-26 08:00:07
9519670605,6,1,738,738,O,HR_DOM,A,367,68.0,0.0,1500,6.0,I17021,71.9,202623,N,HR08,202625,03-JUN-26 00:00:00,,, ,I,HR_DOM,68.0,I17021,HR,12-MAY-26 08:00:07
9519670605,7,1,738,738,O,HR_DOM,A,367,68.0,0.0,1500,8.0,I17021,71.9,202623,N,HR08,202625,03-JUN-26 00:00:00,,, ,I,HR_DOM,68.0,I17021,HR,12-MAY-26 08:00:07
9519670605,12,1,738,738,O,HR_DOM,B,367,68.0,0.0,1500,6.0,I17480,69.74,202623,N,SH35,202625,03-JUN-26 00:00:00,,, ,I,HR_DOM,68.0,I17480,HR,12-MAY-26 08:00:07
9519670605,13,1,738,738,O,HR_DOM,B,367,68.0,0.0,1500,8.0,I17480,69.74,202623,N,SH35,202625,03-JUN-26 00:00:00,,, ,I,HR_DOM,68.0,I17480,HR,12-MAY-26 08:00:07
9519670616,2,1,738,738,O,HR_DOM,L,367,60.0,0.0,1250,2.0,TIP001,61.54,202623,N,HG34,202625,03-JUN-26 00:00:00,,, ,I,HR_DOM,60.0,TIP001,HR,12-MAY-26 08:00:07
9519684367,46,1,738,738,O,HR_DOM,L,367,272.0,0.0,1500,1.8,TIP001,278.97,202621,N,HG34,202622,30-MAY-26 00:00:00,,,,G,HR_DOM,272.0,TIP001,HR,12-MAY-26 08:00:07
9519604919,3,1,738,743,O,ACRM GP#3 NARROW,L,C02,42.0,0.0,925,2.25,S02149,48.3,202614,N,SF93,202618,15-MAY-26 00:00:00,,, ,B,ACRM GP#3 NARROW,42.0,S02149,HR,12-MAY-26 08:00:07
4000537698,1,1,738,738,F,HR_DOM,L,367,136.0,124.71,1680,2.9,THG004,12.92,202620,N,HG50,202622,26-MAY-26 00:00:00,,, ,R,HR_DOM,136.0,THG004,HR,12-MAY-26 08:00:07
9519695084,9,1,738,738,O,HR_DOM,L,367,30.0,0.0,1250,2.0,TIP001,30.77,202623,N,HG34,202625,03-JUN-26 00:00:00,,, ,I,HR_DOM,30.0,TIP001,HR,12-MAY-26 08:00:07
9519695084,46,1,738,738,O,HR_DOM,L,367,30.0,0.0,1250,3.15,TIP001,30.77,202623,N,HG34,202625,03-JUN-26 00:00:00,,, ,I,HR_DOM,30.0,TIP001,HR,12-MAY-26 08:00:07
9519684367,13,1,738,738,O,HR_DOM,L,367,102.0,32.82,1500,5.5,I09508,72.01,202621,N,HG22,202622,31-MAY-26 00:00:00,,,,G,HR_DOM,102.0,I09508,HR,12-MAY-26 08:00:07
9519684367,14,1,738,738,O,HR_DOM,L,367,102.0,0.0,1500,5.8,I09508,105.67,202621,N,HG22,202622,31-MAY-26 00:00:00,,,,G,HR_DOM,102.0,I09508,HR,12-MAY-26 08:00:07
9519684367,15,1,738,738,O,HR_DOM,L,367,102.0,31.29,1500,6.0,I09508,73.58,202621,N,HG22,202622,31-MAY-26 00:00:00,,,,G,HR_DOM,102.0,I09508,HR,12-MAY-26 08:00:07
9519684367,20,1,738,738,O,HR_DOM,L,367,102.0,65.86,1500,2.8,TIP001,37.07,202621,N,HG34,202622,31-MAY-26 00:00:00,,,,G,HR_DOM,102.0,TIP001,HR,12-MAY-26 08:00:07
9519684367,8,1,738,738,O,HR_DOM,L,367,102.0,58.49,1500,4.2,T01576,45.08,202621,N,HG02,202622,01-JUN-26 00:00:00,,,,G,HR_DOM,102.0,T01576,HR,12-MAY-26 08:00:07
9519708266,1,1,738,738,O,HR_DOM,L,367,272.0,97.96,1600,2.5,I09497,180.31,202622,N,HG01,202624,01-JUN-26 00:00:00,,, ,I,HR_DOM,272.0,I09497,HR,12-MAY-26 08:00:07
9519708266,2,1,738,738,O,HR_DOM,L,367,272.0,163.47,1600,2.5,I09497,112.44,202622,N,HG01,202624,08-JUN-26 00:00:00,,, ,I,HR_DOM,272.0,I09497,HR,12-MAY-26 08:00:07
9519711307,3,1,738,743,O,ACRM GP#3 NARROW,L,C02,294.0,0.0,925,2.25,T01576,338.1,202620,N,HG02,202624,03-JUN-26 00:00:00,,, ,I,ACRM GP#3 NARROW,294.0,T01576,HR,12-MAY-26 08:00:07
9519711307,4,1,738,743,O,ACRM GP#3 NARROW,L,C02,294.0,0.0,925,2.25,T01576,338.1,202623,N,HG02,202627,03-JUN-26 00:00:00,,, ,I,ACRM GP#3 NARROW,294.0,T01576,HR,12-MAY-26 08:00:07
9519711307,8,1,738,743,O,ACRM GP#3 WIDER SOFT,L,C02,56.0,47.26,1235,2.3,T01576,64.4,202622,N,HG02,202626,07-JUN-26 00:00:00,,,,I,ACRM GP#3 WIDER SOFT,56.0,T01576,HR,12-MAY-26 08:00:07
4000538450,1,1,738,738,F,HR_SPC,L,367,120.0,115.45,1250,5.0,Q17015,0.0,202623,N,HD06,202624,03-JUN-26 00:00:00,,, ,R,HR_SPC,120.0,Q17015,HR,12-MAY-26 08:00:07
4000538129,1,1,738,738,F,HR_DOM,A,367,35.0,0.0,1450,3.2,THA038,39.89,202618,N,HA38,202620,17-MAY-26 00:00:00,,,,B,HR_DOM,35.0,THA038,HR,12-MAY-26 08:00:07
4000538129,2,1,738,738,F,HR_DOM,A,367,70.0,0.0,1450,4.95,THA038,79.77,202621,N,HA38,202623,30-MAY-26 00:00:00,,,,Y,HR_DOM,70.0,THA038,HR,12-MAY-26 08:00:07
4000538129,3,1,738,738,F,HR_DOM,A,367,70.0,0.0,1480,4.95,THA038,79.77,202621,N,HA38,202623,30-MAY-26 00:00:00,,,,Y,HR_DOM,70.0,THA038,HR,12-MAY-26 08:00:07
4000538136,1,1,738,738,F,HR_DOM,A,367,140.0,0.0,1450,3.8,THA038,159.54,202620,N,HA38,202622,24-MAY-26 00:00:00,,,,R,HR_DOM,140.0,THA038,HR,12-MAY-26 08:00:07
4000538136,2,1,738,738,F,HR_DOM,A,367,136.0,0.0,1440,4.4,THA038,154.99,202620,N,HA38,202622,24-MAY-26 00:00:00,,,,R,HR_DOM,136.0,THA038,HR,12-MAY-26 08:00:07
4000538136,4,1,738,738,F,HR_DOM,A,367,70.0,0.0,1480,4.6,THA038,79.77,202620,N,HA38,202622,24-MAY-26 00:00:00,,,,R,HR_DOM,70.0,THA038,HR,12-MAY-26 08:00:07
4000538136,3,1,738,738,F,HR_DOM,A,367,105.0,0.0,1480,4.5,THA038,119.66,202620,N,HA38,202622,24-MAY-26 00:00:00,,,,R,HR_DOM,105.0,THA038,HR,12-MAY-26 08:00:07
9519684367,9,1,738,738,O,HR_DOM,L,367,102.0,0.0,1500,4.5,T01576,105.67,202621,N,HG02,202622,31-MAY-26 00:00:00,,,,G,HR_DOM,102.0,T01576,HR,12-MAY-26 08:00:07
9519684367,10,1,738,738,O,HR_DOM,L,367,102.0,0.0,1500,5.0,T01576,105.67,202621,N,HG02,202622,31-MAY-26 00:00:00,,,,G,HR_DOM,102.0,T01576,HR,12-MAY-26 08:00:07
9519684367,11,1,738,738,O,HR_DOM,L,367,102.0,0.0,1500,6.0,T01576,105.67,202621,N,HG02,202622,31-MAY-26 00:00:00,,,,G,HR_DOM,102.0,T01576,HR,12-MAY-26 08:00:07
9519684367,12,1,738,738,O,HR_DOM,L,367,102.0,31.36,1500,5.0,I09508,73.18,202621,N,HG22,202622,31-MAY-26 00:00:00,,,,G,HR_DOM,102.0,I09508,HR,12-MAY-26 08:00:07
9519684367,16,1,738,738,O,HR_DOM,L,367,102.0,29.95,1500,6.5,I09508,74.64,202621,N,HG22,202622,31-MAY-26 00:00:00,,,,G,HR_DOM,102.0,I09508,HR,12-MAY-26 08:00:07
9519684367,17,1,738,738,O,HR_DOM,L,367,102.0,0.0,1500,2.3,TIP001,104.62,202621,N,HG34,202622,31-MAY-26 00:00:00,,,,G,HR_DOM,102.0,TIP001,HR,12-MAY-26 08:00:07
9519684367,18,1,738,738,O,HR_DOM,L,367,102.0,0.0,1500,2.4,TIP001,104.62,202621,N,HG34,202622,31-MAY-26 00:00:00,,,,G,HR_DOM,102.0,TIP001,HR,12-MAY-26 08:00:07
9519684367,19,1,738,738,O,HR_DOM,L,367,102.0,0.0,1500,2.6,TIP001,104.62,202621,N,HG34,202622,31-MAY-26 00:00:00,,,,G,HR_DOM,102.0,TIP001,HR,12-MAY-26 08:00:07
9519684367,22,1,738,738,O,HR_DOM,L,367,102.0,31.6,1500,3.1,TIP001,72.21,202621,N,HG34,202622,31-MAY-26 00:00:00,,,,G,HR_DOM,102.0,TIP001,HR,12-MAY-26 08:00:07
9519684367,23,1,738,738,O,HR_DOM,L,367,102.0,31.57,1500,3.6,TIP001,72.24,202621,N,HG34,202622,31-MAY-26 00:00:00,,,,G,HR_DOM,102.0,TIP001,HR,12-MAY-26 08:00:07
9519684367,24,1,738,738,O,HR_DOM,L,367,102.0,65.72,1500,3.8,TIP001,37.21,202621,N,HG34,202622,31-MAY-26 00:00:00,,,,G,HR_DOM,102.0,TIP001,HR,12-MAY-26 08:00:07
9519684367,25,1,738,738,O,HR_DOM,L,367,102.0,0.0,1500,4.3,TIP001,104.62,202621,N,HG34,202622,31-MAY-26 00:00:00,,,,G,HR_DOM,102.0,TIP001,HR,12-MAY-26 08:00:07
9519684367,26,1,738,738,O,HR_DOM,L,367,102.0,62.72,1500,4.8,TIP001,40.29,202621,N,HG34,202622,01-JUN-26 00:00:00,,,,G,HR_DOM,102.0,TIP001,HR,12-MAY-26 08:00:07
9519684367,37,1,738,738,O,HR_DOM,L,367,170.0,0.0,1500,2.2,TIP001,174.36,202621,N,HG34,202622,28-MAY-26 00:00:00,,,,G,HR_DOM,170.0,TIP001,HR,12-MAY-26 08:00:07
9519707036,3,1,738,742,O,ACRM HRPO,L,768,145.0,137.53,1250,2.0,I09497,166.75,202621,N,HG01,202623,24-MAY-26 00:00:00,,,,I,ACRM HRPO,145.0,I09497,HR,12-MAY-26 08:00:07
9519707036,2,1,738,742,O,ACRM HRPO,L,768,87.0,57.02,1250,2.5,I09497,100.05,202621,N,HG01,202623,27-MAY-26 00:00:00,,,,I,ACRM HRPO,87.0,I09497,HR,12-MAY-26 08:00:07
9519708259,16,1,738,738,O,HR_DOM,A,367,102.0,0.0,1500,3.0,I17020,113.71,202621,N,HR05,202622,31-MAY-26 00:00:00,,,,G,HR_DOM,102.0,I17020,HR,12-MAY-26 08:00:07
9519708701,1,1,738,738,B,HR_DOM,A,367,34.0,0.0,1550,20.0,UNB020,35.22,202619,N,UN20,202621,22-MAY-26 00:00:00,,, ,B,HR_DOM,34.0,UNB020,HR,12-MAY-26 08:00:07
9519717104,3,1,738,744,O,ACRM GP#2 PPGL,L,B18,83.999,85.65,1235,2.0,TSF093,96.6,202624,N,SH93,202627,03-JUN-26 00:00:00,,, ,I,ACRM GP#2 PPGL,83.999,TSF093,HR,12-MAY-26 08:00:07
9519717104,1,1,738,744,O,ACRM GP#2 PPGL,L,B18,28.0,28.63,1235,2.0,TSF093,32.2,202624,N,SH93,202627,03-JUN-26 00:00:00,,,,I,ACRM GP#2 PPGL,28.0,TSF093,HR,12-MAY-26 08:00:07
9519705160,1,1,738,744,O,ACRM GP#2 PPGL,L,B18,27.999,0.0,1235,2.2,S02149,32.199,202629,N,SF93,202633,06-JUN-26 00:00:00,,, ,I,ACRM GP#2 PPGL,27.999,S02149,HR,12-MAY-26 08:00:07
9519627154,2,1,738,743,O,ACRM GP#3 WIDER SOFT,L,C02,56.0,0.0,1235,2.25,S02149,32.2,202622,N,SF93,202626,07-JUN-26 00:00:00,,, ,I,ACRM GP#3 WIDER SOFT,56.0,S02149,HR,12-MAY-26 08:00:07
9519721298,3,1,738,742,O,ACRM CRCA SPM,L,C01,58.0,0.0,1250,3.2,T01320,66.7,202618,N,SH08,202623,23-MAY-26 00:00:00,,, ,R,ACRM CRCA SPM,58.0,T01320,HR,12-MAY-26 08:00:07
9519721298,4,1,738,742,O,ACRM CRCA SPM,L,C01,116.0,0.0,1250,4.0,T01320,133.4,202618,N,SH08,202623,22-MAY-26 00:00:00,,, ,R,ACRM CRCA SPM,116.0,T01320,HR,12-MAY-26 08:00:07
9519721298,5,1,738,742,O,ACRM CRCA SPM,L,C01,116.0,0.0,1250,4.0,T01320,133.4,202618,N,SH08,202623,22-MAY-26 00:00:00,,, ,R,ACRM CRCA SPM,116.0,T01320,HR,12-MAY-26 08:00:07
9519721298,6,1,738,742,O,ACRM CRCA SPM,L,C01,116.0,0.0,1250,4.0,T01320,133.4,202618,N,SH08,202623,22-MAY-26 00:00:00,,, ,R,ACRM CRCA SPM,116.0,T01320,HR,12-MAY-26 08:00:07
9519722662,5,1,738,738,O,HR_DOM,A,367,68.0,0.0,1500,3.2,I17020,75.81,202622,N,HR05,202624,30-MAY-26 00:00:00,,, ,I,HR_DOM,68.0,I17020,HR,12-MAY-26 08:00:07
4000536734,6,1,738,738,F,HR_DOM,P,367,30.0,20.21,1250,5.0,BSL086,31.08,202623,N,BS86,202624,08-JUN-26 00:00:00,,, ,I,HR_DOM,30.0,BSL086,HR,12-MAY-26 08:00:07
9519719209,1,1,738,738,O,HR_DOM,A,367,272.0,146.31,1560,9.6,THB029,131.54,202624,N,HB29,202626,07-JUN-26 00:00:00,,, ,I,HR_DOM,272.0,THB029,HR,12-MAY-26 08:00:07
9519719179,1,1,738,738,O,HR_DOM,A,367,272.0,29.08,1560,9.6,THB029,254.23,202624,N,HB29,202625,03-JUN-26 00:00:00,,, ,I,HR_DOM,272.0,THB029,HR,12-MAY-26 08:00:07
4000538189,1,1,738,738,F,HR_DOM,A,367,140.0,0.0,1450,4.4,THA038,159.54,202623,N,HA38,202625,08-JUN-26 00:00:00,,, ,I,HR_DOM,140.0,THA038,HR,12-MAY-26 08:00:07
9519684367,40,1,738,738,O,HR_DOM,L,367,204.0,0.0,1500,2.0,TIP001,209.23,202621,N,HG34,202622,28-MAY-26 00:00:00,,,,G,HR_DOM,204.0,TIP001,HR,12-MAY-26 08:00:07
9519684367,39,1,738,738,O,HR_DOM,L,367,204.0,58.21,1500,3.0,T01576,151.34,202621,N,HG02,202622,31-MAY-26 00:00:00,,,,G,HR_DOM,204.0,T01576,HR,12-MAY-26 08:00:07
9519684367,36,1,738,738,O,HR_DOM,L,367,170.0,0.0,1500,3.5,T01576,176.12,202621,N,HG02,202622,28-MAY-26 00:00:00,,,,G,HR_DOM,170.0,T01576,HR,12-MAY-26 08:00:07
9519684367,38,1,738,738,O,HR_DOM,L,367,170.0,157.62,1500,4.0,TIP001,12.7,202621,N,HG34,202622,01-JUN-26 00:00:00,,,,G,HR_DOM,170.0,TIP001,HR,12-MAY-26 08:00:07
9519684367,41,1,738,738,O,HR_DOM,L,367,204.0,0.0,1500,3.0,TIP001,209.23,202621,N,HG34,202622,28-MAY-26 00:00:00,,,,G,HR_DOM,204.0,TIP001,HR,12-MAY-26 08:00:07
9519684367,42,1,738,738,O,HR_DOM,L,367,204.0,92.13,1500,3.2,TIP001,114.74,202621,N,HG34,202622,31-MAY-26 00:00:00,,,,G,HR_DOM,204.0,TIP001,HR,12-MAY-26 08:00:07
9519684367,44,1,738,738,O,HR_DOM,L,367,204.0,0.0,1500,4.5,TIP001,209.23,202621,N,HG34,202622,28-MAY-26 00:00:00,,,,G,HR_DOM,204.0,TIP001,HR,12-MAY-26 08:00:07
9519684367,49,1,738,738,O,HR_DOM,L,367,204.0,116.73,1500,2.5,T01576,90.41,202621,N,HG02,202622,31-MAY-26 00:00:00,,,,G,HR_DOM,204.0,T01576,HR,12-MAY-26 08:00:07
9519684367,50,1,738,738,O,HR_DOM,L,367,204.0,0.0,1500,2.5,T01576,211.34,202621,N,HG02,202622,28-MAY-26 00:00:00,,,,G,HR_DOM,204.0,T01576,HR,12-MAY-26 08:00:07
9519684367,51,1,738,738,O,HR_DOM,L,367,272.0,0.0,1500,2.5,TIP001,278.97,202621,N,HG34,202622,30-MAY-26 00:00:00,,,,G,HR_DOM,272.0,TIP001,HR,12-MAY-26 08:00:07
9519684367,52,1,738,738,O,HR_DOM,L,367,272.0,0.0,1500,2.5,TIP001,278.97,202621,N,HG34,202622,30-MAY-26 00:00:00,,,,G,HR_DOM,272.0,TIP001,HR,12-MAY-26 08:00:07
9519684367,53,1,738,738,O,HR_DOM,L,367,272.0,0.0,1500,2.5,TIP001,278.97,202621,N,HG34,202622,30-MAY-26 00:00:00,,,,G,HR_DOM,272.0,TIP001,HR,12-MAY-26 08:00:07
9519684367,54,1,738,738,O,HR_DOM,L,367,272.0,0.0,1500,2.5,TIP001,278.97,202621,N,HG34,202622,30-MAY-26 00:00:00,,,,G,HR_DOM,272.0,TIP001,HR,12-MAY-26 08:00:07
9519706254,13,1,738,742,O,ACRM CRCA SPM,L,C01,58.0,0.0,1250,4.0,T01320,66.7,202618,N,SH08,202622,19-MAY-26 00:00:00,,, ,B,ACRM CRCA SPM,58.0,T01320,HR,12-MAY-26 08:00:07
9519706254,14,1,738,742,O,ACRM CRCA SPM,L,C01,29.0,0.0,1250,4.0,T01320,33.35,202618,N,SH08,202622,19-MAY-26 00:00:00,,, ,B,ACRM CRCA SPM,29.0,T01320,HR,12-MAY-26 08:00:07
9519687938,27,1,738,742,O,ACRM CRCA SPM,L,C01,29.0,0.0,1250,4.0,T01320,33.35,202618,N,SH08,202622,19-MAY-26 00:00:00,,, ,B,ACRM CRCA SPM,29.0,T01320,HR,12-MAY-26 08:00:07
9519716161,14,1,738,742,O,ACRM CRCA SPM,L,C01,58.0,0.0,1250,4.0,T01320,66.7,202618,N,SH08,202622,21-MAY-26 00:00:00,,, ,B,ACRM CRCA SPM,58.0,T01320,HR,12-MAY-26 08:00:07
9519716161,11,1,738,742,O,ACRM CRCA SPM,L,C01,58.0,0.0,1250,3.2,T01320,66.7,202618,N,SH08,202622,21-MAY-26 00:00:00,,, ,B,ACRM CRCA SPM,58.0,T01320,HR,12-MAY-26 08:00:07
9519716161,12,1,738,742,O,ACRM CRCA SPM,L,C01,58.0,0.0,1250,4.0,T01320,66.7,202618,N,SH08,202622,21-MAY-26 00:00:00,,, ,B,ACRM CRCA SPM,58.0,T01320,HR,12-MAY-26 08:00:07
9519716161,13,1,738,742,O,ACRM CRCA SPM,L,C01,58.0,0.0,1250,4.0,T01320,66.7,202618,N,SH08,202622,21-MAY-26 00:00:00,,, ,B,ACRM CRCA SPM,58.0,T01320,HR,12-MAY-26 08:00:07
9519684449,2,1,738,738,O,HR_DOM,L,367,170.0,0.0,1500,1.8,TIP001,174.36,202620,N,HG34,202622,23-MAY-26 00:00:00,,,,R,HR_DOM,170.0,TIP001,HR,12-MAY-26 08:00:07
9519703636,3,1,738,742,O,ACRM CRCA CRS,L,C01,104.0,0.0,1135,3.2,T01320,119.6,202620,N,SH08,202625,03-JUN-26 00:00:00,,, ,I,ACRM CRCA CRS,104.0,T01320,HR,12-MAY-26 08:00:07
4000538524,2,1,738,738,F,TUBE,L,727,288.0,0.0,375,2.8,TSH067,301.41,202620,N,SH67,202622,03-JUN-26 00:00:00,,,,R,TUBE,288.0,TSH067,HR,12-MAY-26 08:00:07
4000538524,1,1,738,738,F,TUBE,L,727,288.0,0.0,375,2.8,TSH067,301.41,202620,N,SH67,202622,03-JUN-26 00:00:00,,,,R,TUBE,288.0,TSH067,HR,12-MAY-26 08:00:07
4000538524,3,1,738,738,F,TUBE,L,727,288.0,0.0,375,2.8,TSH067,301.41,202620,N,SH67,202622,03-JUN-26 00:00:00,,,,R,TUBE,288.0,TSH067,HR,12-MAY-26 08:00:07
4000538524,4,1,738,738,F,TUBE,L,727,288.0,0.0,375,2.8,TSH067,301.41,202620,N,SH67,202622,03-JUN-26 00:00:00,,,,R,TUBE,288.0,TSH067,HR,12-MAY-26 08:00:07
4000538524,5,1,738,738,F,TUBE,L,727,252.0,0.0,290,2.0,T01576,266.4,202620,N,HG02,202622,03-JUN-26 00:00:00,,,,R,TUBE,252.0,T01576,HR,12-MAY-26 08:00:07
4000538524,6,1,738,738,F,TUBE,L,727,252.0,0.0,290,2.0,T01576,266.4,202620,N,HG02,202622,03-JUN-26 00:00:00,,,,R,TUBE,252.0,T01576,HR,12-MAY-26 08:00:07
9519723636,8,1,738,743,F,ACRM GP#2 NON TBSPL,L,B03,21.0,0.0,925,1.8,T01576,24.15,202618,N,HG02,202621,21-MAY-26 00:00:00,,,,B,ACRM GP#2 NON TBSPL,21.0,T01576,HR,12-MAY-26 08:00:07
9519723636,9,1,738,743,F,ACRM GP#2 NON TBSPL,L,B03,21.0,0.0,925,2.0,T01576,24.15,202618,N,HG02,202621,21-MAY-26 00:00:00,,,,B,ACRM GP#2 NON TBSPL,21.0,T01576,HR,12-MAY-26 08:00:07
9519723636,10,1,738,743,F,ACRM GP#2 NON TBSPL,L,B03,21.0,0.0,925,2.2,T01576,24.15,202618,N,HG02,202621,21-MAY-26 00:00:00,,,,B,ACRM GP#2 NON TBSPL,21.0,T01576,HR,12-MAY-26 08:00:07
4000538852,2,1,738,738,F,HR_DOM,L,367,34.0,0.0,1500,2.6,TIP001,34.87,202620,N,HG34,202622,25-MAY-26 00:00:00,,,,R,HR_DOM,34.0,TIP001,HR,12-MAY-26 08:00:07
4000538852,4,1,738,738,F,HR_DOM,L,367,34.0,32.76,1500,3.9,TIP001,0.0,202620,N,HG34,202622,25-MAY-26 00:00:00,,,,R,HR_DOM,34.0,TIP001,HR,12-MAY-26 08:00:07
9519684367,55,1,738,738,O,HR_DOM,L,367,102.0,0.0,1500,2.5,TIP001,104.62,202621,N,HG34,202622,31-MAY-26 00:00:00,,,,G,HR_DOM,102.0,TIP001,HR,12-MAY-26 08:00:07
9519711777,3,1,738,738,O,HR_DOM,L,367,170.0,145.74,1500,4.0,I09490,24.88,202618,N,HG08,202620,18-MAY-26 00:00:00,,, ,B,HR_DOM,170.0,I09490,HR,12-MAY-26 08:00:07
9519711291,1,1,738,742,O,ACRM CRCA SPM,L,C01,58.0,0.0,1250,3.2,T01320,66.7,202619,N,SH08,202623,26-MAY-26 00:00:00,,, ,R,ACRM CRCA SPM,58.0,T01320,HR,12-MAY-26 08:00:07
9519703636,5,1,738,742,O,ACRM CRCA SPM,L,C01,116.0,0.0,1250,4.5,T01312,133.4,202618,N,SF58,202622,22-MAY-26 00:00:00,,, ,R,ACRM CRCA SPM,116.0,T01312,HR,12-MAY-26 08:00:07
9519684448,2,1,738,738,O,HR_DOM,L,367,170.0,0.0,1500,1.8,TIP001,174.36,202622,N,HG34,202623,29-MAY-26 00:00:00,,,,I,HR_DOM,170.0,TIP001,HR,12-MAY-26 08:00:07
4000538524,7,1,738,738,F,TUBE,L,727,156.0,0.0,285,2.0,T01576,164.91,202620,N,HG02,202622,03-JUN-26 00:00:00,,,,R,TUBE,156.0,T01576,HR,12-MAY-26 08:00:07
4000538525,4,1,738,738,F,TUBE,L,727,108.0,0.0,195,2.0,T01576,114.17,202620,N,HG02,202622,03-JUN-26 00:00:00,,,,R,TUBE,108.0,T01576,HR,12-MAY-26 08:00:07
4000538525,1,1,738,738,F,TUBE,L,727,204.0,0.0,195,2.8,TSH067,213.5,202620,N,SH67,202622,03-JUN-26 00:00:00,,,,R,TUBE,204.0,TSH067,HR,12-MAY-26 08:00:07
4000538525,3,1,738,738,F,TUBE,L,727,204.0,0.0,195,2.8,TSH067,213.5,202620,N,SH67,202622,03-JUN-26 00:00:00,,,,R,TUBE,204.0,TSH067,HR,12-MAY-26 08:00:07
4000538525,2,1,738,738,F,TUBE,L,727,204.0,0.0,195,2.8,TSH067,213.5,202620,N,SH67,202622,03-JUN-26 00:00:00,,,,R,TUBE,204.0,TSH067,HR,12-MAY-26 08:00:07
4000538525,5,1,738,738,F,TUBE,L,727,60.0,0.0,195,2.25,T01576,63.43,202620,N,HG02,202622,03-JUN-26 00:00:00,,,,R,TUBE,60.0,T01576,HR,12-MAY-26 08:00:07
4000538596,1,1,738,738,F,HR_SPC,A,367,192.0,100.28,1350,8.0,THB094,117.59,202620,N,HA94,202621,21-MAY-26 00:00:00,,,,B,HR_SPC,192.0,THB094,HR,12-MAY-26 08:00:07
9519695055,1,1,738,738,O,HR_DOM,L,367,124.0,28.82,1310,2.8,T01113,101.55,202618,N,SE69,202620,18-MAY-26 00:00:00,,,,B,HR_DOM,124.0,T01113,HR,12-MAY-26 08:00:07
9519709123,1,1,738,738,B,HR_DOM,L,367,31.0,0.0,1300,2.5,I09490,29.57,202619,N,HG08,202621,14-MAY-26 00:00:00,,,,B,HR_DOM,31.0,I09490,HR,12-MAY-26 08:00:07
9519709126,1,1,738,738,B,HR_DOM,L,367,62.0,27.58,1300,2.5,I09490,27.54,202619,N,HG08,202621,14-MAY-26 00:00:00,,,,B,HR_DOM,62.0,I09490,HR,12-MAY-26 08:00:07
9519680074,2,1,738,738,O,HR_DOM,P,367,60.0,0.0,1250,5.0,BSL086,62.16,202622,N,BS86,202624,07-JUN-26 00:00:00,,,,I,HR_DOM,60.0,BSL086,HR,12-MAY-26 08:00:07
9519717533,1,1,738,738,O,HR_DOM,L,367,300.0,110.45,1235,2.0,T01576,196.4,202620,N,HG02,202621,21-MAY-26 00:00:00,,,,R,HR_DOM,300.0,T01576,HR,12-MAY-26 08:00:07
9519717533,2,1,738,738,O,HR_DOM,L,367,210.0,85.56,1235,2.0,T01576,129.22,202620,N,HG02,202621,21-MAY-26 00:00:00,,,,R,HR_DOM,210.0,T01576,HR,12-MAY-26 08:00:07
9519614312,1,1,738,743,O,ACRM GP#3 NARROW,L,C05,21.0,0.0,925,2.5,S02149,24.15,202619,N,SF93,202623,25-MAY-26 00:00:00,,, ,R,ACRM GP#3 NARROW,21.0,S02149,HR,12-MAY-26 08:00:07
9519674384,7,1,738,738,O,HR_DOM,L,367,170.0,0.0,1500,11.99,UNB092,179.75,202620,N,UN92,202622,23-MAY-26 00:00:00,,,,R,HR_DOM,170.0,UNB092,HR,12-MAY-26 08:00:07
9519713812,1,1,738,738,O,HR_DOM,L,367,30.0,0.0,1250,2.01,THB001,30.77,202622,N,HR01,202624,06-JUN-26 00:00:00,,, ,I,HR_DOM,30.0,THB001,HR,12-MAY-26 08:00:07
9519713812,2,1,738,738,O,HR_DOM,L,367,60.0,0.0,1250,2.1,I09497,62.16,202622,N,HG01,202624,28-MAY-26 00:00:00,,, ,I,HR_DOM,60.0,I09497,HR,12-MAY-26 08:00:07
9519713812,3,1,738,738,O,HR_DOM,L,367,90.0,0.0,1250,2.2,THB001,92.31,202622,N,HR01,202624,06-JUN-26 00:00:00,,, ,I,HR_DOM,90.0,THB001,HR,12-MAY-26 08:00:07
9519713812,5,1,738,738,O,HR_DOM,L,367,90.0,0.0,1250,2.3,THB001,92.31,202622,N,HR01,202624,06-JUN-26 00:00:00,,, ,I,HR_DOM,90.0,THB001,HR,12-MAY-26 08:00:07
9519713812,6,1,738,738,O,HR_DOM,L,367,60.0,0.0,1250,2.4,THB001,61.54,202622,N,HR01,202624,06-JUN-26 00:00:00,,, ,I,HR_DOM,60.0,THB001,HR,12-MAY-26 08:00:07
4000537936,1,1,738,738,F,KCRM_SLIT,L,367,68.0,58.45,1525,2.0,T01576,70.45,202622,N,HG02,202623,07-JUN-26 00:00:00,,,,I,KCRM_SLIT,68.0,T01576,HR,12-MAY-26 08:00:07
4000537936,2,1,738,738,F,KCRM_SLIT,L,367,272.0,282.44,1525,2.25,T01576,221.78,202620,N,HG02,202621,23-MAY-26 00:00:00,,,,R,KCRM_SLIT,272.0,T01576,HR,12-MAY-26 08:00:07
9519711799,2,1,738,738,B,HR_DOM,L,367,34.0,0.0,1510,6.0,Q17024,34.87,202622,N,HD10,202623,06-JUN-26 00:00:00,,, ,I,HR_DOM,34.0,Q17024,HR,12-MAY-26 08:00:07
9519713892,3,1,738,738,O,HR_DOM,A,367,68.0,31.5,1500,2.5,UNB042,53.48,202622,N,UN42,202624,30-MAY-26 00:00:00,,, ,I,HR_DOM,68.0,UNB042,HR,12-MAY-26 08:00:07
9519712947,2,1,738,742,O,ACRM CRCA CRS,L,C01,120.0,0.0,1235,2.8,TSH067,257.6,202619,N,SH67,202624,27-MAY-26 00:00:00,,, ,R,ACRM CRCA CRS,120.0,TSH067,HR,12-MAY-26 08:00:07
9519712947,3,1,738,742,O,ACRM CRCA CRS,L,C01,112.0,0.0,1235,2.8,TSH067,128.8,202619,N,SH67,202624,27-MAY-26 00:00:00,,, ,R,ACRM CRCA CRS,112.0,TSH067,HR,12-MAY-26 08:00:07
4000537936,3,1,738,738,F,KCRM_SLIT,L,367,272.0,290.47,1525,2.25,T01576,131.41,202620,N,HG02,202621,25-MAY-26 00:00:00,,,,R,KCRM_SLIT,272.0,T01576,HR,12-MAY-26 08:00:07
4000537936,4,1,738,738,F,KCRM_SLIT,L,367,272.0,289.88,1525,2.25,T01576,41.65,202620,N,HG02,202621,25-MAY-26 00:00:00,,,,R,KCRM_SLIT,272.0,T01576,HR,12-MAY-26 08:00:07
4000538151,1,1,738,738,F,SCRM,I,367,300.0,29.56,1270,3.2,T01052,283.06,202620,N,SD88,202622,29-MAY-26 00:00:00,,,,Y,SCRM,300.0,T01052,HR,12-MAY-26 08:00:07
4000538151,2,1,738,738,F,SCRM,I,367,60.0,0.0,1270,3.2,T01052,62.79,202620,N,SD88,202622,31-MAY-26 00:00:00,,,,G,SCRM,60.0,T01052,HR,12-MAY-26 08:00:07
4000538151,5,1,738,738,F,SCRM,I,367,60.0,0.0,1340,3.2,T01052,62.79,202620,N,SD88,202622,23-MAY-26 00:00:00,,,,R,SCRM,60.0,T01052,HR,12-MAY-26 08:00:07
4000538148,1,1,738,738,F,HR_DOM,L,367,128.0,0.0,1540,4.0,THB047,138.19,202619,N,HB47,202620,22-MAY-26 00:00:00,,,,R,HR_DOM,128.0,THB047,HR,12-MAY-26 08:00:07
4000538148,2,1,738,738,F,HR_DOM,L,367,96.0,28.71,1515,3.5,THB047,72.65,202619,N,HB47,202620,18-MAY-26 00:00:00,,,,B,HR_DOM,96.0,THB047,HR,12-MAY-26 08:00:07
4000538148,4,1,738,738,F,HR_DOM,L,367,128.0,0.0,1525,4.0,THB047,138.19,202619,N,HB47,202620,18-MAY-26 00:00:00,,,,B,HR_DOM,128.0,THB047,HR,12-MAY-26 08:00:07
4000538148,5,1,738,738,F,HR_DOM,L,367,210.0,0.0,1390,4.5,THB047,226.72,202619,N,HB47,202620,22-MAY-26 00:00:00,,,,R,HR_DOM,210.0,THB047,HR,12-MAY-26 08:00:07
4000538148,6,1,738,738,F,HR_DOM,L,367,96.0,0.0,1510,3.2,THB047,103.64,202619,N,HB47,202620,18-MAY-26 00:00:00,,,,B,HR_DOM,96.0,THB047,HR,12-MAY-26 08:00:07
9519704891,3,1,738,738,B,HR_DOM,L,367,34.0,0.0,1500,8.0,Q17024,34.87,202622,N,HD10,202623,06-JUN-26 00:00:00,,, ,I,HR_DOM,34.0,Q17024,HR,12-MAY-26 08:00:07
9519708474,1,1,738,738,O,HR_DOM,A,367,30.0,0.0,1250,16.0,UNB020,21.49,202623,N,UN20,202625,14-MAY-26 00:00:00,,, ,I,HR_DOM,30.0,UNB020,HR,12-MAY-26 08:00:07
9519708474,2,1,738,738,O,HR_DOM,A,367,30.0,0.0,1250,20.0,UNB020,20.81,202623,N,UN20,202625,14-MAY-26 00:00:00,,, ,I,HR_DOM,30.0,UNB020,HR,12-MAY-26 08:00:07
9519708674,7,1,738,738,O,HR_DOM,L,367,102.0,88.43,1550,6.0,I09490,13.92,202623,N,HG08,202625,09-JUN-26 00:00:00,,, ,I,HR_DOM,102.0,I09490,HR,12-MAY-26 08:00:07
9519712318,1,1,738,738,O,HR_DOM,L,367,120.0,0.0,1250,1.6,THR085,129.56,202622,N,HR85,202624,03-JUN-26 00:00:00,,,,I,HR_DOM,120.0,THR085,HR,12-MAY-26 08:00:07
9519712318,11,1,738,738,O,HR_DOM,A,367,34.0,0.0,1500,4.8,I17020,37.9,202623,N,HR05,202625,03-JUN-26 00:00:00,,, ,I,HR_DOM,34.0,I17020,HR,12-MAY-26 08:00:07
9519708266,3,1,738,738,O,HR_DOM,L,367,272.0,0.0,1600,2.5,I09497,281.79,202622,N,HG01,202624,07-JUN-26 00:00:00,,, ,I,HR_DOM,272.0,I09497,HR,12-MAY-26 08:00:07
9519708266,4,1,738,738,O,HR_DOM,L,367,272.0,126.14,1600,2.9,I09497,151.11,202622,N,HG01,202624,01-JUN-26 00:00:00,,, ,I,HR_DOM,272.0,I09497,HR,12-MAY-26 08:00:07
9519708266,5,1,738,738,O,HR_DOM,L,367,272.0,0.0,1600,2.9,I09497,281.79,202622,N,HG01,202624,07-JUN-26 00:00:00,,, ,I,HR_DOM,272.0,I09497,HR,12-MAY-26 08:00:07
9519708266,6,1,738,738,O,HR_DOM,L,367,272.0,0.0,1600,2.9,I09497,281.79,202622,N,HG01,202624,07-JUN-26 00:00:00,,, ,I,HR_DOM,272.0,I09497,HR,12-MAY-26 08:00:07
4000538148,7,1,738,738,F,HR_DOM,L,367,224.0,0.0,1540,3.5,THB047,241.84,202619,N,HB47,202620,22-MAY-26 00:00:00,,,,R,HR_DOM,224.0,THB047,HR,12-MAY-26 08:00:07
4000538148,8,1,738,738,F,HR_DOM,L,367,60.0,26.27,1230,3.7,THB047,36.42,202619,N,HB47,202620,28-MAY-26 00:00:00,,,,Y,HR_DOM,60.0,THB047,HR,12-MAY-26 08:00:07
9519688247,3,1,738,738,O,HR_DOM,L,367,68.0,53.41,1500,3.2,I09497,15.12,202619,N,HG01,202621,22-MAY-26 00:00:00,,, ,B,HR_DOM,68.0,I09497,HR,12-MAY-26 08:00:07
4000538148,9,1,738,738,F,HR_DOM,L,367,128.0,0.0,1540,3.7,THB047,138.19,202619,N,HB47,202620,18-MAY-26 00:00:00,,,,B,HR_DOM,128.0,THB047,HR,12-MAY-26 08:00:07
4000538148,10,1,738,738,F,HR_DOM,A,367,56.0,0.0,1260,3.2,THA038,63.82,202618,N,HA38,202620,31-MAY-26 00:00:00,,,,G,HR_DOM,56.0,THA038,HR,12-MAY-26 08:00:07
4000538148,11,1,738,738,F,HR_DOM,C,367,30.0,0.0,1230,3.2,THB046,36.2,202621,N,HB46,202622,28-MAY-26 00:00:00,,,,Y,HR_DOM,30.0,THB046,HR,12-MAY-26 08:00:07
4000538148,12,1,738,738,F,HR_DOM,L,367,64.0,0.0,1510,4.5,THB047,69.1,202619,N,HB47,202620,18-MAY-26 00:00:00,,,,B,HR_DOM,64.0,THB047,HR,12-MAY-26 08:00:07
4000538150,1,1,738,738,F,SCRM,L,367,150.0,24.79,1250,3.2,THA023,166.88,202618,N,HA10,202620,18-MAY-26 00:00:00,,,,B,SCRM,150.0,THA023,HR,12-MAY-26 08:00:07
4000538150,2,1,738,738,F,SCRM,L,367,150.0,0.0,1250,3.6,THA023,192.31,202618,N,HA10,202620,22-MAY-26 00:00:00,,,,R,SCRM,150.0,THA023,HR,12-MAY-26 08:00:07
9519708674,6,1,738,738,O,HR_DOM,L,367,90.0,28.03,1250,6.0,I09490,63.56,202623,N,HG08,202625,27-MAY-26 00:00:00,,, ,I,HR_DOM,90.0,I09490,HR,12-MAY-26 08:00:07
9519712318,12,1,738,738,O,HR_DOM,A,367,68.0,0.0,1500,5.0,TIP006,70.45,202623,N,HG42,202625,09-JUN-26 00:00:00,,, ,I,HR_DOM,68.0,TIP006,HR,12-MAY-26 08:00:07
4000537699,1,1,738,738,F,HR_DOM,L,367,272.0,245.0,1680,2.9,THG004,27.98,202624,N,HG50,202626,14-MAY-26 00:00:00,,, ,I,HR_DOM,272.0,THG004,HR,12-MAY-26 08:00:07
9519712306,1,1,738,738,O,HR_DOM,L,367,300.0,0.0,1235,2.0,T01576,310.8,202622,N,HG02,202622,03-JUN-26 00:00:00,,,,G,HR_DOM,300.0,T01576,HR,12-MAY-26 08:00:07
9519712306,2,1,738,738,O,HR_DOM,L,367,210.0,0.0,1235,2.0,T01576,217.56,202622,N,HG02,202622,03-JUN-26 00:00:00,,,,G,HR_DOM,210.0,T01576,HR,12-MAY-26 08:00:07
9519712306,3,1,738,738,O,HR_DOM,L,367,290.0,0.0,1230,2.2,T01576,300.44,202622,N,HG02,202622,03-JUN-26 00:00:00,,,,G,HR_DOM,290.0,T01576,HR,12-MAY-26 08:00:07
9519712306,4,1,738,738,O,HR_DOM,L,367,203.0,0.0,1230,2.2,T01576,210.31,202622,N,HG02,202622,03-JUN-26 00:00:00,,,,G,HR_DOM,203.0,T01576,HR,12-MAY-26 08:00:07
9519713003,2,1,738,742,O,ACRM CRCA CRS,L,C01,280.0,57.15,1235,2.8,TSH067,322.0,202619,N,SH67,202624,26-MAY-26 00:00:00,,, ,R,ACRM CRCA CRS,280.0,TSH067,HR,12-MAY-26 08:00:07
9519670873,1,1,738,738,O,HR_DOM,L,367,210.0,0.0,1250,1.6,TIP001,215.39,202622,N,HG34,202623,25-MAY-26 00:00:00,,, ,I,HR_DOM,210.0,TIP001,HR,12-MAY-26 08:00:07
9519670873,8,1,738,738,O,HR_DOM,L,367,272.0,234.85,1550,2.3,TIP001,38.13,202621,N,HG34,202622,24-MAY-26 00:00:00,,,,R,HR_DOM,272.0,TIP001,HR,12-MAY-26 08:00:07
9519670873,10,1,738,738,O,HR_DOM,L,367,300.0,28.83,1250,1.6,TIP001,278.43,202619,N,HG34,202620,18-MAY-26 00:00:00,,,,B,HR_DOM,300.0,TIP001,HR,12-MAY-26 08:00:07
4000531568,1,1,738,738,F,HR_DOM,A,367,120.0,0.0,1250,5.5,TSM011,123.08,202620,N,TM11,202622,20-MAY-26 00:00:00,,,,B,HR_DOM,120.0,TSM011,HR,12-MAY-26 08:00:07
4000531569,1,1,738,738,F,HR_DOM,A,367,90.0,0.0,1250,5.5,TSM011,92.31,202620,N,TM11,202622,21-MAY-26 00:00:00,,,,B,HR_DOM,90.0,TSM011,HR,12-MAY-26 08:00:07
4000534452,1,1,738,738,F,HR_DOM,A,367,60.0,0.0,1250,5.0,TSM011,61.54,202618,N,TM11,202620,16-MAY-26 00:00:00,,,,B,HR_DOM,60.0,TSM011,HR,12-MAY-26 08:00:07
4000534452,2,1,738,738,F,HR_DOM,A,367,60.0,0.0,1250,6.0,TSM011,61.54,202618,N,TM11,202620,16-MAY-26 00:00:00,,,,B,HR_DOM,60.0,TSM011,HR,12-MAY-26 08:00:07
4000537239,1,1,738,738,F,HR_DOM,L,367,120.0,94.89,1250,5.5,T01113,26.55,202624,N,SE69,202626,03-JUN-26 00:00:00,,, ,I,HR_DOM,120.0,T01113,HR,12-MAY-26 08:00:07
4000537920,1,1,738,738,F,KCRM,H,367,285.0,0.0,1300,3.5,S02015,292.31,202620,N,SH64,202621,21-MAY-26 00:00:00,,,,B,KCRM,285.0,S02015,HR,12-MAY-26 08:00:07
4000537920,2,1,738,738,F,KCRM,H,367,285.0,0.0,1300,2.5,S02015,292.31,202620,N,SH64,202621,24-MAY-26 00:00:00,,,,Y,KCRM,285.0,S02015,HR,12-MAY-26 08:00:07
4000537920,3,1,738,738,F,KCRM,H,367,228.0,0.0,1300,2.5,S02015,233.85,202620,N,SH64,202621,24-MAY-26 00:00:00,,,,Y,KCRM,228.0,S02015,HR,12-MAY-26 08:00:07
9519684572,2,1,738,738,O,HR_DOM,A,367,90.0,28.44,1250,16.0,UNB020,64.08,202623,N,UN20,202625,09-JUN-26 00:00:00,,, ,I,HR_DOM,90.0,UNB020,HR,12-MAY-26 08:00:07
4000538852,5,1,738,738,F,HR_DOM,L,367,34.0,31.5,1500,4.5,TIP001,0.0,202620,N,HG34,202622,25-MAY-26 00:00:00,,,,R,HR_DOM,34.0,TIP001,HR,12-MAY-26 08:00:07
4000537239,4,1,738,738,F,HR_DOM,L,367,300.0,237.27,1250,6.0,T01113,141.75,202624,N,SE69,202626,03-JUN-26 00:00:00,,, ,I,HR_DOM,300.0,T01113,HR,12-MAY-26 08:00:07
9519674384,1,1,738,738,O,HR_DOM,L,367,136.0,122.56,1500,5.5,I09508,13.92,202617,N,HG22,202619,15-MAY-26 00:00:00,,,,B,HR_DOM,136.0,I09508,HR,12-MAY-26 08:00:07
9519674384,2,1,738,738,O,HR_DOM,L,367,136.0,121.32,1500,5.8,I09508,15.21,202617,N,HG22,202619,16-MAY-26 00:00:00,,, ,B,HR_DOM,136.0,I09508,HR,12-MAY-26 08:00:07
9519674384,4,1,738,738,O,HR_DOM,L,367,136.0,115.02,1500,7.8,I09508,21.74,202619,N,HG22,202621,20-MAY-26 00:00:00,,,,B,HR_DOM,136.0,I09508,HR,12-MAY-26 08:00:07
9519674384,5,1,738,738,O,HR_DOM,L,367,204.0,173.17,1500,8.0,I09508,30.83,202619,N,HG22,202621,18-MAY-26 00:00:00,,,,B,HR_DOM,204.0,I09508,HR,12-MAY-26 08:00:07
9519674384,6,1,738,738,O,HR_DOM,L,367,170.0,0.0,1500,11.8,UNB092,179.75,202620,N,UN92,202622,23-MAY-26 00:00:00,,,,R,HR_DOM,170.0,UNB092,HR,12-MAY-26 08:00:07
9519677058,5,1,738,738,O,HR_DOM,A,367,34.0,0.0,1500,4.0,TIP006,35.22,202618,N,HG42,202619,16-MAY-26 00:00:00,,,,B,HR_DOM,34.0,TIP006,HR,12-MAY-26 08:00:07
9519683052,3,1,738,738,O,HR_DOM,A,367,204.0,29.42,1500,8.0,THG038,179.06,202622,N,HG38,202624,31-MAY-26 00:00:00,,,,I,HR_DOM,204.0,THG038,HR,12-MAY-26 08:00:07
9519629731,6,1,738,738,O,HR_DOM,L,367,68.0,53.29,1500,3.15,I09497,15.24,202623,N,HG01,202625,09-JUN-26 00:00:00,,, ,I,HR_DOM,68.0,I09497,HR,12-MAY-26 08:00:07
9519681412,1,1,738,738,O,HR_DOM,A,367,90.0,73.09,1250,4.0,TIP006,17.77,202623,N,HG42,202625,09-JUN-26 00:00:00,,, ,I,HR_DOM,90.0,TIP006,HR,12-MAY-26 08:00:07
9519681412,4,1,738,738,O,HR_DOM,A,367,90.0,86.76,1250,7.0,THG038,0.0,202623,N,HG38,202625,09-JUN-26 00:00:00,,, ,I,HR_DOM,90.0,THG038,HR,12-MAY-26 08:00:07
9519678287,1,1,738,738,O,HR_DOM,P,367,60.0,20.37,1250,4.0,BSL086,41.06,202623,N,BS86,202624,08-JUN-26 00:00:00,,, ,I,HR_DOM,60.0,BSL086,HR,12-MAY-26 08:00:07
9519647183,1,1,738,738,B,HR_DOM,L,367,60.0,0.0,1250,8.0,Q17024,53.11,202619,N,HD10,202620,14-MAY-26 00:00:00,,,,B,HR_DOM,60.0,Q17024,HR,12-MAY-26 08:00:07
9519675393,1,1,738,738,O,HR_DOM,L,367,270.0,0.0,1250,1.6,I09497,279.72,202621,N,HG01,202622,03-JUN-26 00:00:00,,,,G,HR_DOM,270.0,I09497,HR,12-MAY-26 08:00:07
9519675393,2,1,738,738,O,HR_DOM,L,367,150.0,0.0,1250,1.8,I09497,155.4,202623,N,HG01,202624,03-JUN-26 00:00:00,,, ,I,HR_DOM,150.0,I09497,HR,12-MAY-26 08:00:07
9519675393,3,1,738,738,O,HR_DOM,L,367,280.0,0.0,1460,2.2,I09497,290.08,202618,N,HG01,202619,18-MAY-26 00:00:00,,, ,B,HR_DOM,280.0,I09497,HR,12-MAY-26 08:00:07
9519708425,1,1,738,738,O,HR_DOM,L,367,203.0,0.0,1210,2.2,THG004,214.65,202622,N,HG50,202623,01-JUN-26 00:00:00,,,,I,HR_DOM,203.0,THG004,HR,12-MAY-26 08:00:07
9519671329,13,1,738,738,O,HR_DOM,L,367,210.0,0.0,1250,2.8,TIP001,215.39,202623,N,HG34,202625,03-JUN-26 00:00:00,,, ,I,HR_DOM,210.0,TIP001,HR,12-MAY-26 08:00:07
9519671329,17,1,738,738,O,HR_DOM,L,367,210.0,0.0,1250,3.0,TIP001,215.39,202623,N,HG34,202625,03-JUN-26 00:00:00,,, ,I,HR_DOM,210.0,TIP001,HR,12-MAY-26 08:00:07
9519674384,8,1,738,738,O,HR_DOM,A,367,136.0,31.39,1500,16.0,UNB094,114.63,202617,N,UN94,202619,16-MAY-26 00:00:00,,, ,B,HR_DOM,136.0,UNB094,HR,12-MAY-26 08:00:07
9519674384,9,1,738,738,O,HR_DOM,A,367,136.0,89.05,1500,20.0,UNB094,55.52,202617,N,UN94,202619,16-MAY-26 00:00:00,,, ,B,HR_DOM,136.0,UNB094,HR,12-MAY-26 08:00:07
9519674384,11,1,738,738,O,HR_DOM,L,367,204.0,123.34,1500,10.0,I09508,83.57,202620,N,HG22,202622,25-MAY-26 00:00:00,,,,R,HR_DOM,204.0,I09508,HR,12-MAY-26 08:00:07
9519674302,3,1,738,738,O,HR_DOM,L,367,204.0,0.0,1500,2.5,TIP001,209.23,202620,N,HG34,202622,23-MAY-26 00:00:00,,,,R,HR_DOM,204.0,TIP001,HR,12-MAY-26 08:00:07
9519674302,5,1,738,738,O,HR_DOM,L,367,204.0,189.75,1500,3.0,TIP001,14.62,202620,N,HG34,202622,25-MAY-26 00:00:00,,,,R,HR_DOM,204.0,TIP001,HR,12-MAY-26 08:00:07
9519674302,8,1,738,738,O,HR_DOM,L,367,170.0,143.2,1500,5.0,I09508,26.98,202620,N,HG22,202622,14-MAY-26 00:00:00,,,,R,HR_DOM,170.0,I09508,HR,12-MAY-26 08:00:07
9519674302,1,1,738,738,O,HR_DOM,L,367,204.0,33.03,1500,2.0,TIP001,175.35,202620,N,HG34,202622,25-MAY-26 00:00:00,,,,R,HR_DOM,204.0,TIP001,HR,12-MAY-26 08:00:07
9519674302,2,1,738,738,O,HR_DOM,L,367,204.0,0.0,1500,2.0,TIP001,209.23,202620,N,HG34,202622,25-MAY-26 00:00:00,,,,R,HR_DOM,204.0,TIP001,HR,12-MAY-26 08:00:07
9519729152,14,1,738,738,O,HR_DOM,L,367,210.0,92.71,1235,3.7,TIP001,120.3,202622,N,HG34,202623,06-JUN-26 00:00:00,,, ,I,HR_DOM,210.0,TIP001,HR,12-MAY-26 08:00:07
9519729152,15,1,738,738,O,HR_DOM,L,367,210.0,0.0,1235,3.7,TIP001,215.39,202624,N,HG34,202625,11-JUN-26 00:00:00,,,,I,HR_DOM,210.0,TIP001,HR,12-MAY-26 08:00:07
9519729152,16,1,738,738,O,HR_DOM,L,367,270.0,0.0,1260,2.9,TIP001,276.92,202622,N,HG34,202623,06-JUN-26 00:00:00,,, ,I,HR_DOM,270.0,TIP001,HR,12-MAY-26 08:00:07
9519729152,17,1,738,738,O,HR_DOM,L,367,270.0,0.0,1260,2.9,TIP001,276.92,202622,N,HG34,202623,06-JUN-26 00:00:00,,, ,I,HR_DOM,270.0,TIP001,HR,12-MAY-26 08:00:07
9519729152,18,1,738,738,O,HR_DOM,L,367,270.0,0.0,1260,2.9,TIP001,276.92,202622,N,HG34,202623,06-JUN-26 00:00:00,,, ,I,HR_DOM,270.0,TIP001,HR,12-MAY-26 08:00:07
9519729152,19,1,738,738,O,HR_DOM,L,367,270.0,0.0,1260,2.9,TIP001,276.92,202622,N,HG34,202623,06-JUN-26 00:00:00,,, ,I,HR_DOM,270.0,TIP001,HR,12-MAY-26 08:00:07
9519729152,20,1,738,738,O,HR_DOM,L,367,270.0,0.0,1260,2.9,TIP001,276.92,202624,N,HG34,202625,11-JUN-26 00:00:00,,,,I,HR_DOM,270.0,TIP001,HR,12-MAY-26 08:00:07
9519729152,21,1,738,738,O,HR_DOM,L,367,240.0,0.0,1260,2.9,TIP001,246.15,202624,N,HG34,202625,11-JUN-26 00:00:00,,,,I,HR_DOM,240.0,TIP001,HR,12-MAY-26 08:00:07
9519729152,22,1,738,738,O,HR_DOM,L,367,240.0,0.0,1260,2.9,TIP001,246.15,202624,N,HG34,202625,11-JUN-26 00:00:00,,,,I,HR_DOM,240.0,TIP001,HR,12-MAY-26 08:00:07
9519729152,23,1,738,738,O,HR_DOM,L,367,240.0,0.0,1260,2.9,TIP001,246.15,202624,N,HG34,202625,11-JUN-26 00:00:00,,,,I,HR_DOM,240.0,TIP001,HR,12-MAY-26 08:00:07
9519729152,24,1,738,738,O,HR_DOM,L,367,240.0,0.0,1260,2.9,TIP001,246.15,202624,N,HG34,202625,11-JUN-26 00:00:00,,,,I,HR_DOM,240.0,TIP001,HR,12-MAY-26 08:00:07
9519729152,25,1,738,738,O,HR_DOM,L,367,300.0,0.0,1260,3.1,TIP001,307.69,202622,N,HG34,202623,30-MAY-26 00:00:00,,, ,I,HR_DOM,300.0,TIP001,HR,12-MAY-26 08:00:07
9519729152,26,1,738,738,O,HR_DOM,L,367,210.0,0.0,1260,3.1,TIP001,215.39,202624,N,HG34,202625,11-JUN-26 00:00:00,,,,I,HR_DOM,210.0,TIP001,HR,12-MAY-26 08:00:07
9519729152,31,1,738,738,O,HR_DOM,L,367,270.0,0.0,1260,3.3,TIP001,276.92,202624,N,HG34,202625,11-JUN-26 00:00:00,,,,I,HR_DOM,270.0,TIP001,HR,12-MAY-26 08:00:07
4000539027,5,1,738,738,F,SCRM_SPC_SLIT,L,367,272.0,0.0,1550,2.2,T01576,281.79,202621,N,HG02,202623,01-JUN-26 00:00:00,,,,G,SCRM_SPC_SLIT,272.0,T01576,HR,12-MAY-26 08:00:07
4000539027,6,1,738,738,F,SCRM_SPC_SLIT,L,367,272.0,64.96,1550,2.5,T01576,214.49,202618,N,HG02,202620,17-MAY-26 00:00:00,,,,B,SCRM_SPC_SLIT,272.0,T01576,HR,12-MAY-26 08:00:07
4000539027,7,1,738,738,F,SCRM_SPC_SLIT,L,367,272.0,0.0,1550,2.5,T01576,281.79,202618,N,HG02,202620,17-MAY-26 00:00:00,,,,B,SCRM_SPC_SLIT,272.0,T01576,HR,12-MAY-26 08:00:07
4000539027,8,1,738,738,F,SCRM_SPC_SLIT,L,367,272.0,0.0,1550,2.5,T01576,281.79,202619,N,HG02,202621,19-MAY-26 00:00:00,,,,B,SCRM_SPC_SLIT,272.0,T01576,HR,12-MAY-26 08:00:07
4000539027,9,1,738,738,F,SCRM_SPC_SLIT,L,367,272.0,0.0,1550,2.5,T01576,281.79,202619,N,HG02,202621,19-MAY-26 00:00:00,,,,B,SCRM_SPC_SLIT,272.0,T01576,HR,12-MAY-26 08:00:07
4000539027,10,1,738,738,F,SCRM_SPC_SLIT,L,367,272.0,0.0,1550,2.5,T01576,281.79,202620,N,HG02,202622,22-MAY-26 00:00:00,,,,R,SCRM_SPC_SLIT,272.0,T01576,HR,12-MAY-26 08:00:07
4000539027,11,1,738,738,F,SCRM_SPC_SLIT,L,367,272.0,0.0,1550,2.5,T01576,281.79,202620,N,HG02,202622,22-MAY-26 00:00:00,,,,R,SCRM_SPC_SLIT,272.0,T01576,HR,12-MAY-26 08:00:07
4000539027,12,1,738,738,F,SCRM_SPC_SLIT,L,367,272.0,0.0,1550,2.5,T01576,281.79,202621,N,HG02,202623,01-JUN-26 00:00:00,,,,G,SCRM_SPC_SLIT,272.0,T01576,HR,12-MAY-26 08:00:07
4000539027,19,1,738,738,F,SCRM_SPC_SLIT,L,367,272.0,0.0,1550,2.8,T01576,281.79,202621,N,HG02,202623,01-JUN-26 00:00:00,,,,G,SCRM_SPC_SLIT,272.0,T01576,HR,12-MAY-26 08:00:07
4000539027,20,1,738,738,F,SCRM_SPC_SLIT,L,367,272.0,66.07,1550,3.2,T01576,213.34,202619,N,HG02,202621,20-MAY-26 00:00:00,,,,B,SCRM_SPC_SLIT,272.0,T01576,HR,12-MAY-26 08:00:07
4000539029,3,1,738,738,F,SCRM_SPC_SLIT,L,367,272.0,0.0,1550,2.0,T01576,281.79,202619,N,HG02,202621,19-MAY-26 00:00:00,,,,B,SCRM_SPC_SLIT,272.0,T01576,HR,12-MAY-26 08:00:07
4000539029,4,1,738,738,F,SCRM_SPC_SLIT,L,367,272.0,0.0,1550,2.0,T01576,281.79,202619,N,HG02,202621,20-MAY-26 00:00:00,,,,B,SCRM_SPC_SLIT,272.0,T01576,HR,12-MAY-26 08:00:07
4000539029,10,1,738,738,F,SCRM_SPC_SLIT,L,367,272.0,0.0,1550,2.2,T01576,281.79,202619,N,HG02,202621,20-MAY-26 00:00:00,,,,B,SCRM_SPC_SLIT,272.0,T01576,HR,12-MAY-26 08:00:07
4000539029,12,1,738,738,F,SCRM_SPC_SLIT,L,367,204.0,0.0,1550,2.2,T01576,211.34,202620,N,HG02,202622,23-MAY-26 00:00:00,,,,R,SCRM_SPC_SLIT,204.0,T01576,HR,12-MAY-26 08:00:07
9519714238,11,1,738,738,O,HR_DOM,L,367,68.0,28.89,1500,7.8,I09508,29.13,202622,N,HG22,202624,14-MAY-26 00:00:00,,,,I,HR_DOM,68.0,I09508,HR,12-MAY-26 08:00:07
9519714238,10,1,738,738,O,HR_DOM,L,367,68.0,0.0,1550,5.0,I09508,61.15,202623,N,HG22,202625,14-MAY-26 00:00:00,,, ,I,HR_DOM,68.0,I09508,HR,12-MAY-26 08:00:07
9519714238,9,1,738,738,O,HR_DOM,L,367,102.0,85.61,1500,2.8,TIP001,16.81,202623,N,HG34,202625,09-JUN-26 00:00:00,,, ,I,HR_DOM,102.0,TIP001,HR,12-MAY-26 08:00:07
4000539242,10,1,738,738,F,SCRM,L,367,204.0,0.0,1560,2.2,THO066,209.23,202621,N,HO66,202623,29-MAY-26 00:00:00,,,,G,SCRM,204.0,THO066,HR,12-MAY-26 08:00:07
4000538861,5,1,738,738,F,SCRM,L,367,270.0,139.06,1270,2.8,T01576,135.65,202623,N,HG02,202625,10-JUN-26 00:00:00,,,,I,SCRM,270.0,T01576,HR,12-MAY-26 08:00:07
9519669394,10,1,738,738,O,HR_DOM,A,367,68.0,0.0,1500,7.8,I17021,71.9,202623,N,HR08,202625,03-JUN-26 00:00:00,,, ,I,HR_DOM,68.0,I17021,HR,12-MAY-26 08:00:07
9519715267,4,1,738,738,O,HR_DOM,L,367,102.0,0.0,1500,2.0,TIP001,104.62,202623,N,HG34,202625,09-JUN-26 00:00:00,,, ,I,HR_DOM,102.0,TIP001,HR,12-MAY-26 08:00:07
9519715267,5,1,738,738,O,HR_DOM,L,367,102.0,0.0,1500,2.4,TIP001,104.62,202623,N,HG34,202625,09-JUN-26 00:00:00,,, ,I,HR_DOM,102.0,TIP001,HR,12-MAY-26 08:00:07
9519715267,6,1,738,738,O,HR_DOM,L,367,68.0,0.0,1500,3.0,TIP001,69.74,202623,N,HG34,202625,09-JUN-26 00:00:00,,, ,I,HR_DOM,68.0,TIP001,HR,12-MAY-26 08:00:07
9519715267,7,1,738,738,O,HR_DOM,L,367,102.0,81.84,1500,2.5,I09497,20.89,202623,N,HG01,202625,09-JUN-26 00:00:00,,, ,I,HR_DOM,102.0,I09497,HR,12-MAY-26 08:00:07
9519698604,1,1,738,742,F,HR_DOM,,C01,27.0,0.0,0,0.0, ,0.0,202621,N,,202626,03-JUN-26 00:00:00,,, ,I,HR_DOM,27.0,,HR,12-MAY-26 08:00:07
9519698604,2,1,738,742,F,ACRM CRCA SPM,L,C01,58.0,0.0,1250,4.0,T01320,66.7,202621,N,SH08,202626,03-JUN-26 00:00:00,,, ,I,ACRM CRCA SPM,58.0,T01320,HR,12-MAY-26 08:00:07
9519698604,3,1,738,742,F,ACRM CRCA SPM,L,C01,58.0,0.0,1250,4.5,T01320,66.7,202621,N,SH08,202626,03-JUN-26 00:00:00,,, ,I,ACRM CRCA SPM,58.0,T01320,HR,12-MAY-26 08:00:07
9519732831,1,1,738,742,T,ACRM CRCA CRS,,C01,160.0,0.0,0,0.0, ,0.0,202619,N,,202624,29-MAY-26 00:00:00,,, ,Y,ACRM CRCA CRS,160.0,,HR,12-MAY-26 08:00:07
4000539242,18,1,738,738,F,SCRM,L,367,272.0,0.0,1550,2.0,T01576,281.79,202619,N,HG02,202621,19-MAY-26 00:00:00,,,,B,SCRM,272.0,T01576,HR,12-MAY-26 08:00:07
4000539242,17,1,738,738,F,SCRM,L,367,272.0,0.0,1550,2.0,T01576,281.79,202619,N,HG02,202621,20-MAY-26 00:00:00,,,,B,SCRM,272.0,T01576,HR,12-MAY-26 08:00:07
9519729152,32,1,738,738,O,HR_DOM,L,367,270.0,0.0,1260,3.3,TIP001,276.92,202621,N,HG34,202622,31-MAY-26 00:00:00,,,,G,HR_DOM,270.0,TIP001,HR,12-MAY-26 08:00:07
9519729152,33,1,738,738,O,HR_DOM,L,367,240.0,0.0,1260,3.3,TIP001,246.15,202621,N,HG34,202622,28-MAY-26 00:00:00,,,,G,HR_DOM,240.0,TIP001,HR,12-MAY-26 08:00:07
9519729152,34,1,738,738,O,HR_DOM,L,367,240.0,0.0,1260,3.3,TIP001,246.15,202621,N,HG34,202622,28-MAY-26 00:00:00,,,,G,HR_DOM,240.0,TIP001,HR,12-MAY-26 08:00:07
9519729152,35,1,738,738,O,HR_DOM,L,367,240.0,0.0,1260,3.3,TIP001,246.15,202621,N,HG34,202622,27-MAY-26 00:00:00,,,,G,HR_DOM,240.0,TIP001,HR,12-MAY-26 08:00:07
9519729152,36,1,738,738,O,HR_DOM,L,367,300.0,0.0,1260,3.7,TIP001,307.69,202621,N,HG34,202622,27-MAY-26 00:00:00,,,,G,HR_DOM,300.0,TIP001,HR,12-MAY-26 08:00:07
9519729152,37,1,738,738,O,HR_DOM,L,367,270.0,0.0,1260,3.7,TIP001,276.92,202621,N,HG34,202622,31-MAY-26 00:00:00,,,,G,HR_DOM,270.0,TIP001,HR,12-MAY-26 08:00:07
9519729152,27,1,738,738,O,HR_DOM,L,367,270.0,0.0,1260,3.1,TIP001,276.92,202622,N,HG34,202623,06-JUN-26 00:00:00,,,,I,HR_DOM,270.0,TIP001,HR,12-MAY-26 08:00:07
9519729152,28,1,738,738,O,HR_DOM,L,367,240.0,0.0,1260,3.1,TIP001,246.15,202622,N,HG34,202623,06-JUN-26 00:00:00,,,,I,HR_DOM,240.0,TIP001,HR,12-MAY-26 08:00:07
9519729152,29,1,738,738,O,HR_DOM,L,367,270.0,0.0,1260,3.3,TIP001,276.92,202622,N,HG34,202623,06-JUN-26 00:00:00,,,,I,HR_DOM,270.0,TIP001,HR,12-MAY-26 08:00:07
9519729152,30,1,738,738,O,HR_DOM,L,367,270.0,0.0,1260,3.3,TIP001,276.92,202622,N,HG34,202623,06-JUN-26 00:00:00,,,,I,HR_DOM,270.0,TIP001,HR,12-MAY-26 08:00:07
9519730124,2,1,738,738,O,HR_DOM,A,367,136.0,0.0,1500,7.8,THA036,139.49,202623,N,HA36,202625,03-JUN-26 00:00:00,,, ,I,HR_DOM,136.0,THA036,HR,12-MAY-26 08:00:07
9519730124,3,1,738,738,O,HR_DOM,A,367,102.0,0.0,1500,5.8,THA036,104.62,202623,N,HA36,202625,03-JUN-26 00:00:00,,, ,I,HR_DOM,102.0,THA036,HR,12-MAY-26 08:00:07
9519712318,2,1,738,738,O,HR_DOM,L,367,120.0,0.0,1250,1.6,TIP001,123.08,202623,N,HG34,202625,27-MAY-26 00:00:00,,, ,I,HR_DOM,120.0,TIP001,HR,12-MAY-26 08:00:07
9519712318,9,1,738,738,O,HR_DOM,L,367,30.0,0.0,1250,3.2,TIP001,30.77,202622,N,HG34,202624,30-MAY-26 00:00:00,,,,I,HR_DOM,30.0,TIP001,HR,12-MAY-26 08:00:07
9519726550,1,1,738,738,B,HR_DOM,L,367,34.0,0.0,1510,10.0,I09508,35.22,202620,N,HG22,202621,21-MAY-26 00:00:00,,,,R,HR_DOM,34.0,I09508,HR,12-MAY-26 08:00:07
9519726550,2,1,738,738,B,HR_DOM,L,367,34.0,0.0,1510,8.0,I09508,35.22,202620,N,HG22,202621,21-MAY-26 00:00:00,,,,R,HR_DOM,34.0,I09508,HR,12-MAY-26 08:00:07
9519726550,3,1,738,738,B,HR_DOM,L,367,34.0,0.0,1500,5.5,THD005,34.87,202623,N,HD05,202625,10-JUN-26 00:00:00,,, ,I,HR_DOM,34.0,THD005,HR,12-MAY-26 08:00:07
4000539029,20,1,738,738,F,SCRM_SPC_SLIT,L,367,204.0,0.0,1550,2.8,T01576,211.34,202620,N,HG02,202622,23-MAY-26 00:00:00,,,,R,SCRM_SPC_SLIT,204.0,T01576,HR,12-MAY-26 08:00:07
4000539029,21,1,738,738,F,SCRM_SPC_SLIT,L,367,204.0,0.0,1550,2.8,T01576,211.34,202618,N,HG02,202620,17-MAY-26 00:00:00,,,,B,SCRM_SPC_SLIT,204.0,T01576,HR,12-MAY-26 08:00:07
4000539026,4,1,738,738,F,SCRM_SPC_SLIT,L,367,272.0,0.0,1550,2.0,T01576,281.79,202619,N,HG02,202621,19-MAY-26 00:00:00,,,,B,SCRM_SPC_SLIT,272.0,T01576,HR,12-MAY-26 08:00:07
4000539026,5,1,738,738,F,SCRM_SPC_SLIT,L,367,272.0,0.0,1550,2.0,T01576,281.79,202619,N,HG02,202621,19-MAY-26 00:00:00,,,,B,SCRM_SPC_SLIT,272.0,T01576,HR,12-MAY-26 08:00:07
4000539026,6,1,738,738,F,SCRM_SPC_SLIT,L,367,272.0,0.0,1550,2.0,T01576,281.79,202620,N,HG02,202622,22-MAY-26 00:00:00,,,,R,SCRM_SPC_SLIT,272.0,T01576,HR,12-MAY-26 08:00:07
4000539026,20,1,738,738,F,SCRM_SPC_SLIT,L,367,272.0,0.0,1550,2.2,T01576,281.79,202619,N,HG02,202621,20-MAY-26 00:00:00,,,,B,SCRM_SPC_SLIT,272.0,T01576,HR,12-MAY-26 08:00:07
4000539026,21,1,738,738,F,SCRM_SPC_SLIT,L,367,272.0,0.0,1550,2.2,T01576,281.79,202619,N,HG02,202621,19-MAY-26 00:00:00,,,,B,SCRM_SPC_SLIT,272.0,T01576,HR,12-MAY-26 08:00:07
9519728215,2,1,738,738,O,HR_DOM,L,367,34.0,0.0,1550,5.0,I09508,27.36,202623,N,HG22,202624,14-MAY-26 00:00:00,,,,I,HR_DOM,34.0,I09508,HR,12-MAY-26 08:00:07
4000538858,3,1,738,738,F,SCRM,S,367,280.0,0.0,1180,2.2,BSL074,287.18,202622,N,BS74,202624,06-JUN-26 00:00:00,,,,I,SCRM,280.0,BSL074,HR,12-MAY-26 08:00:07
9519683065,2,1,738,738,O,HR_DOM,L,367,68.0,53.29,1500,6.0,I09508,15.24,202620,N,HG22,202622,20-MAY-26 00:00:00,,,,B,HR_DOM,68.0,I09508,HR,12-MAY-26 08:00:07
9519674416,18,1,738,738,O,HR_DOM,A,367,102.0,0.0,1500,4.0,I17020,113.71,202623,N,HR05,202625,03-JUN-26 00:00:00,,, ,I,HR_DOM,102.0,I17020,HR,12-MAY-26 08:00:07
9519674416,24,1,738,738,O,HR_DOM,A,367,68.0,0.0,1500,6.0,I17021,71.9,202623,N,HR08,202625,03-JUN-26 00:00:00,,, ,I,HR_DOM,68.0,I17021,HR,12-MAY-26 08:00:07
9519674416,25,1,738,738,O,HR_DOM,A,367,102.0,62.44,1500,7.8,I17021,41.83,202623,N,HR08,202625,03-JUN-26 00:00:00,,, ,I,HR_DOM,102.0,I17021,HR,12-MAY-26 08:00:07
9519679272,2,1,738,738,O,HR_DOM,L,367,60.0,22.11,1250,6.0,I09508,39.25,202622,N,HG22,202624,30-MAY-26 00:00:00,,,,I,HR_DOM,60.0,I09508,HR,12-MAY-26 08:00:07
9519687938,4,1,738,742,O,ACRM CRCA CRS,L,C01,84.0,0.0,925,2.0,T01320,96.6,202620,N,SH08,202625,31-MAY-26 00:00:00,,, ,G,ACRM CRCA CRS,84.0,T01320,HR,12-MAY-26 08:00:07
9519687938,5,1,738,742,O,ACRM CRCA CRS,L,C01,69.0,0.0,1025,2.0,T01320,79.35,202620,N,SH08,202625,01-JUN-26 00:00:00,,, ,G,ACRM CRCA CRS,69.0,T01320,HR,12-MAY-26 08:00:07
9519687938,7,1,738,742,O,ACRM CRCA CRS,L,C01,84.0,0.0,925,2.0,T01320,96.6,202620,N,SH08,202625,31-MAY-26 00:00:00,,, ,G,ACRM CRCA CRS,84.0,T01320,HR,12-MAY-26 08:00:07
9519687938,8,1,738,742,O,ACRM CRCA CRS,L,C01,69.0,0.0,1025,2.0,T01320,79.35,202620,N,SH08,202625,31-MAY-26 00:00:00,,, ,G,ACRM CRCA CRS,69.0,T01320,HR,12-MAY-26 08:00:07
9519738699,2,1,738,738,O,HR_DOM,L,367,170.0,0.0,1500,2.0,TIP001,174.36,202621,N,HG34,202623,01-JUN-26 00:00:00,,,,G,HR_DOM,170.0,TIP001,HR,12-MAY-26 08:00:07
9519678470,2,1,738,738,O,HR_DOM,A,367,34.0,24.73,1500,2.9,UNB042,24.45,202622,N,UN42,202623,30-MAY-26 00:00:00,,,,I,HR_DOM,34.0,UNB042,HR,12-MAY-26 08:00:07
4000539102,6,1,738,738,F,SCRM,L,367,256.0,0.0,1330,2.0,THO066,262.56,202619,N,HO66,202621,19-MAY-26 00:00:00,,,,B,SCRM,256.0,THO066,HR,12-MAY-26 08:00:07
4000539102,7,1,738,738,F,SCRM,L,367,256.0,0.0,1330,2.0,THO066,262.56,202619,N,HO66,202621,19-MAY-26 00:00:00,,,,B,SCRM,256.0,THO066,HR,12-MAY-26 08:00:07
4000539399,1,1,738,738,F,TUBE,L,367,269.999,0.0,1250,2.5,I09496,276.92,202620,N,TU01,202621,21-MAY-26 00:00:00,,, ,R,TUBE,269.999,I09496,HR,12-MAY-26 08:00:07
4000539399,2,1,738,738,F,TUBE,L,367,269.999,0.0,1250,2.5,I09496,276.92,202620,N,TU01,202621,21-MAY-26 00:00:00,,, ,R,TUBE,269.999,I09496,HR,12-MAY-26 08:00:07
4000539400,1,1,738,738,F,TUBE,L,367,270.0,0.0,1250,2.5,I09496,276.92,202622,N,TU01,202623,24-MAY-26 00:00:00,,, ,R,TUBE,270.0,I09496,HR,12-MAY-26 08:00:07
9519731104,1,1,738,738,O,HR_DOM,P,367,90.0,0.0,1250,6.0,BSL086,93.24,202622,N,BS86,202623,31-MAY-26 00:00:00,,,,I,HR_DOM,90.0,BSL086,HR,12-MAY-26 08:00:07
9519723868,3,1,738,742,O,ACRM CRCA CRS,L,C01,280.0,228.45,1235,2.8,TSH067,322.0,202618,N,SH67,202622,18-MAY-26 00:00:00,,, ,B,ACRM CRCA CRS,280.0,TSH067,HR,12-MAY-26 08:00:07
9519726148,1,1,738,738,B,HR_DOM,A,367,68.0,31.53,1550,5.0,UNB027,37.41,202619,N,UN27,202621,20-MAY-26 00:00:00,,,,B,HR_DOM,68.0,UNB027,HR,12-MAY-26 08:00:07
9519726152,1,1,738,738,B,HR_DOM,L,367,35.0,30.01,1480,3.2,Q17022,0.0,202619,N,HD08,202621,22-MAY-26 00:00:00,,,,B,HR_DOM,35.0,Q17022,HR,12-MAY-26 08:00:07
9519726693,3,1,738,738,O,HR_DOM,A,367,102.0,0.0,1500,3.0,TIP006,105.67,202621,N,HG42,202621,23-MAY-26 00:00:00,,,,R,HR_DOM,102.0,TIP006,HR,12-MAY-26 08:00:07
9519726693,4,1,738,738,O,HR_DOM,A,367,68.0,0.0,1500,3.5,TIP006,70.45,202621,N,HG42,202621,26-MAY-26 00:00:00,,,,R,HR_DOM,68.0,TIP006,HR,12-MAY-26 08:00:07
9519726693,5,1,738,738,O,HR_DOM,A,367,68.0,0.0,1500,4.0,TIP006,63.72,202622,N,HG42,202622,03-JUN-26 00:00:00,,,,G,HR_DOM,68.0,TIP006,HR,12-MAY-26 08:00:07
9519712279,1,1,738,738,O,HR_DOM,L,367,60.0,0.0,1250,1.6,TIP001,61.54,202623,N,HG34,202624,27-MAY-26 00:00:00,,, ,I,HR_DOM,60.0,TIP001,HR,12-MAY-26 08:00:07
4000539027,13,1,738,738,F,SCRM_SPC_SLIT,L,367,272.0,0.0,1550,2.8,T01576,281.79,202618,N,HG02,202620,17-MAY-26 00:00:00,,,,B,SCRM_SPC_SLIT,272.0,T01576,HR,12-MAY-26 08:00:07
4000539026,1,1,738,738,F,SCRM_SPC_SLIT,L,367,272.0,0.0,1550,2.0,T01576,281.79,202618,N,HG02,202620,18-MAY-26 00:00:00,,,,B,SCRM_SPC_SLIT,272.0,T01576,HR,12-MAY-26 08:00:07
4000539026,2,1,738,738,F,SCRM_SPC_SLIT,L,367,272.0,0.0,1550,2.0,T01576,281.79,202618,N,HG02,202620,16-MAY-26 00:00:00,,,,B,SCRM_SPC_SLIT,272.0,T01576,HR,12-MAY-26 08:00:07
4000539026,3,1,738,738,F,SCRM_SPC_SLIT,L,367,272.0,0.0,1550,2.0,T01576,281.79,202619,N,HG02,202621,19-MAY-26 00:00:00,,,,B,SCRM_SPC_SLIT,272.0,T01576,HR,12-MAY-26 08:00:07
4000539017,2,1,738,738,F,SCRM,L,367,62.0,49.45,1290,3.0,THA023,28.77,202619,N,HA10,202621,23-MAY-26 00:00:00,,,,R,SCRM,62.0,THA023,HR,12-MAY-26 08:00:07
4000539017,3,1,738,738,F,SCRM,L,367,180.0,0.0,1250,3.6,THA023,230.77,202619,N,HA10,202621,28-MAY-26 00:00:00,,,,Y,SCRM,180.0,THA023,HR,12-MAY-26 08:00:07
4000539017,4,1,738,738,F,SCRM,L,367,62.0,0.0,1290,2.8,THA023,79.49,202619,N,HA10,202621,30-MAY-26 00:00:00,,,,G,SCRM,62.0,THA023,HR,12-MAY-26 08:00:07
4000539017,1,1,738,738,F,SCRM,L,367,90.0,0.0,1250,3.2,THA023,115.39,202619,N,HA10,202621,28-MAY-26 00:00:00,,,,Y,SCRM,90.0,THA023,HR,12-MAY-26 08:00:07
9519728256,6,1,738,738,O,HR_DOM,L,367,31.0,0.0,1280,9.0,I09508,23.84,202621,N,HG22,202622,14-MAY-26 00:00:00,,,,Y,HR_DOM,31.0,I09508,HR,12-MAY-26 08:00:07
9519728256,8,1,738,738,O,HR_DOM,L,367,30.0,0.0,1265,9.0,I09508,27.01,202621,N,HG22,202622,14-MAY-26 00:00:00,,,,Y,HR_DOM,30.0,I09508,HR,12-MAY-26 08:00:07
4000539018,4,1,738,738,F,SCRM,I,367,60.0,0.0,1340,3.2,T01052,62.79,202621,N,SD88,202623,24-MAY-26 00:00:00,,,,R,SCRM,60.0,T01052,HR,12-MAY-26 08:00:07
4000539018,3,1,738,738,F,SCRM,I,367,248.0,218.69,1600,3.2,T01052,32.07,202621,N,SD88,202623,29-MAY-26 00:00:00,,,,Y,SCRM,248.0,T01052,HR,12-MAY-26 08:00:07
4000539018,1,1,738,738,F,SCRM,I,367,60.0,0.0,1270,3.2,T01052,62.79,202621,N,SD88,202623,31-MAY-26 00:00:00,,,,G,SCRM,60.0,T01052,HR,12-MAY-26 08:00:07
4000538854,10,1,738,738,F,SCRM,L,367,210.0,0.0,1265,3.2,BSL011,215.39,202622,N,BS11,202624,07-JUN-26 00:00:00,,,,I,SCRM,210.0,BSL011,HR,12-MAY-26 08:00:07
4000538854,11,1,738,738,F,SCRM,L,367,210.0,84.6,1265,3.2,BSL011,128.62,202620,N,BS11,202622,26-MAY-26 00:00:00,,,,R,SCRM,210.0,BSL011,HR,12-MAY-26 08:00:07
4000538854,12,1,738,738,F,SCRM,L,367,210.0,0.0,1265,3.2,BSL011,215.39,202621,N,BS11,202623,02-JUN-26 00:00:00,,,,G,SCRM,210.0,BSL011,HR,12-MAY-26 08:00:07
9519711786,3,1,738,738,O,HR_DOM,A,367,68.0,0.0,1500,3.8,TIP006,70.45,202623,N,HG42,202625,03-JUN-26 00:00:00,,, ,I,HR_DOM,68.0,TIP006,HR,12-MAY-26 08:00:07
9519711786,4,1,738,738,O,HR_DOM,A,367,102.0,0.0,1500,4.0,TIP006,105.67,202623,N,HG42,202625,09-JUN-26 00:00:00,,, ,I,HR_DOM,102.0,TIP006,HR,12-MAY-26 08:00:07
9519711786,5,1,738,738,O,HR_DOM,A,367,136.0,0.0,1500,7.8,THG038,139.49,202623,N,HG38,202625,03-JUN-26 00:00:00,,, ,I,HR_DOM,136.0,THG038,HR,12-MAY-26 08:00:07
9519711786,7,1,738,738,O,HR_DOM,A,367,68.0,0.0,1500,12.0,THG038,69.74,202623,N,HG38,202625,03-JUN-26 00:00:00,,, ,I,HR_DOM,68.0,THG038,HR,12-MAY-26 08:00:07
4000538854,9,1,738,738,F,SCRM,L,367,210.0,0.0,1265,3.2,BSL011,215.39,202621,N,BS11,202623,02-JUN-26 00:00:00,,,,G,SCRM,210.0,BSL011,HR,12-MAY-26 08:00:07
4000539242,15,1,738,738,F,SCRM,L,367,272.0,0.0,1650,3.2,T01576,281.79,202622,N,HG02,202624,06-JUN-26 00:00:00,,,,I,SCRM,272.0,T01576,HR,12-MAY-26 08:00:07
9519731365,1,1,738,738,O,HR_DOM,A,368,210.0,0.0,1560,9.6,THB029,130.83,202623,N,HB29,202625,03-JUN-26 00:00:00,,, ,I,HR_DOM,210.0,THB029,HR,12-MAY-26 08:00:07
4000539513,9,1,738,738,F,TUBE,L,367,270.0,0.0,1250,2.8,I09496,276.92,202622,N,TU01,202624,24-MAY-26 00:00:00,,, ,R,TUBE,270.0,I09496,HR,12-MAY-26 08:00:07
4000539242,2,1,738,738,F,SCRM,L,367,248.0,0.0,1280,2.0,THO066,254.36,202619,N,HO66,202621,20-MAY-26 00:00:00,,,,B,SCRM,248.0,THO066,HR,12-MAY-26 08:00:07
4000539242,3,1,738,738,F,SCRM,L,367,124.0,85.81,1280,2.0,THO066,39.17,202620,N,HO66,202622,26-MAY-26 00:00:00,,,,R,SCRM,124.0,THO066,HR,12-MAY-26 08:00:07
4000539242,4,1,738,738,F,SCRM,L,367,261.0,0.0,1200,2.0,THO066,267.69,202621,N,HO66,202623,29-MAY-26 00:00:00,,,,G,SCRM,261.0,THO066,HR,12-MAY-26 08:00:07
4000539242,6,1,738,738,F,SCRM,L,367,261.0,0.0,1200,2.0,THO066,267.69,202621,N,HO66,202623,29-MAY-26 00:00:00,,,,G,SCRM,261.0,THO066,HR,12-MAY-26 08:00:07
4000539242,1,1,738,738,F,SCRM,L,367,248.0,189.71,1280,2.0,THO066,76.01,202619,N,HO66,202621,20-MAY-26 00:00:00,,,,B,SCRM,248.0,THO066,HR,12-MAY-26 08:00:07
4000539242,5,1,738,738,F,SCRM,L,367,261.0,0.0,1200,2.0,THO066,267.69,202621,N,HO66,202623,29-MAY-26 00:00:00,,,,G,SCRM,261.0,THO066,HR,12-MAY-26 08:00:07
4000539102,5,1,738,738,F,SCRM,L,367,256.0,0.0,1330,2.0,THO066,262.56,202619,N,HO66,202621,19-MAY-26 00:00:00,,,,B,SCRM,256.0,THO066,HR,12-MAY-26 08:00:07
9519719906,3,1,738,738,O,HR_DOM,B,367,136.0,0.0,1500,6.0,I17480,139.49,202623,N,SH35,202624,03-JUN-26 00:00:00,,, ,I,HR_DOM,136.0,I17480,HR,12-MAY-26 08:00:07
4000538952,2,1,738,738,F,KCRM,H,367,124.0,0.0,1300,4.5,S02015,127.18,202620,N,SH64,202622,26-MAY-26 00:00:00,,, ,R,KCRM,124.0,S02015,HR,12-MAY-26 08:00:07
4000538952,1,1,738,738,F,KCRM,H,367,279.0,0.0,1300,2.5,S02015,286.15,202620,N,SH64,202622,24-MAY-26 00:00:00,,, ,R,KCRM,279.0,S02015,HR,12-MAY-26 08:00:07
4000538952,3,1,738,738,F,KCRM,H,367,217.0,0.0,1300,2.5,BSL039,222.56,202620,N,BS39,202622,25-MAY-26 00:00:00,,, ,R,KCRM,217.0,BSL039,HR,12-MAY-26 08:00:07
4000538952,7,1,738,738,F,KCRM,H,367,90.0,0.0,1250,2.5,BSL045,92.31,202620,N,BS45,202622,26-MAY-26 00:00:00,,, ,R,KCRM,90.0,BSL045,HR,12-MAY-26 08:00:07
4000538952,10,1,738,738,F,KCRM,H,367,280.0,0.0,1150,2.5,THN010,293.04,202620,N,HN10,202622,23-MAY-26 00:00:00,,, ,R,KCRM,280.0,THN010,HR,12-MAY-26 08:00:07
4000538952,11,1,738,738,F,KCRM,H,367,280.0,0.0,1150,2.5,THN010,293.04,202620,N,HN10,202622,24-MAY-26 00:00:00,,, ,R,KCRM,280.0,THN010,HR,12-MAY-26 08:00:07
4000538952,12,1,738,738,F,KCRM,H,367,56.0,0.0,1150,3.5,THN010,58.61,202620,N,HN10,202622,26-MAY-26 00:00:00,,, ,R,KCRM,56.0,THN010,HR,12-MAY-26 08:00:07
4000538952,13,1,738,738,F,KCRM,H,367,84.0,0.0,1150,3.6,THN010,87.91,202620,N,HN10,202622,25-MAY-26 00:00:00,,, ,R,KCRM,84.0,THN010,HR,12-MAY-26 08:00:07
4000538952,14,1,738,738,F,KCRM,H,367,112.0,0.0,1150,4.5,THN010,117.22,202620,N,HN10,202622,22-MAY-26 00:00:00,,, ,R,KCRM,112.0,THN010,HR,12-MAY-26 08:00:07
4000539402,2,1,738,738,F,HR_DOM,A,367,64.0,0.0,1500,8.0,I17021,67.67,202619,N,HR08,202620,20-MAY-26 00:00:00,,,,G,HR_DOM,64.0,I17021,HR,12-MAY-26 08:00:07
4000539402,9,1,738,738,F,HR_DOM,L,367,60.0,0.0,1250,2.0,TIP001,61.54,202619,N,HG34,202620,28-MAY-26 00:00:00,,,,Y,HR_DOM,60.0,TIP001,HR,12-MAY-26 08:00:07
4000539320,1,1,738,738,F,KCRM,H,367,28.5,0.0,1300,3.5,THM003,29.53,202622,N,HM93,202623,29-MAY-26 00:00:00,,,,G,KCRM,28.5,THM003,HR,12-MAY-26 08:00:07
4000539320,2,1,738,738,F,KCRM,H,367,28.5,0.0,1300,3.5,S02015,29.23,202622,N,SH64,202623,30-MAY-26 00:00:00,,,,Y,KCRM,28.5,S02015,HR,12-MAY-26 08:00:07
4000539027,14,1,738,738,F,SCRM_SPC_SLIT,L,367,272.0,0.0,1550,2.8,T01576,281.79,202619,N,HG02,202621,19-MAY-26 00:00:00,,,,B,SCRM_SPC_SLIT,272.0,T01576,HR,12-MAY-26 08:00:07
4000539027,15,1,738,738,F,SCRM_SPC_SLIT,L,367,272.0,0.0,1550,2.8,T01576,281.79,202619,N,HG02,202621,19-MAY-26 00:00:00,,,,B,SCRM_SPC_SLIT,272.0,T01576,HR,12-MAY-26 08:00:07
4000539027,16,1,738,738,F,SCRM_SPC_SLIT,L,367,272.0,0.0,1550,2.8,T01576,281.79,202620,N,HG02,202622,25-MAY-26 00:00:00,,,,R,SCRM_SPC_SLIT,272.0,T01576,HR,12-MAY-26 08:00:07
4000539027,17,1,738,738,F,SCRM_SPC_SLIT,L,367,272.0,0.0,1550,2.8,T01576,281.79,202620,N,HG02,202622,25-MAY-26 00:00:00,,,,R,SCRM_SPC_SLIT,272.0,T01576,HR,12-MAY-26 08:00:07
4000539029,1,1,738,738,F,SCRM_SPC_SLIT,L,367,272.0,0.0,1550,2.0,T01576,281.79,202618,N,HG02,202620,18-MAY-26 00:00:00,,,,B,SCRM_SPC_SLIT,272.0,T01576,HR,12-MAY-26 08:00:07
4000539029,9,1,738,738,F,SCRM_SPC_SLIT,L,367,272.0,0.0,1550,2.2,T01576,281.79,202618,N,HG02,202620,17-MAY-26 00:00:00,,,,B,SCRM_SPC_SLIT,272.0,T01576,HR,12-MAY-26 08:00:07
4000539029,14,1,738,738,F,SCRM_SPC_SLIT,L,367,272.0,0.0,1550,2.5,T01576,281.79,202618,N,HG02,202620,18-MAY-26 00:00:00,,,,B,SCRM_SPC_SLIT,272.0,T01576,HR,12-MAY-26 08:00:07
4000539026,17,1,738,738,F,SCRM_SPC_SLIT,L,367,272.0,0.0,1550,2.2,T01576,281.79,202618,N,HG02,202620,18-MAY-26 00:00:00,,,,B,SCRM_SPC_SLIT,272.0,T01576,HR,12-MAY-26 08:00:07
4000539026,10,1,738,738,F,SCRM_SPC_SLIT,L,367,272.0,0.0,1550,2.0,T01576,281.79,202620,N,HG02,202622,22-MAY-26 00:00:00,,,,R,SCRM_SPC_SLIT,272.0,T01576,HR,12-MAY-26 08:00:07
4000539026,11,1,738,738,F,SCRM_SPC_SLIT,L,367,272.0,0.0,1550,2.0,T01576,281.79,202621,N,HG02,202623,01-JUN-26 00:00:00,,,,G,SCRM_SPC_SLIT,272.0,T01576,HR,12-MAY-26 08:00:07
4000539026,16,1,738,738,F,SCRM_SPC_SLIT,L,367,272.0,0.0,1550,2.2,T01576,281.79,202618,N,HG02,202620,18-MAY-26 00:00:00,,,,B,SCRM_SPC_SLIT,272.0,T01576,HR,12-MAY-26 08:00:07
4000539026,18,1,738,738,F,SCRM_SPC_SLIT,L,367,272.0,0.0,1550,2.2,T01576,281.79,202619,N,HG02,202621,20-MAY-26 00:00:00,,,,B,SCRM_SPC_SLIT,272.0,T01576,HR,12-MAY-26 08:00:07
4000539026,19,1,738,738,F,SCRM_SPC_SLIT,L,367,272.0,0.0,1550,2.2,T01576,281.79,202619,N,HG02,202621,19-MAY-26 00:00:00,,,,B,SCRM_SPC_SLIT,272.0,T01576,HR,12-MAY-26 08:00:07
4000539031,11,1,738,738,F,SCRM,L,367,270.0,0.0,1270,3.2,S02149,282.58,202620,N,SF93,202622,24-MAY-26 00:00:00,,,,R,SCRM,270.0,S02149,HR,12-MAY-26 08:00:07
9519722662,1,1,738,738,O,HR_DOM,L,367,30.0,0.0,1250,2.4,THB001,30.77,202622,N,HR01,202624,06-JUN-26 00:00:00,,, ,I,HR_DOM,30.0,THB001,HR,12-MAY-26 08:00:07
9519722662,2,1,738,738,O,HR_DOM,L,367,30.0,47.58,1250,2.5,I09497,0.0,202623,N,HG01,202625,25-MAY-26 00:00:00,,, ,R,HR_DOM,30.0,I09497,HR,12-MAY-26 08:00:07
9519722662,3,1,738,738,O,HR_DOM,A,367,68.0,0.0,1500,2.5,UNB042,99.63,202622,N,UN42,202624,30-MAY-26 00:00:00,,, ,I,HR_DOM,68.0,UNB042,HR,12-MAY-26 08:00:07
9519722662,8,1,738,738,O,HR_DOM,A,367,68.0,0.0,1500,7.8,THG038,69.74,202622,N,HG38,202624,30-MAY-26 00:00:00,,, ,I,HR_DOM,68.0,THG038,HR,12-MAY-26 08:00:07
9519723547,7,1,738,738,O,HR_DOM,L,367,58.0,0.0,1225,2.0,TIP001,59.49,202623,N,HG34,202624,09-JUN-26 00:00:00,,, ,I,HR_DOM,58.0,TIP001,HR,12-MAY-26 08:00:07
9519723547,1,1,738,738,O,HR_DOM,L,367,60.0,0.0,1250,3.0,TIP001,61.54,202623,N,HG34,202624,27-MAY-26 00:00:00,,, ,I,HR_DOM,60.0,TIP001,HR,12-MAY-26 08:00:07
9519723547,4,1,738,738,O,HR_DOM,L,367,30.0,0.0,1250,2.7,TIP001,30.77,202623,N,HG34,202624,27-MAY-26 00:00:00,,, ,I,HR_DOM,30.0,TIP001,HR,12-MAY-26 08:00:07
9519723547,5,1,738,738,O,HR_DOM,P,367,60.0,0.0,1250,4.0,BSL086,62.16,202623,N,BS86,202624,09-JUN-26 00:00:00,,, ,I,HR_DOM,60.0,BSL086,HR,12-MAY-26 08:00:07
9519729787,1,1,738,738,B,HR_DOM,L,367,102.0,0.0,1500,3.0,THD005,104.62,202623,N,HD05,202625,10-JUN-26 00:00:00,,, ,I,HR_DOM,102.0,THD005,HR,12-MAY-26 08:00:07
4000539242,16,1,738,738,F,SCRM,L,367,272.0,0.0,1650,3.2,T01576,281.79,202622,N,HG02,202624,06-JUN-26 00:00:00,,,,I,SCRM,272.0,T01576,HR,12-MAY-26 08:00:07
4000539242,13,1,738,738,F,SCRM,L,367,238.0,31.5,1650,3.2,T01576,213.93,202623,N,HG02,202625,10-JUN-26 00:00:00,,,,I,SCRM,238.0,T01576,HR,12-MAY-26 08:00:07
4000539242,14,1,738,738,F,SCRM,L,367,272.0,0.0,1650,3.2,T01576,281.79,202622,N,HG02,202624,06-JUN-26 00:00:00,,,,I,SCRM,272.0,T01576,HR,12-MAY-26 08:00:07
9519615769,1,1,738,738,O,HR_DOM,L,367,60.0,0.0,1250,1.8,TIP001,61.54,202621,N,HG34,202622,23-MAY-26 00:00:00,,, ,R,HR_DOM,60.0,TIP001,HR,12-MAY-26 08:00:07
9519615769,3,1,738,738,O,HR_DOM,L,367,60.0,0.0,1250,2.0,TIP001,61.54,202621,N,HG34,202622,23-MAY-26 00:00:00,,, ,R,HR_DOM,60.0,TIP001,HR,12-MAY-26 08:00:07
4000538854,14,1,738,738,F,SCRM,L,367,210.0,0.0,1265,4.0,BSL011,215.39,202620,N,BS11,202622,26-MAY-26 00:00:00,,,,R,SCRM,210.0,BSL011,HR,12-MAY-26 08:00:07
4000538854,15,1,738,738,F,SCRM,L,367,210.0,0.0,1265,4.0,BSL011,215.39,202620,N,BS11,202622,26-MAY-26 00:00:00,,,,R,SCRM,210.0,BSL011,HR,12-MAY-26 08:00:07
4000538854,16,1,738,738,F,SCRM,L,367,210.0,0.0,1265,4.0,BSL011,215.39,202620,N,BS11,202622,26-MAY-26 00:00:00,,,,R,SCRM,210.0,BSL011,HR,12-MAY-26 08:00:07
4000538854,17,1,738,738,F,SCRM,L,367,240.0,0.0,1265,4.0,BSL011,246.15,202621,N,BS11,202623,02-JUN-26 00:00:00,,,,G,SCRM,240.0,BSL011,HR,12-MAY-26 08:00:07
4000538854,20,1,738,738,F,SCRM,L,367,204.0,0.0,1550,4.0,BSL011,209.23,202621,N,BS11,202623,01-JUN-26 00:00:00,,,,G,SCRM,204.0,BSL011,HR,12-MAY-26 08:00:07
4000538855,4,1,738,738,F,SCRM,L,367,150.0,0.0,1265,3.2,S02016,155.4,202622,N,SH57,202624,08-JUN-26 00:00:00,,,,I,SCRM,150.0,S02016,HR,12-MAY-26 08:00:07
4000538855,2,1,738,738,F,SCRM,L,367,210.0,0.0,1265,3.2,S02016,217.56,202622,N,SH57,202624,06-JUN-26 00:00:00,,,,I,SCRM,210.0,S02016,HR,12-MAY-26 08:00:07
4000538855,3,1,738,738,F,SCRM,L,367,210.0,0.0,1265,3.2,S02016,217.56,202622,N,SH57,202624,06-JUN-26 00:00:00,,,,I,SCRM,210.0,S02016,HR,12-MAY-26 08:00:07
9519737763,1,1,738,738,O,HR_DOM,L,367,210.0,27.76,1260,2.0,I09497,188.81,202621,N,HG01,202622,14-MAY-26 00:00:00,,,,G,HR_DOM,210.0,I09497,HR,12-MAY-26 08:00:07
4000538894,1,1,738,738,F,KCRM,L,367,120.0,0.0,1265,2.0,BSL011,123.08,202619,N,BS11,202621,20-MAY-26 00:00:00,,,,B,KCRM,120.0,BSL011,HR,12-MAY-26 08:00:07
4000538894,7,1,738,738,F,KCRM,L,367,128.0,0.0,1340,2.2,BSL011,131.28,202619,N,BS11,202621,20-MAY-26 00:00:00,,,,B,KCRM,128.0,BSL011,HR,12-MAY-26 08:00:07
4000538894,8,1,738,738,F,KCRM,L,367,224.0,0.0,1340,2.8,BSL011,229.74,202619,N,BS11,202621,19-MAY-26 00:00:00,,,,B,KCRM,224.0,BSL011,HR,12-MAY-26 08:00:07
4000539031,4,1,738,738,F,SCRM,L,367,270.0,0.0,1235,2.0,T01576,279.72,202620,N,HG02,202622,21-MAY-26 00:00:00,,,,R,SCRM,270.0,T01576,HR,12-MAY-26 08:00:07
4000538856,3,1,738,738,F,SCRM,P,367,210.0,112.75,1250,4.0,BSL017,99.74,202620,N,BS17,202622,26-MAY-26 00:00:00,,,,R,SCRM,210.0,BSL017,HR,12-MAY-26 08:00:07
4000538856,2,1,738,738,F,SCRM,P,367,120.0,0.0,1250,4.0,BSL017,123.08,202621,N,BS17,202623,01-JUN-26 00:00:00,,, ,G,SCRM,120.0,BSL017,HR,12-MAY-26 08:00:07
4000539400,2,1,738,738,F,TUBE,L,367,270.0,0.0,1250,2.5,I09496,276.92,202622,N,TU01,202623,24-MAY-26 00:00:00,,, ,R,TUBE,270.0,I09496,HR,12-MAY-26 08:00:07
4000539400,5,1,738,738,F,TUBE,L,367,270.0,0.0,1250,2.8,I09496,276.92,202622,N,TU01,202623,24-MAY-26 00:00:00,,, ,R,TUBE,270.0,I09496,HR,12-MAY-26 08:00:07
4000539400,6,1,738,738,F,TUBE,L,367,270.0,0.0,1250,2.8,I09496,276.92,202622,N,TU01,202623,23-MAY-26 00:00:00,,, ,R,TUBE,270.0,I09496,HR,12-MAY-26 08:00:07
4000539400,7,1,738,738,F,TUBE,L,367,270.0,0.0,1250,2.8,I09496,276.92,202624,N,TU01,202625,07-JUN-26 00:00:00,,,,I,TUBE,270.0,I09496,HR,12-MAY-26 08:00:07
4000539102,4,1,738,738,F,SCRM,L,367,256.0,0.0,1330,2.0,THO066,262.56,202619,N,HO66,202621,19-MAY-26 00:00:00,,,,B,SCRM,256.0,THO066,HR,12-MAY-26 08:00:07
4000539513,3,1,738,738,F,TUBE,L,367,200.0,0.0,1250,2.2,I09496,205.13,202620,N,TU01,202622,22-MAY-26 00:00:00,,, ,R,TUBE,200.0,I09496,HR,12-MAY-26 08:00:07
4000539513,1,1,738,738,F,TUBE,L,367,250.0,0.0,1250,2.2,I09496,256.41,202620,N,TU01,202622,22-MAY-26 00:00:00,,, ,R,TUBE,250.0,I09496,HR,12-MAY-26 08:00:07
4000539513,2,1,738,738,F,TUBE,L,367,250.0,0.0,1250,2.2,I09496,256.41,202620,N,TU01,202622,22-MAY-26 00:00:00,,, ,R,TUBE,250.0,I09496,HR,12-MAY-26 08:00:07
4000539513,4,1,738,738,F,TUBE,L,367,200.0,0.0,1250,2.2,I09496,205.13,202620,N,TU01,202622,22-MAY-26 00:00:00,,, ,R,TUBE,200.0,I09496,HR,12-MAY-26 08:00:07
4000539513,5,1,738,738,F,TUBE,L,367,200.0,0.0,1250,2.2,I09496,205.13,202620,N,TU01,202622,22-MAY-26 00:00:00,,, ,R,TUBE,200.0,I09496,HR,12-MAY-26 08:00:07
4000539513,6,1,738,738,F,TUBE,L,367,200.0,0.0,1250,2.2,I09496,205.13,202620,N,TU01,202622,23-MAY-26 00:00:00,,, ,R,TUBE,200.0,I09496,HR,12-MAY-26 08:00:07
4000539513,7,1,738,738,F,TUBE,L,367,200.0,0.0,1250,2.2,I09496,205.13,202620,N,TU01,202622,23-MAY-26 00:00:00,,, ,R,TUBE,200.0,I09496,HR,12-MAY-26 08:00:07
4000539513,8,1,738,738,F,TUBE,L,367,270.0,0.0,1250,2.8,I09496,276.92,202623,N,TU01,202625,03-JUN-26 00:00:00,,,,R,TUBE,270.0,I09496,HR,12-MAY-26 08:00:07
9519726981,1,1,738,738,B,HR_DOM,L,367,68.0,30.61,1600,4.5,Q17023,32.49,202619,N,HD09,202620,16-MAY-26 00:00:00,,, ,B,HR_DOM,68.0,Q17023,HR,12-MAY-26 08:00:07
9519726981,2,1,738,738,B,HR_DOM,L,367,68.0,61.18,1600,4.2,Q17023,0.0,202619,N,HD09,202620,18-MAY-26 00:00:00,,, ,B,HR_DOM,68.0,Q17023,HR,12-MAY-26 08:00:07
4000536760,1,1,738,738,T,CRM_TSK,M,367,30.0,0.0,1255,3.8,TSM053,30.77,202621,N,TM53,202622,02-JUN-26 00:00:00,,,,G,CRM_TSK,30.0,TSM053,HR,12-MAY-26 08:00:07
4000539320,3,1,738,738,F,KCRM,H,367,85.5,0.0,1300,2.5,S02015,87.69,202622,N,SH64,202623,02-JUN-26 00:00:00,,,,G,KCRM,85.5,S02015,HR,12-MAY-26 08:00:07
4000539407,1,1,738,738,F,HR_DOM,L,367,128.0,0.0,1525,4.0,THB047,138.19,202620,N,HB47,202622,28-MAY-26 00:00:00,,,,Y,HR_DOM,128.0,THB047,HR,12-MAY-26 08:00:07
4000539407,2,1,738,738,F,HR_DOM,L,367,64.0,0.0,1515,4.0,THB047,69.1,202620,N,HB47,202622,20-MAY-26 00:00:00,,,,B,HR_DOM,64.0,THB047,HR,12-MAY-26 08:00:07
4000539407,3,1,738,738,F,HR_DOM,L,367,128.0,0.0,1540,3.7,THB047,138.19,202620,N,HB47,202622,28-MAY-26 00:00:00,,,,Y,HR_DOM,128.0,THB047,HR,12-MAY-26 08:00:07
4000539031,12,1,738,738,F,SCRM,L,367,270.0,0.0,1270,3.2,S02149,282.58,202619,N,SF93,202621,19-MAY-26 00:00:00,,,,B,SCRM,270.0,S02149,HR,12-MAY-26 08:00:07
4000539031,13,1,738,738,F,SCRM,L,367,270.0,0.0,1270,3.2,S02149,282.58,202619,N,SF93,202621,19-MAY-26 00:00:00,,,,B,SCRM,270.0,S02149,HR,12-MAY-26 08:00:07
4000539031,14,1,738,738,F,SCRM,L,367,270.0,0.0,1270,3.2,S02149,282.58,202620,N,SF93,202622,21-MAY-26 00:00:00,,,,B,SCRM,270.0,S02149,HR,12-MAY-26 08:00:07
4000539031,15,1,738,738,F,SCRM,L,367,240.0,26.48,1270,2.5,T01576,221.48,202620,N,HG02,202622,23-MAY-26 00:00:00,,,,R,SCRM,240.0,T01576,HR,12-MAY-26 08:00:07
4000539031,19,1,738,738,F,SCRM,L,367,270.0,219.92,1270,2.8,T01576,58.32,202620,N,HG02,202622,13-MAY-26 00:00:00,,,,R,SCRM,270.0,T01576,HR,12-MAY-26 08:00:07
4000539031,16,1,738,738,F,SCRM,L,367,240.0,0.0,1270,2.5,T01576,248.64,202620,N,HG02,202622,25-MAY-26 00:00:00,,,,R,SCRM,240.0,T01576,HR,12-MAY-26 08:00:07
4000539031,17,1,738,738,F,SCRM,L,367,240.0,0.0,1270,2.5,T01576,248.64,202620,N,HG02,202622,25-MAY-26 00:00:00,,,,R,SCRM,240.0,T01576,HR,12-MAY-26 08:00:07
4000539031,18,1,738,738,F,SCRM,L,367,240.0,0.0,1270,2.5,T01576,248.64,202620,N,HG02,202622,25-MAY-26 00:00:00,,,,R,SCRM,240.0,T01576,HR,12-MAY-26 08:00:07
4000539031,20,1,738,738,F,SCRM,L,367,240.0,314.82,1270,2.8,T01576,73.13,202620,N,HG02,202622,13-MAY-26 00:00:00,,,,R,SCRM,240.0,T01576,HR,12-MAY-26 08:00:07
4000539031,21,1,738,738,F,SCRM,L,367,226.301,225.32,1270,2.8,T01576,30.52,202618,N,HG02,202620,18-MAY-26 00:00:00,,, ,B,SCRM,226.301,T01576,HR,12-MAY-26 08:00:07
9519725356,3,1,738,738,B,HR_DOM,L,367,34.0,0.0,1650,3.2,Q17022,29.07,202619,N,HD08,202621,14-MAY-26 00:00:00,,,,B,HR_DOM,34.0,Q17022,HR,12-MAY-26 08:00:07
9519722462,5,1,738,742,F,ACRM FHCR,L,C09,174.0,0.0,1250,2.8,T01576,200.1,202622,N,HG02,202626,03-JUN-26 00:00:00,,,,I,ACRM FHCR,174.0,T01576,HR,12-MAY-26 08:00:07
9519722462,6,1,738,742,F,ACRM FHCR,L,C09,261.0,22.27,1250,2.8,T01576,300.15,202622,N,HG02,202626,03-JUN-26 00:00:00,,,,I,ACRM FHCR,261.0,T01576,HR,12-MAY-26 08:00:07
9519722391,1,1,738,742,F,ACRM CRCA SPM,M,C01,203.0,0.0,1270,3.2,S02005,233.45,202619,N,SD30,202623,27-MAY-26 00:00:00,,, ,R,ACRM CRCA SPM,203.0,S02005,HR,12-MAY-26 08:00:07
9519722391,2,1,738,742,F,ACRM CRCA SPM,M,C01,203.0,0.0,1270,4.0,S02005,233.45,202619,N,SD30,202623,27-MAY-26 00:00:00,,, ,R,ACRM CRCA SPM,203.0,S02005,HR,12-MAY-26 08:00:07
4000538892,3,1,738,738,F,KCRM,L,367,300.0,278.36,1235,2.2,T01576,22.42,202617,N,HG02,202619,16-MAY-26 00:00:00,,,,B,KCRM,300.0,T01576,HR,12-MAY-26 08:00:07
4000538892,4,1,738,738,F,KCRM,L,367,300.0,278.33,1235,2.2,T01576,23.11,202618,N,HG02,202620,18-MAY-26 00:00:00,,,,B,KCRM,300.0,T01576,HR,12-MAY-26 08:00:07
4000538892,7,1,738,738,F,KCRM,P,367,120.0,73.57,1240,2.2,UNB099,47.62,202622,N,UN99,202624,07-JUN-26 00:00:00,,,,I,KCRM,120.0,UNB099,HR,12-MAY-26 08:00:07
4000538892,6,1,738,738,F,KCRM,P,367,300.0,0.0,1240,2.2,UNB099,307.69,202621,N,UN99,202623,31-MAY-26 00:00:00,,,,G,KCRM,300.0,UNB099,HR,12-MAY-26 08:00:07
9519676207,4,1,738,738,O,HR_DOM,L,367,120.0,0.0,1250,2.8,TIP001,123.08,202623,N,HG34,202624,27-MAY-26 00:00:00,,, ,I,HR_DOM,120.0,TIP001,HR,12-MAY-26 08:00:07
9519676207,5,1,738,738,O,HR_DOM,L,367,60.0,0.0,1250,3.15,TIP001,61.54,202623,N,HG34,202624,27-MAY-26 00:00:00,,, ,I,HR_DOM,60.0,TIP001,HR,12-MAY-26 08:00:07
9519676207,6,1,738,738,O,HR_DOM,L,367,120.0,0.0,1250,2.0,TIP001,123.08,202623,N,HG34,202624,27-MAY-26 00:00:00,,, ,I,HR_DOM,120.0,TIP001,HR,12-MAY-26 08:00:07
4000539242,19,1,738,738,F,SCRM,L,367,272.0,187.35,1550,2.2,T01576,87.7,202622,N,HG02,202624,01-JUN-26 00:00:00,,,,I,SCRM,272.0,T01576,HR,12-MAY-26 08:00:07
4000539242,20,1,738,738,F,SCRM,L,367,272.0,0.0,1550,2.2,T01576,281.79,202622,N,HG02,202624,06-JUN-26 00:00:00,,,,I,SCRM,272.0,T01576,HR,12-MAY-26 08:00:07
4000539242,23,1,738,738,F,SCRM,L,367,272.0,0.0,1550,2.8,T01576,281.79,202621,N,HG02,202623,29-MAY-26 00:00:00,,,,G,SCRM,272.0,T01576,HR,12-MAY-26 08:00:07
4000539242,21,1,738,738,F,SCRM,L,367,272.0,0.0,1550,2.5,T01576,281.79,202622,N,HG02,202624,06-JUN-26 00:00:00,,,,I,SCRM,272.0,T01576,HR,12-MAY-26 08:00:07
4000539242,22,1,738,738,F,SCRM,L,367,272.0,0.0,1550,2.5,T01576,281.79,202622,N,HG02,202624,06-JUN-26 00:00:00,,,,I,SCRM,272.0,T01576,HR,12-MAY-26 08:00:07
9519672291,6,1,738,738,O,HR_DOM,A,367,68.0,0.0,1500,5.0,TIP006,70.45,202620,N,HG42,202622,25-MAY-26 00:00:00,,,,R,HR_DOM,68.0,TIP006,HR,12-MAY-26 08:00:07
9519672291,5,1,738,738,O,HR_DOM,A,367,68.0,0.0,1500,4.0,TIP006,70.45,202617,N,HG42,202619,16-MAY-26 00:00:00,,,,B,HR_DOM,68.0,TIP006,HR,12-MAY-26 08:00:07
9519672291,2,1,738,738,O,HR_DOM,L,367,90.0,0.0,1250,2.0,TIP001,92.31,202621,N,HG34,202623,01-JUN-26 00:00:00,,, ,G,HR_DOM,90.0,TIP001,HR,12-MAY-26 08:00:07
9519672291,3,1,738,738,O,HR_DOM,L,367,60.0,0.0,1250,2.5,TIP001,61.54,202622,N,HG34,202624,03-JUN-26 00:00:00,,,,I,HR_DOM,60.0,TIP001,HR,12-MAY-26 08:00:07
9519672291,4,1,738,738,O,HR_DOM,L,367,136.0,0.0,1500,2.0,TIP001,139.49,202621,N,HG34,202623,01-JUN-26 00:00:00,,,,G,HR_DOM,136.0,TIP001,HR,12-MAY-26 08:00:07
4000538859,3,1,738,738,F,SCRM,H,367,120.0,0.0,1250,3.2,THN008,124.32,202621,N,HN08,202623,29-MAY-26 00:00:00,,,,G,SCRM,120.0,THN008,HR,12-MAY-26 08:00:07
4000538859,4,1,738,738,F,SCRM,H,367,196.0,0.0,1150,2.5,THN012,207.24,202624,N,HN12,202626,11-JUN-26 00:00:00,,,,I,SCRM,196.0,THN012,HR,12-MAY-26 08:00:07
4000538859,5,1,738,738,F,SCRM,H,367,84.0,0.0,1150,3.2,THN012,88.82,202620,N,HN12,202622,26-MAY-26 00:00:00,,,,R,SCRM,84.0,THN012,HR,12-MAY-26 08:00:07
9519682389,2,1,738,738,O,HR_DOM,L,367,288.0,0.0,1320,2.5,T01576,298.37,202621,N,HG02,202622,30-MAY-26 00:00:00,,,,G,HR_DOM,288.0,T01576,HR,12-MAY-26 08:00:07
4000538860,2,1,738,738,F,SCRM,C,367,279.0,0.0,1285,4.0,BSL013,291.99,202622,N,BS13,202624,02-JUN-26 00:00:00,,,,G,SCRM,279.0,BSL013,HR,12-MAY-26 08:00:07
4000538860,6,1,738,738,F,SCRM,A,367,210.0,28.44,1260,4.5,BSL075,190.61,202619,N,BS75,202622,23-MAY-26 00:00:00,,,,R,SCRM,210.0,BSL075,HR,12-MAY-26 08:00:07
4000538860,3,1,738,738,F,SCRM,C,367,279.0,84.91,1285,4.0,BSL013,203.13,202620,N,BS13,202622,20-MAY-26 00:00:00,,,,B,SCRM,279.0,BSL013,HR,12-MAY-26 08:00:07
4000538860,4,1,738,738,F,SCRM,C,367,279.0,0.0,1285,4.0,BSL013,291.99,202620,N,BS13,202622,20-MAY-26 00:00:00,,,,B,SCRM,279.0,BSL013,HR,12-MAY-26 08:00:07
4000538860,8,1,738,738,F,SCRM,L,367,248.0,0.0,1300,2.0,THO066,254.36,202620,N,HO66,202622,21-MAY-26 00:00:00,,,,R,SCRM,248.0,THO066,HR,12-MAY-26 08:00:07
4000538860,16,1,738,738,F,SCRM,L,367,248.0,230.63,1300,2.0,T01576,17.37,202620,N,HG02,202622,26-MAY-26 00:00:00,,,,R,SCRM,248.0,T01576,HR,12-MAY-26 08:00:07
9519682389,5,1,738,738,O,HR_DOM,L,367,288.0,0.0,1320,2.5,T01576,298.37,202621,N,HG02,202622,27-MAY-26 00:00:00,,,,G,HR_DOM,288.0,T01576,HR,12-MAY-26 08:00:07
9519726854,1,1,738,742,O,ACRM CRCA CRS,L,C01,57.98,28.49,1270,2.0,T01320,66.7,202620,N,SH08,202626,03-JUN-26 00:00:00,,, ,I,ACRM CRCA CRS,57.98,T01320,HR,12-MAY-26 08:00:07
9519727006,1,1,738,738,B,HR_DOM,L,367,34.0,0.0,1500,5.0,THD005,34.87,202623,N,HD05,202625,10-JUN-26 00:00:00,,, ,I,HR_DOM,34.0,THD005,HR,12-MAY-26 08:00:07
9519727006,2,1,738,738,B,HR_DOM,L,367,34.0,0.0,1500,4.0,THD005,34.87,202623,N,HD05,202625,10-JUN-26 00:00:00,,, ,I,HR_DOM,34.0,THD005,HR,12-MAY-26 08:00:07
9519709785,13,1,738,742,O,ACRM CRCA TLL,S,C01,203.0,0.0,1265,2.5,BSL074,233.45,202618,N,BS74,202623,21-MAY-26 00:00:00,,, ,B,ACRM CRCA TLL,203.0,BSL074,HR,12-MAY-26 08:00:07
9519706254,1,1,738,742,O,ACRM CRCA CRS,L,C01,58.0,28.51,1250,2.5,T01320,66.7,202619,N,SH08,202623,24-MAY-26 00:00:00,,, ,R,ACRM CRCA CRS,58.0,T01320,HR,12-MAY-26 08:00:07
4000537294,1,1,738,738,F,TUBE,L,727,96.0,0.0,385,2.25,T01576,101.49,202619,N,HG02,202622,03-JUN-26 00:00:00,,,,B,TUBE,96.0,T01576,HR,12-MAY-26 08:00:07
9519699619,3,1,738,742,O,ACRM CRCA CRS,L,C01,280.0,252.3,1235,2.8,TSH067,322.0,202619,N,SH67,202623,22-MAY-26 00:00:00,,, ,R,ACRM CRCA CRS,280.0,TSH067,HR,12-MAY-26 08:00:07
9519699619,4,1,738,742,O,ACRM CRCA CRS,L,C01,112.0,115.5,1235,2.8,TSH067,128.8,202616,N,SH67,202620,16-MAY-26 00:00:00,,,,B,ACRM CRCA CRS,112.0,TSH067,HR,12-MAY-26 08:00:07
9519711786,8,1,738,738,O,HR_DOM,B,367,68.0,0.0,1500,10.0,I17480,69.74,202623,N,SH35,202625,03-JUN-26 00:00:00,,, ,I,HR_DOM,68.0,I17480,HR,12-MAY-26 08:00:07
9519725375,1,1,738,738,B,HR_DOM,L,367,64.0,25.09,1340,5.0,I09508,40.31,202620,N,HG22,202621,24-MAY-26 00:00:00,,,,R,HR_DOM,64.0,I09508,HR,12-MAY-26 08:00:07
9519725375,2,1,738,738,B,HR_DOM,A,367,93.0,53.15,1280,6.0,TIP006,41.28,202620,N,HG42,202621,14-MAY-26 00:00:00,,,,R,HR_DOM,93.0,TIP006,HR,12-MAY-26 08:00:07
4000538894,2,1,738,738,F,KCRM,L,367,120.0,0.0,1265,2.2,BSL011,123.08,202618,N,BS11,202620,18-MAY-26 00:00:00,,,,B,KCRM,120.0,BSL011,HR,12-MAY-26 08:00:07
4000538894,3,1,738,738,F,KCRM,L,367,120.0,0.0,1265,2.5,BSL011,123.08,202618,N,BS11,202620,18-MAY-26 00:00:00,,,,B,KCRM,120.0,BSL011,HR,12-MAY-26 08:00:07
4000538894,4,1,738,738,F,KCRM,L,367,120.0,0.0,1265,2.8,BSL011,123.08,202618,N,BS11,202620,18-MAY-26 00:00:00,,,,B,KCRM,120.0,BSL011,HR,12-MAY-26 08:00:07
4000538894,5,1,738,738,F,KCRM,L,367,120.0,0.0,1265,4.6,BSL011,123.08,202618,N,BS11,202620,18-MAY-26 00:00:00,,,,B,KCRM,120.0,BSL011,HR,12-MAY-26 08:00:07
4000538894,6,1,738,738,F,KCRM,L,367,120.0,0.0,1265,5.0,BSL011,123.08,202619,N,BS11,202621,20-MAY-26 00:00:00,,,,B,KCRM,120.0,BSL011,HR,12-MAY-26 08:00:07
4000538895,2,1,738,738,F,KCRM,L,367,300.0,23.67,1265,2.5,S02016,286.28,202621,N,SH57,202623,02-JUN-26 00:00:00,,,,G,KCRM,300.0,S02016,HR,12-MAY-26 08:00:07
4000538895,3,1,738,738,F,KCRM,L,367,120.0,70.64,1265,2.5,S02016,75.66,202622,N,SH57,202624,08-JUN-26 00:00:00,,,,I,KCRM,120.0,S02016,HR,12-MAY-26 08:00:07
9519682034,1,1,738,742,O,HR_DOM,,768,203.0,0.0,0,0.0, ,0.0,202619,N,,202622,21-MAY-26 00:00:00,,,,R,HR_DOM,203.0,,HR,12-MAY-26 08:00:07
9519682389,3,1,738,738,O,HR_DOM,L,367,288.0,0.0,1320,2.5,T01576,298.37,202621,N,HG02,202622,26-MAY-26 00:00:00,,,,G,HR_DOM,288.0,T01576,HR,12-MAY-26 08:00:07
9519682389,1,1,738,738,O,HR_DOM,L,367,288.0,0.0,1320,2.5,T01576,298.37,202621,N,HG02,202622,26-MAY-26 00:00:00,,,,G,HR_DOM,288.0,T01576,HR,12-MAY-26 08:00:07
9519682389,4,1,738,738,O,HR_DOM,L,367,288.0,0.0,1320,2.5,T01576,298.37,202621,N,HG02,202622,27-MAY-26 00:00:00,,,,G,HR_DOM,288.0,T01576,HR,12-MAY-26 08:00:07
9519682389,6,1,738,738,O,HR_DOM,L,367,288.0,0.0,1320,2.5,T01576,298.37,202621,N,HG02,202622,27-MAY-26 00:00:00,,,,G,HR_DOM,288.0,T01576,HR,12-MAY-26 08:00:07
9519682389,9,1,738,738,O,HR_DOM,L,367,192.0,0.0,1320,2.5,T01576,198.91,202621,N,HG02,202622,31-MAY-26 00:00:00,,,,G,HR_DOM,192.0,T01576,HR,12-MAY-26 08:00:07
9519682389,7,1,738,738,O,HR_DOM,L,367,288.0,0.0,1320,2.5,T01576,298.37,202621,N,HG02,202622,27-MAY-26 00:00:00,,,,G,HR_DOM,288.0,T01576,HR,12-MAY-26 08:00:07
9519682389,8,1,738,738,O,HR_DOM,L,367,288.0,0.0,1320,2.5,T01576,298.37,202621,N,HG02,202622,30-MAY-26 00:00:00,,,,G,HR_DOM,288.0,T01576,HR,12-MAY-26 08:00:07
9519682389,42,1,738,738,O,HR_DOM,L,367,300.0,0.0,1250,2.0,TIP001,307.69,202621,N,HG34,202622,26-MAY-26 00:00:00,,,,G,HR_DOM,300.0,TIP001,HR,12-MAY-26 08:00:07
9519682389,36,1,738,738,O,HR_DOM,L,367,60.0,27.21,1250,5.5,I09508,29.17,202621,N,HG22,202622,14-MAY-26 00:00:00,,,,G,HR_DOM,60.0,I09508,HR,12-MAY-26 08:00:07
9519682389,38,1,738,738,O,HR_DOM,L,367,300.0,0.0,1250,1.8,TIP001,307.69,202621,N,HG34,202622,26-MAY-26 00:00:00,,,,G,HR_DOM,300.0,TIP001,HR,12-MAY-26 08:00:07
9519682389,39,1,738,738,O,HR_DOM,L,367,210.0,0.0,1250,1.8,TIP001,215.39,202621,N,HG34,202622,27-MAY-26 00:00:00,,,,G,HR_DOM,210.0,TIP001,HR,12-MAY-26 08:00:07
9519682389,40,1,738,738,O,HR_DOM,L,367,300.0,0.0,1250,2.0,TIP001,307.69,202621,N,HG34,202622,26-MAY-26 00:00:00,,,,G,HR_DOM,300.0,TIP001,HR,12-MAY-26 08:00:07
9519682389,41,1,738,738,O,HR_DOM,L,367,300.0,0.0,1250,2.0,TIP001,307.69,202621,N,HG34,202622,26-MAY-26 00:00:00,,,,G,HR_DOM,300.0,TIP001,HR,12-MAY-26 08:00:07
9519713812,7,1,738,738,O,HR_DOM,L,367,120.0,0.0,1250,2.5,I09497,124.32,202622,N,HG01,202624,28-MAY-26 00:00:00,,, ,I,HR_DOM,120.0,I09497,HR,12-MAY-26 08:00:07
9519713812,8,1,738,738,O,HR_DOM,L,367,60.0,28.06,1250,2.5,TIP001,32.76,202623,N,HG34,202625,27-MAY-26 00:00:00,,, ,I,HR_DOM,60.0,TIP001,HR,12-MAY-26 08:00:07
9519713812,9,1,738,738,O,HR_DOM,L,367,60.0,0.0,1250,2.8,TIP001,61.54,202622,N,HG34,202624,30-MAY-26 00:00:00,,, ,I,HR_DOM,60.0,TIP001,HR,12-MAY-26 08:00:07
9519713812,10,1,738,738,O,HR_DOM,L,367,60.0,57.3,1250,2.9,I09497,0.0,202622,N,HG01,202624,06-JUN-26 00:00:00,,, ,I,HR_DOM,60.0,I09497,HR,12-MAY-26 08:00:07
9519713812,11,1,738,738,O,HR_DOM,L,367,30.0,0.0,1250,2.9,TIP001,30.77,202623,N,HG34,202625,27-MAY-26 00:00:00,,, ,I,HR_DOM,30.0,TIP001,HR,12-MAY-26 08:00:07
9519713812,12,1,738,738,O,HR_DOM,L,367,60.0,46.12,1250,3.0,I09497,14.38,202622,N,HG01,202624,25-MAY-26 00:00:00,,, ,I,HR_DOM,60.0,I09497,HR,12-MAY-26 08:00:07
9519713812,13,1,738,738,O,HR_DOM,L,367,60.0,42.89,1250,3.15,I09497,17.73,202622,N,HG01,202624,25-MAY-26 00:00:00,,, ,I,HR_DOM,60.0,I09497,HR,12-MAY-26 08:00:07
9519713892,2,1,738,738,O,HR_DOM,L,367,68.0,54.7,1500,2.5,I09497,13.78,202623,N,HG01,202625,09-JUN-26 00:00:00,,, ,I,HR_DOM,68.0,I09497,HR,12-MAY-26 08:00:07
9519713892,6,1,738,738,O,HR_DOM,A,367,136.0,0.0,1500,3.0,TIP006,140.9,202622,N,HG42,202624,03-JUN-26 00:00:00,,, ,I,HR_DOM,136.0,TIP006,HR,12-MAY-26 08:00:07
9519713892,7,1,738,738,O,HR_DOM,L,367,60.0,55.5,1250,3.2,I09497,0.0,202622,N,HG01,202624,25-MAY-26 00:00:00,,, ,I,HR_DOM,60.0,I09497,HR,12-MAY-26 08:00:07
9519713892,12,1,738,738,O,HR_DOM,A,367,34.0,0.0,1500,4.0,TIP006,35.22,202622,N,HG42,202624,30-MAY-26 00:00:00,,, ,I,HR_DOM,34.0,TIP006,HR,12-MAY-26 08:00:07
4000538895,4,1,738,738,F,KCRM,L,367,300.0,23.55,1265,2.8,S02016,286.4,202622,N,SH57,202624,06-JUN-26 00:00:00,,,,I,KCRM,300.0,S02016,HR,12-MAY-26 08:00:07
4000538895,7,1,738,738,F,KCRM,L,367,300.0,0.0,1265,3.2,S02016,310.8,202621,N,SH57,202623,01-JUN-26 00:00:00,,, ,G,KCRM,300.0,S02016,HR,12-MAY-26 08:00:07
4000538895,6,1,738,738,F,KCRM,L,367,300.0,121.61,1265,3.2,S02016,184.81,202620,N,SH57,202622,25-MAY-26 00:00:00,,, ,R,KCRM,300.0,S02016,HR,12-MAY-26 08:00:07
4000538895,1,1,738,738,F,KCRM,L,367,210.0,0.0,1265,2.2,S02016,217.56,202619,N,SH57,202621,19-MAY-26 00:00:00,,,,B,KCRM,210.0,S02016,HR,12-MAY-26 08:00:07
4000538895,5,1,738,738,F,KCRM,L,367,210.0,0.0,1265,2.8,S02016,217.56,202622,N,SH57,202624,06-JUN-26 00:00:00,,, ,I,KCRM,210.0,S02016,HR,12-MAY-26 08:00:07
4000538895,8,1,738,738,F,KCRM,L,367,300.0,23.78,1265,3.6,S02016,286.16,202622,N,SH57,202624,06-JUN-26 00:00:00,,, ,I,KCRM,300.0,S02016,HR,12-MAY-26 08:00:07
4000538895,9,1,738,738,F,KCRM,L,367,210.0,0.0,1265,4.6,S02016,217.56,202620,N,SH57,202622,25-MAY-26 00:00:00,,, ,R,KCRM,210.0,S02016,HR,12-MAY-26 08:00:07
9519716161,9,1,738,742,O,ACRM CRCA SPM,L,C01,58.0,0.0,1250,3.2,T01320,66.7,202619,N,SH08,202623,26-MAY-26 00:00:00,,, ,R,ACRM CRCA SPM,58.0,T01320,HR,12-MAY-26 08:00:07
9519644612,2,1,738,742,O,ACRM HRPO,L,768,58.0,18.88,1250,3.5,THA058,66.7,202620,N,HA58,202622,25-MAY-26 00:00:00,,,,R,ACRM HRPO,58.0,THA058,HR,12-MAY-26 08:00:07
9519644612,3,1,738,742,O,ACRM HRPO,L,768,58.0,24.82,1250,4.0,THA058,66.7,202620,N,HA58,202622,29-MAY-26 00:00:00,,,,Y,ACRM HRPO,58.0,THA058,HR,12-MAY-26 08:00:07
9519644793,1,1,738,742,O,ACRM HRPO,L,768,290.0,150.52,1250,2.0,THA058,333.5,202620,N,HA58,202622,28-MAY-26 00:00:00,,,,R,ACRM HRPO,290.0,THA058,HR,12-MAY-26 08:00:07
9519644793,2,1,738,742,O,ACRM HRPO,L,768,116.0,39.5,1250,2.3,THA058,133.4,202620,N,HA58,202622,24-MAY-26 00:00:00,,,,R,ACRM HRPO,116.0,THA058,HR,12-MAY-26 08:00:07
9519644793,3,1,738,742,O,ACRM HRPO,L,768,290.0,263.3,1250,2.5,THA058,333.5,202620,N,HA58,202622,25-MAY-26 00:00:00,,,,R,ACRM HRPO,290.0,THA058,HR,12-MAY-26 08:00:07
9519644793,4,1,738,742,O,ACRM HRPO,L,768,58.0,39.78,1250,2.9,THA058,66.7,202620,N,HA58,202622,29-MAY-26 00:00:00,,,,Y,ACRM HRPO,58.0,THA058,HR,12-MAY-26 08:00:07
9519644793,5,1,738,742,O,ACRM HRPO,L,768,174.0,165.54,1250,3.0,THA058,200.1,202620,N,HA58,202622,25-MAY-26 00:00:00,,,,R,ACRM HRPO,174.0,THA058,HR,12-MAY-26 08:00:07
9519682389,43,1,738,738,O,HR_DOM,L,367,120.0,0.0,1250,2.0,TIP001,123.08,202621,N,HG34,202622,31-MAY-26 00:00:00,,,,G,HR_DOM,120.0,TIP001,HR,12-MAY-26 08:00:07
9519682389,47,1,738,738,O,HR_DOM,L,367,210.0,0.0,1250,2.5,TIP001,215.39,202621,N,HG34,202622,27-MAY-26 00:00:00,,,,G,HR_DOM,210.0,TIP001,HR,12-MAY-26 08:00:07
9519682389,44,1,738,738,O,HR_DOM,L,367,150.0,0.0,1250,2.2,TIP001,153.85,202621,N,HG34,202622,31-MAY-26 00:00:00,,,,G,HR_DOM,150.0,TIP001,HR,12-MAY-26 08:00:07
9519682389,45,1,738,738,O,HR_DOM,L,367,120.0,0.0,1250,2.3,TIP001,123.08,202621,N,HG34,202622,31-MAY-26 00:00:00,,,,G,HR_DOM,120.0,TIP001,HR,12-MAY-26 08:00:07
9519682389,46,1,738,738,O,HR_DOM,L,367,300.0,0.0,1250,2.5,TIP001,307.69,202621,N,HG34,202622,26-MAY-26 00:00:00,,,,G,HR_DOM,300.0,TIP001,HR,12-MAY-26 08:00:07
9519682389,48,1,738,738,O,HR_DOM,L,367,30.0,0.0,1250,2.6,TIP001,30.77,202621,N,HG34,202622,31-MAY-26 00:00:00,,,,G,HR_DOM,30.0,TIP001,HR,12-MAY-26 08:00:07
9519682389,49,1,738,738,O,HR_DOM,L,367,120.0,0.0,1250,2.8,TIP001,123.08,202621,N,HG34,202622,31-MAY-26 00:00:00,,,,G,HR_DOM,120.0,TIP001,HR,12-MAY-26 08:00:07
9519682389,50,1,738,738,O,HR_DOM,L,367,120.0,0.0,1250,2.9,TIP001,123.08,202621,N,HG34,202622,31-MAY-26 00:00:00,,,,G,HR_DOM,120.0,TIP001,HR,12-MAY-26 08:00:07
9519682389,51,1,738,738,O,HR_DOM,L,367,300.0,0.0,1250,3.0,TIP001,307.69,202622,N,HG34,202623,27-MAY-26 00:00:00,,,,I,HR_DOM,300.0,TIP001,HR,12-MAY-26 08:00:07
9519682389,52,1,738,738,O,HR_DOM,L,367,120.0,0.0,1250,3.2,TIP001,123.08,202621,N,HG34,202622,31-MAY-26 00:00:00,,,,G,HR_DOM,120.0,TIP001,HR,12-MAY-26 08:00:07
9519682389,53,1,738,738,O,HR_DOM,L,367,120.0,0.0,1250,4.0,TIP001,123.08,202622,N,HG34,202623,30-MAY-26 00:00:00,,,,I,HR_DOM,120.0,TIP001,HR,12-MAY-26 08:00:07
9519726034,10,1,738,738,O,HR_DOM,B,367,68.0,0.0,1500,5.0,I17480,69.74,202623,N,SH35,202624,03-JUN-26 00:00:00,,, ,I,HR_DOM,68.0,I17480,HR,12-MAY-26 08:00:07
9519726034,11,1,738,738,O,HR_DOM,B,367,68.0,0.0,1500,6.0,I17480,69.74,202623,N,SH35,202624,03-JUN-26 00:00:00,,, ,I,HR_DOM,68.0,I17480,HR,12-MAY-26 08:00:07
9519706254,3,1,738,742,O,ACRM CRCA CRS,L,C01,51.99,0.0,1135,2.8,T01320,59.8,202620,N,SH08,202625,02-JUN-26 00:00:00,,, ,G,ACRM CRCA CRS,51.99,T01320,HR,12-MAY-26 08:00:07
9519724915,2,1,738,742,F,ACRM CRCA SPM,R,C01,261.0,0.0,1250,3.0,THU086,300.15,202618,N,HU86,202622,21-MAY-26 00:00:00,,, ,B,ACRM CRCA SPM,261.0,THU086,HR,12-MAY-26 08:00:07
9519724915,3,1,738,742,F,ACRM CRCA SPM,R,C01,261.0,0.0,1250,3.0,THU086,300.15,202618,N,HU86,202622,21-MAY-26 00:00:00,,, ,B,ACRM CRCA SPM,261.0,THU086,HR,12-MAY-26 08:00:07
9519724915,4,1,738,742,F,ACRM CRCA SPM,R,C01,261.0,0.0,1250,3.0,THU086,300.15,202621,N,HU86,202625,03-JUN-26 00:00:00,,, ,I,ACRM CRCA SPM,261.0,THU086,HR,12-MAY-26 08:00:07
9519724915,5,1,738,742,F,ACRM CRCA SPM,R,C01,203.0,0.0,1250,3.0,THU086,233.45,202621,N,HU86,202625,03-JUN-26 00:00:00,,, ,I,ACRM CRCA SPM,203.0,THU086,HR,12-MAY-26 08:00:07
9519724915,1,1,738,742,F,ACRM CRCA SPM,R,C01,29.0,0.0,1250,3.0,THU086,33.35,202621,N,HU86,202625,03-JUN-26 00:00:00,,, ,I,ACRM CRCA SPM,29.0,THU086,HR,12-MAY-26 08:00:07
9519725309,1,1,738,738,O,HR_DOM,P,367,30.0,0.0,1250,4.0,BSL086,31.08,202623,N,BS86,202624,02-JUN-26 00:00:00,,, ,I,HR_DOM,30.0,BSL086,HR,12-MAY-26 08:00:07
9519725309,2,1,738,738,O,HR_DOM,P,367,30.0,0.0,1250,6.0,BSL086,31.08,202622,N,BS86,202623,30-MAY-26 00:00:00,,, ,I,HR_DOM,30.0,BSL086,HR,12-MAY-26 08:00:07
4000539492,4,1,738,738,F,SCRM_SPC_SLIT,L,367,204.0,173.03,1500,2.2,T01576,32.09,202621,N,HG02,202622,23-MAY-26 00:00:00,,,,R,SCRM_SPC_SLIT,204.0,T01576,HR,12-MAY-26 08:00:07
4000539492,5,1,738,738,F,SCRM_SPC_SLIT,L,367,170.0,112.91,1500,2.5,T01576,59.15,202621,N,HG02,202622,23-MAY-26 00:00:00,,,,R,SCRM_SPC_SLIT,170.0,T01576,HR,12-MAY-26 08:00:07
4000539492,6,1,738,738,F,SCRM_SPC_SLIT,L,367,149.411,122.86,1500,2.8,T01576,28.44,202621,N,HG02,202623,01-JUN-26 00:00:00,,, ,G,SCRM_SPC_SLIT,149.411,T01576,HR,12-MAY-26 08:00:07
4000539493,2,1,738,738,F,SCRM_SPC_SLIT,L,367,102.0,58.06,1500,2.5,T01576,45.52,202621,N,HG02,202622,23-MAY-26 00:00:00,,,,R,SCRM_SPC_SLIT,102.0,T01576,HR,12-MAY-26 08:00:07
4000539493,3,1,738,738,F,SCRM_SPC_SLIT,L,367,170.0,142.7,1500,2.8,T01576,28.28,202621,N,HG02,202622,02-JUN-26 00:00:00,,,,R,SCRM_SPC_SLIT,170.0,T01576,HR,12-MAY-26 08:00:07
4000538854,1,1,738,738,F,SCRM,L,367,210.0,142.62,1265,2.0,BSL011,69.11,202619,N,BS11,202621,20-MAY-26 00:00:00,,,,B,SCRM,210.0,BSL011,HR,12-MAY-26 08:00:07
4000538854,2,1,738,738,F,SCRM,L,367,210.0,0.0,1265,2.0,BSL011,215.39,202620,N,BS11,202622,25-MAY-26 00:00:00,,,,R,SCRM,210.0,BSL011,HR,12-MAY-26 08:00:07
4000538854,3,1,738,738,F,SCRM,L,367,180.0,0.0,1265,2.0,BSL011,184.62,202620,N,BS11,202622,26-MAY-26 00:00:00,,,,R,SCRM,180.0,BSL011,HR,12-MAY-26 08:00:07
4000538854,4,1,738,738,F,SCRM,L,367,210.0,0.0,1265,2.0,BSL011,215.39,202621,N,BS11,202623,02-JUN-26 00:00:00,,,,G,SCRM,210.0,BSL011,HR,12-MAY-26 08:00:07
9519738375,1,1,738,738,O,HR_DOM,B,367,34.0,0.0,1500,6.0,I17480,31.9,202620,N,SH35,202621,20-MAY-26 00:00:00,,,,B,HR_DOM,34.0,I17480,HR,12-MAY-26 08:00:07
9519738370,1,1,738,738,O,HR_DOM,A,367,34.0,0.0,1500,3.0,TIP006,35.22,202619,N,HG42,202621,20-MAY-26 00:00:00,,,,B,HR_DOM,34.0,TIP006,HR,12-MAY-26 08:00:07
4000538861,1,1,738,738,F,SCRM,L,367,240.0,0.0,1270,1.8,T01576,248.64,202621,N,HG02,202623,28-MAY-26 00:00:00,,,,G,SCRM,240.0,T01576,HR,12-MAY-26 08:00:07
4000538952,9,1,738,738,F,KCRM,L,367,270.0,99.45,1250,2.0,TTU093,174.92,202622,N,TU93,202624,07-JUN-26 00:00:00,,, ,I,KCRM,270.0,TTU093,HR,12-MAY-26 08:00:07
4000538952,6,1,738,738,F,KCRM,L,367,120.0,0.0,1260,2.0,T01310,123.08,202620,N,SF57,202622,26-MAY-26 00:00:00,,,,R,KCRM,120.0,T01310,HR,12-MAY-26 08:00:07
4000538952,4,1,738,738,F,KCRM,L,367,300.0,0.0,1260,2.0,T01310,307.69,202621,N,SF57,202623,02-JUN-26 00:00:00,,, ,G,KCRM,300.0,T01310,HR,12-MAY-26 08:00:07
4000538952,5,1,738,738,F,KCRM,L,367,300.0,0.0,1260,2.0,T01310,307.69,202620,N,SF57,202622,24-MAY-26 00:00:00,,,,R,KCRM,300.0,T01310,HR,12-MAY-26 08:00:07
4000538952,8,1,738,738,F,KCRM,R,367,203.0,0.0,1200,3.2,BSL056,210.31,202622,N,BS56,202624,06-JUN-26 00:00:00,,, ,I,KCRM,203.0,BSL056,HR,12-MAY-26 08:00:07
9519726150,1,1,738,738,B,HR_DOM,A,367,170.0,99.86,1430,6.35,BSL089,71.94,202620,N,BS89,202621,14-MAY-26 00:00:00,,,,R,HR_DOM,170.0,BSL089,HR,12-MAY-26 08:00:07
9519726150,2,1,738,738,B,HR_DOM,A,367,34.0,0.0,1540,7.6,BSL089,31.91,202620,N,BS89,202621,14-MAY-26 00:00:00,,,,R,HR_DOM,34.0,BSL089,HR,12-MAY-26 08:00:07
9519726150,3,1,738,738,B,HR_DOM,A,367,155.0,55.71,1280,9.6,CPD002,103.92,202620,N,CP02,202621,14-MAY-26 00:00:00,,,,R,HR_DOM,155.0,CPD002,HR,12-MAY-26 08:00:07
9519687938,21,1,738,742,O,ACRM CRCA SPM,L,C01,58.0,0.0,1250,3.2,T01320,66.7,202621,N,SH08,202625,03-JUN-26 00:00:00,,, ,I,ACRM CRCA SPM,58.0,T01320,HR,12-MAY-26 08:00:07
9519687938,22,1,738,742,O,ACRM CRCA SPM,L,C01,60.0,0.0,1330,3.2,T01320,69.0,202621,N,SH08,202625,03-JUN-26 00:00:00,,, ,I,ACRM CRCA SPM,60.0,T01320,HR,12-MAY-26 08:00:07
9519687938,10,1,738,742,O,ACRM CRCA CRS,L,C01,87.0,0.0,1250,2.5,T01320,100.05,202621,N,SH08,202625,03-JUN-26 00:00:00,,, ,I,ACRM CRCA CRS,87.0,T01320,HR,12-MAY-26 08:00:07
9519687938,12,1,738,742,O,ACRM CRCA SPM,L,C01,58.0,28.59,1250,2.8,T01320,66.7,202621,N,SH08,202625,03-JUN-26 00:00:00,,, ,I,ACRM CRCA SPM,58.0,T01320,HR,12-MAY-26 08:00:07
9519725414,1,1,738,738,B,HR_DOM,L,367,35.0,0.0,1450,3.0,TIP001,30.67,202618,N,HG34,202620,14-MAY-26 00:00:00,,,,B,HR_DOM,35.0,TIP001,HR,12-MAY-26 08:00:07
9519725414,2,1,738,738,B,HR_DOM,L,367,35.0,0.0,1450,3.0,TIP001,35.9,202623,N,HG34,202625,10-JUN-26 00:00:00,,, ,I,HR_DOM,35.0,TIP001,HR,12-MAY-26 08:00:07
9519703638,1,1,738,742,O,ACRM CRCA SPM,L,C01,232.0,0.0,1250,3.2,T01320,266.8,202619,N,SH08,202624,26-MAY-26 00:00:00,,, ,R,ACRM CRCA SPM,232.0,T01320,HR,12-MAY-26 08:00:07
9519677058,1,1,738,738,O,HR_DOM,A,367,272.0,0.0,1500,4.0,TIP006,281.79,202619,N,HG42,202620,19-MAY-26 00:00:00,,,,B,HR_DOM,272.0,TIP006,HR,12-MAY-26 08:00:07
9519677058,2,1,738,738,O,HR_DOM,A,367,170.0,0.0,1500,6.0,TIP006,176.12,202621,N,HG42,202622,31-MAY-26 00:00:00,,, ,G,HR_DOM,170.0,TIP006,HR,12-MAY-26 08:00:07
9519677058,3,1,738,738,O,HR_DOM,A,367,170.0,55.74,1500,8.0,THG038,117.19,202621,N,HG38,202622,31-MAY-26 00:00:00,,, ,G,HR_DOM,170.0,THG038,HR,12-MAY-26 08:00:07
9519688247,2,1,738,738,O,HR_DOM,L,367,272.0,31.7,1500,3.0,TIP001,246.46,202619,N,HG34,202621,18-MAY-26 00:00:00,,, ,B,HR_DOM,272.0,TIP001,HR,12-MAY-26 08:00:07
4000539029,6,1,738,738,F,SCRM_SPC_SLIT,L,367,272.0,0.0,1550,2.0,T01576,281.79,202620,N,HG02,202622,25-MAY-26 00:00:00,,,,R,SCRM_SPC_SLIT,272.0,T01576,HR,12-MAY-26 08:00:07
4000539029,7,1,738,738,F,SCRM_SPC_SLIT,L,367,272.0,0.0,1550,2.2,T01576,281.79,202620,N,HG02,202622,22-MAY-26 00:00:00,,,,R,SCRM_SPC_SLIT,272.0,T01576,HR,12-MAY-26 08:00:07
4000539029,8,1,738,738,F,SCRM_SPC_SLIT,L,367,272.0,0.0,1550,2.2,T01576,281.79,202618,N,HG02,202620,17-MAY-26 00:00:00,,,,B,SCRM_SPC_SLIT,272.0,T01576,HR,12-MAY-26 08:00:07
4000539029,17,1,738,738,F,SCRM_SPC_SLIT,L,367,272.0,0.0,1550,2.5,T01576,281.79,202619,N,HG02,202621,20-MAY-26 00:00:00,,,,B,SCRM_SPC_SLIT,272.0,T01576,HR,12-MAY-26 08:00:07
4000539029,18,1,738,738,F,SCRM_SPC_SLIT,L,367,272.0,0.0,1550,2.5,T01576,281.79,202620,N,HG02,202622,25-MAY-26 00:00:00,,,,R,SCRM_SPC_SLIT,272.0,T01576,HR,12-MAY-26 08:00:07
4000539029,19,1,738,738,F,SCRM_SPC_SLIT,L,367,204.0,0.0,1550,2.8,T01576,211.34,202619,N,HG02,202621,20-MAY-26 00:00:00,,,,B,SCRM_SPC_SLIT,204.0,T01576,HR,12-MAY-26 08:00:07
9519623504,2,1,738,738,O,HR_DOM,L,367,90.0,0.0,1250,2.0,TIP001,92.31,202622,N,HG34,202624,03-JUN-26 00:00:00,,,,I,HR_DOM,90.0,TIP001,HR,12-MAY-26 08:00:07
9519707307,3,1,738,738,O,HR_DOM,A,367,34.0,0.0,1500,5.0,TIP006,35.22,202618,N,HG42,202620,18-MAY-26 00:00:00,,,,B,HR_DOM,34.0,TIP006,HR,12-MAY-26 08:00:07
9519707307,4,1,738,738,O,HR_DOM,A,367,34.0,0.0,1500,5.0,TIP006,35.22,202618,N,HG42,202620,18-MAY-26 00:00:00,,,,B,HR_DOM,34.0,TIP006,HR,12-MAY-26 08:00:07
9519707307,5,1,738,738,O,HR_DOM,A,367,34.0,0.0,1500,5.0,TIP006,35.22,202618,N,HG42,202620,18-MAY-26 00:00:00,,,,B,HR_DOM,34.0,TIP006,HR,12-MAY-26 08:00:07
9519707307,6,1,738,738,O,HR_DOM,A,367,34.0,0.0,1500,5.0,TIP006,35.22,202618,N,HG42,202620,18-MAY-26 00:00:00,,,,B,HR_DOM,34.0,TIP006,HR,12-MAY-26 08:00:07
9519707307,7,1,738,738,O,HR_DOM,A,367,34.0,0.0,1500,5.0,TIP006,35.22,202618,N,HG42,202620,18-MAY-26 00:00:00,,,,B,HR_DOM,34.0,TIP006,HR,12-MAY-26 08:00:07
9519707307,8,1,738,738,O,HR_DOM,A,367,34.0,0.0,1500,6.0,TIP006,35.22,202618,N,HG42,202620,18-MAY-26 00:00:00,,,,B,HR_DOM,34.0,TIP006,HR,12-MAY-26 08:00:07
4000538854,5,1,738,738,F,SCRM,L,367,210.0,0.0,1265,2.5,BSL011,215.39,202620,N,BS11,202622,25-MAY-26 00:00:00,,,,R,SCRM,210.0,BSL011,HR,12-MAY-26 08:00:07
4000538860,10,1,738,738,F,SCRM,L,367,128.0,0.0,1330,2.5,THO066,131.28,202622,N,HO66,202624,31-MAY-26 00:00:00,,, ,I,SCRM,128.0,THO066,HR,12-MAY-26 08:00:07
4000538860,1,1,738,738,F,SCRM,C,367,279.0,0.0,1285,4.0,BSL013,291.99,202622,N,BS13,202624,02-JUN-26 00:00:00,,,,G,SCRM,279.0,BSL013,HR,12-MAY-26 08:00:07
4000539030,9,1,738,738,F,SCRM,L,367,270.0,171.41,1235,2.0,T01576,102.17,202620,N,HG02,202622,26-MAY-26 00:00:00,,,,R,SCRM,270.0,T01576,HR,12-MAY-26 08:00:07
4000539030,10,1,738,738,F,SCRM,L,367,270.0,165.78,1235,2.0,T01576,107.97,202620,N,HG02,202622,26-MAY-26 00:00:00,,,,R,SCRM,270.0,T01576,HR,12-MAY-26 08:00:07
4000539030,11,1,738,738,F,SCRM,L,367,270.0,134.14,1235,2.0,T01576,140.75,202620,N,HG02,202622,26-MAY-26 00:00:00,,,,R,SCRM,270.0,T01576,HR,12-MAY-26 08:00:07
4000539030,12,1,738,738,F,SCRM,L,367,270.0,175.36,1235,2.0,T01576,98.22,202620,N,HG02,202622,26-MAY-26 00:00:00,,,,R,SCRM,270.0,T01576,HR,12-MAY-26 08:00:07
4000535777,2,1,738,738,F,HR_DOM,A,367,102.0,29.65,1530,9.6,THB029,75.72,202622,N,HB29,202623,27-MAY-26 00:00:00,,, ,R,HR_DOM,102.0,THB029,HR,12-MAY-26 08:00:07
4000539027,18,1,738,738,F,SCRM_SPC_SLIT,L,367,272.0,0.0,1550,2.8,T01576,281.79,202621,N,HG02,202623,01-JUN-26 00:00:00,,,,G,SCRM_SPC_SLIT,272.0,T01576,HR,12-MAY-26 08:00:07
4000539027,21,1,738,738,F,SCRM_SPC_SLIT,L,367,272.0,0.0,1550,3.2,T01576,281.79,202620,N,HG02,202622,22-MAY-26 00:00:00,,,,R,SCRM_SPC_SLIT,272.0,T01576,HR,12-MAY-26 08:00:07
9519726411,1,1,738,738,O,HR_DOM,A,367,30.0,24.48,1250,6.0,TIP006,0.0,202622,N,HG42,202624,06-JUN-26 00:00:00,,, ,I,HR_DOM,30.0,TIP006,HR,12-MAY-26 08:00:07
9519730124,1,1,738,738,O,HR_DOM,A,367,60.0,26.75,1250,5.8,THA036,34.1,202623,N,HA36,202625,03-JUN-26 00:00:00,,,,I,HR_DOM,60.0,THA036,HR,12-MAY-26 08:00:07
4000539056,1,1,738,738,F,HR_DOM,C,367,30.0,0.0,1230,3.2,THB046,36.2,202622,N,HB46,202623,31-MAY-26 00:00:00,,,,G,HR_DOM,30.0,THB046,HR,12-MAY-26 08:00:07
4000539143,1,1,738,738,T,HR_DOM,A,367,90.0,0.0,1250,5.0,TSM011,92.31,202629,N,TM11,202631,09-JUN-26 00:00:00,,,,I,HR_DOM,90.0,TSM011,HR,12-MAY-26 08:00:07
4000539143,2,1,738,738,T,HR_DOM,A,367,210.0,0.0,1250,5.5,TSM011,215.39,202629,N,TM11,202631,09-JUN-26 00:00:00,,,,I,HR_DOM,210.0,TSM011,HR,12-MAY-26 08:00:07
4000539143,3,1,738,738,T,HR_DOM,A,367,120.0,0.0,1250,6.0,TSM011,123.08,202629,N,TM11,202631,09-JUN-26 00:00:00,,,,I,HR_DOM,120.0,TSM011,HR,12-MAY-26 08:00:07
9519629148,7,1,738,738,O,HR_DOM,L,367,30.0,0.0,1250,1.6,I09497,31.08,202622,N,HG01,202624,25-MAY-26 00:00:00,,,,I,HR_DOM,30.0,I09497,HR,12-MAY-26 08:00:07
9519719245,7,1,738,738,O,HR_DOM,A,367,68.0,0.0,1500,5.0,TIP006,70.45,202622,N,HG42,202624,30-MAY-26 00:00:00,,, ,I,HR_DOM,68.0,TIP006,HR,12-MAY-26 08:00:07
9519719245,3,1,738,738,O,HR_DOM,A,367,68.0,0.0,1500,4.8,I17020,75.81,202622,N,HR05,202624,30-MAY-26 00:00:00,,, ,I,HR_DOM,68.0,I17020,HR,12-MAY-26 08:00:07
9519719245,12,1,738,738,O,HR_DOM,A,367,136.0,0.0,1500,7.8,THG038,139.49,202622,N,HG38,202624,03-JUN-26 00:00:00,,, ,I,HR_DOM,136.0,THG038,HR,12-MAY-26 08:00:07
9519719245,2,1,738,738,O,HR_DOM,L,367,30.0,0.0,1250,4.8,TIP001,30.77,202623,N,HG34,202625,27-MAY-26 00:00:00,,, ,I,HR_DOM,30.0,TIP001,HR,12-MAY-26 08:00:07
9519719982,2,1,738,738,O,HR_DOM,L,367,30.0,0.0,1250,2.01,THB001,30.77,202622,N,HR01,202624,06-JUN-26 00:00:00,,, ,I,HR_DOM,30.0,THB001,HR,12-MAY-26 08:00:07
9519719283,1,1,738,738,O,HR_DOM,P,367,30.0,0.0,1250,3.0,BSL086,31.08,202622,N,BS86,202624,31-MAY-26 00:00:00,,, ,I,HR_DOM,30.0,BSL086,HR,12-MAY-26 08:00:07
4000539029,2,1,738,738,F,SCRM_SPC_SLIT,L,367,272.0,0.0,1550,2.0,T01576,281.79,202618,N,HG02,202620,17-MAY-26 00:00:00,,,,B,SCRM_SPC_SLIT,272.0,T01576,HR,12-MAY-26 08:00:07
4000539029,5,1,738,738,F,SCRM_SPC_SLIT,L,367,272.0,0.0,1550,2.0,T01576,281.79,202619,N,HG02,202621,19-MAY-26 00:00:00,,,,B,SCRM_SPC_SLIT,272.0,T01576,HR,12-MAY-26 08:00:07
4000539029,11,1,738,738,F,SCRM_SPC_SLIT,L,367,272.0,0.0,1550,2.2,T01576,281.79,202619,N,HG02,202621,19-MAY-26 00:00:00,,,,B,SCRM_SPC_SLIT,272.0,T01576,HR,12-MAY-26 08:00:07
4000539029,13,1,738,738,F,SCRM_SPC_SLIT,L,367,204.0,0.0,1550,2.5,T01576,211.34,202618,N,HG02,202620,17-MAY-26 00:00:00,,,,B,SCRM_SPC_SLIT,204.0,T01576,HR,12-MAY-26 08:00:07
4000539029,15,1,738,738,F,SCRM_SPC_SLIT,L,367,272.0,0.0,1550,2.5,T01576,281.79,202619,N,HG02,202621,20-MAY-26 00:00:00,,,,B,SCRM_SPC_SLIT,272.0,T01576,HR,12-MAY-26 08:00:07
4000539029,16,1,738,738,F,SCRM_SPC_SLIT,L,367,272.0,0.0,1550,2.5,T01576,281.79,202619,N,HG02,202621,20-MAY-26 00:00:00,,,,B,SCRM_SPC_SLIT,272.0,T01576,HR,12-MAY-26 08:00:07
4000538860,7,1,738,738,F,SCRM,L,367,210.0,28.61,1250,5.0,T01604,186.04,202622,N,TU23,202624,03-JUN-26 00:00:00,,, ,I,SCRM,210.0,T01604,HR,12-MAY-26 08:00:07
4000538860,9,1,738,738,F,SCRM,L,367,62.0,0.0,1300,2.2,THO066,63.59,202621,N,HO66,202623,01-JUN-26 00:00:00,,,,G,SCRM,62.0,THO066,HR,12-MAY-26 08:00:07
4000538860,11,1,738,738,F,SCRM,L,367,96.0,0.0,1330,2.8,THO066,98.46,202622,N,HO66,202624,31-MAY-26 00:00:00,,, ,I,SCRM,96.0,THO066,HR,12-MAY-26 08:00:07
4000538860,12,1,738,738,F,SCRM,L,367,93.0,0.0,1300,3.0,THO066,95.39,202622,N,HO66,202624,31-MAY-26 00:00:00,,, ,I,SCRM,93.0,THO066,HR,12-MAY-26 08:00:07
4000538860,13,1,738,738,F,SCRM,L,367,160.0,0.0,1330,3.2,THO066,164.1,202622,N,HO66,202624,03-JUN-26 00:00:00,,, ,I,SCRM,160.0,THO066,HR,12-MAY-26 08:00:07
4000538860,14,1,738,738,F,SCRM,L,367,60.0,28.67,1270,1.6,T01576,32.46,202623,N,HG02,202625,10-JUN-26 00:00:00,,,,I,SCRM,60.0,T01576,HR,12-MAY-26 08:00:07
4000538860,17,1,738,738,F,SCRM,L,367,124.0,115.49,1300,2.2,T01576,0.0,202622,N,HG02,202624,24-MAY-26 00:00:00,,, ,I,SCRM,124.0,T01576,HR,12-MAY-26 08:00:07
4000538860,18,1,738,738,F,SCRM,L,367,155.0,115.72,1300,2.5,T01576,100.71,202622,N,HG02,202624,31-MAY-26 00:00:00,,, ,I,SCRM,155.0,T01576,HR,12-MAY-26 08:00:07
4000538860,19,1,738,738,F,SCRM,L,367,186.0,173.96,1300,2.8,T01576,12.04,202622,N,HG02,202624,03-JUN-26 00:00:00,,, ,I,SCRM,186.0,T01576,HR,12-MAY-26 08:00:07
4000538860,20,1,738,738,F,SCRM,L,367,93.0,86.65,1300,3.0,T01576,0.0,202622,N,HG02,202624,24-MAY-26 00:00:00,,, ,I,SCRM,93.0,T01576,HR,12-MAY-26 08:00:07
4000538860,21,1,738,738,F,SCRM,L,367,248.0,138.17,1300,3.2,T01576,115.12,202622,N,HG02,202624,31-MAY-26 00:00:00,,,,I,SCRM,248.0,T01576,HR,12-MAY-26 08:00:07
4000538860,23,1,738,738,F,SCRM,L,367,279.0,170.5,1300,4.0,T01576,112.41,202622,N,HG02,202624,31-MAY-26 00:00:00,,,,I,SCRM,279.0,T01576,HR,12-MAY-26 08:00:07
4000538860,24,1,738,738,F,SCRM,L,367,155.0,0.0,1300,4.0,T01576,160.58,202622,N,HG02,202624,31-MAY-26 00:00:00,,,,I,SCRM,155.0,T01576,HR,12-MAY-26 08:00:07
4000538860,25,1,738,738,F,SCRM,L,367,210.0,82.22,1270,5.0,T01576,132.68,202622,N,HG02,202624,01-JUN-26 00:00:00,,, ,I,SCRM,210.0,T01576,HR,12-MAY-26 08:00:07
4000538581,11,1,738,738,F,KCRM,L,367,300.0,0.0,1235,2.0,T01576,310.8,202622,N,HG02,202624,06-JUN-26 00:00:00,,, ,I,KCRM,300.0,T01576,HR,12-MAY-26 08:00:07
4000538581,12,1,738,738,F,KCRM,L,367,300.0,280.77,1235,2.0,T01576,19.92,202619,N,HG02,202621,20-MAY-26 00:00:00,,,,B,KCRM,300.0,T01576,HR,12-MAY-26 08:00:07
4000538581,5,1,738,738,F,KCRM,L,367,300.0,279.72,1235,2.0,T01576,21.01,202619,N,HG02,202621,20-MAY-26 00:00:00,,,,B,KCRM,300.0,T01576,HR,12-MAY-26 08:00:07
4000539055,1,1,738,738,F,HR_DOM,A,367,32.0,0.0,1500,12.0,I17021,33.84,202619,N,HR08,202620,19-MAY-26 00:00:00,,,,Y,HR_DOM,32.0,I17021,HR,12-MAY-26 08:00:07
9519725010,2,1,738,743,O,ACRM GP#3 WIDER SOFT,L,C02,28.0,20.68,1235,2.25,T01576,32.2,202620,N,HG02,202624,03-JUN-26 00:00:00,,,,I,ACRM GP#3 WIDER SOFT,28.0,T01576,HR,12-MAY-26 08:00:07
9519725010,3,1,738,743,O,ACRM GP#3 WIDER SOFT,L,C02,28.0,20.67,1235,2.25,T01576,32.2,202621,N,HG02,202625,03-JUN-26 00:00:00,,, ,I,ACRM GP#3 WIDER SOFT,28.0,T01576,HR,12-MAY-26 08:00:07
9519725352,1,1,738,738,B,HR_DOM,L,367,68.0,0.0,1650,3.2,TIP001,69.74,202619,N,HG34,202621,22-MAY-26 00:00:00,,,,B,HR_DOM,68.0,TIP001,HR,12-MAY-26 08:00:07
4000538677,1,1,738,738,F,SCRM,L,367,300.0,233.69,1270,4.0,T01113,70.11,202620,N,SE69,202621,20-MAY-26 00:00:00,,,,B,SCRM,300.0,T01113,HR,12-MAY-26 08:00:07
4000539029,22,1,738,738,F,SCRM_SPC_SLIT,L,367,204.0,0.0,1550,3.2,T01576,211.34,202618,N,HG02,202620,17-MAY-26 00:00:00,,,,B,SCRM_SPC_SLIT,204.0,T01576,HR,12-MAY-26 08:00:07
4000539026,7,1,738,738,F,SCRM_SPC_SLIT,L,367,272.0,0.0,1550,2.0,T01576,281.79,202620,N,HG02,202622,25-MAY-26 00:00:00,,,,R,SCRM_SPC_SLIT,272.0,T01576,HR,12-MAY-26 08:00:07
4000539026,8,1,738,738,F,SCRM_SPC_SLIT,L,367,272.0,0.0,1550,2.0,T01576,281.79,202620,N,HG02,202622,25-MAY-26 00:00:00,,,,R,SCRM_SPC_SLIT,272.0,T01576,HR,12-MAY-26 08:00:07
4000539026,9,1,738,738,F,SCRM_SPC_SLIT,L,367,272.0,0.0,1550,2.0,T01576,281.79,202620,N,HG02,202622,22-MAY-26 00:00:00,,,,R,SCRM_SPC_SLIT,272.0,T01576,HR,12-MAY-26 08:00:07
4000539026,12,1,738,738,F,SCRM_SPC_SLIT,L,367,272.0,0.0,1550,2.0,T01576,281.79,202621,N,HG02,202623,01-JUN-26 00:00:00,,,,G,SCRM_SPC_SLIT,272.0,T01576,HR,12-MAY-26 08:00:07
4000539026,13,1,738,738,F,SCRM_SPC_SLIT,L,367,272.0,0.0,1550,2.0,T01576,281.79,202621,N,HG02,202623,01-JUN-26 00:00:00,,,,G,SCRM_SPC_SLIT,272.0,T01576,HR,12-MAY-26 08:00:07
4000539026,14,1,738,738,F,SCRM_SPC_SLIT,L,367,272.0,0.0,1550,2.0,T01576,281.79,202620,N,HG02,202622,25-MAY-26 00:00:00,,,,R,SCRM_SPC_SLIT,272.0,T01576,HR,12-MAY-26 08:00:07
4000539026,15,1,738,738,F,SCRM_SPC_SLIT,L,367,272.0,0.0,1550,2.0,T01576,281.79,202618,N,HG02,202620,18-MAY-26 00:00:00,,,,B,SCRM_SPC_SLIT,272.0,T01576,HR,12-MAY-26 08:00:07
9519717270,1,1,738,742,F,ACRM CRCA SPM,P,C01,29.0,0.0,1250,4.0,TSH070,33.35,202621,N,SH70,202626,02-JUN-26 00:00:00,,, ,I,ACRM CRCA SPM,29.0,TSH070,HR,12-MAY-26 08:00:07
4000539014,1,1,738,738,F,HR_DOM,L,367,96.0,0.0,1540,4.0,THB047,103.64,202620,N,HB47,202621,28-MAY-26 00:00:00,,,,Y,HR_DOM,96.0,THB047,HR,12-MAY-26 08:00:07
4000539014,2,1,738,738,F,HR_DOM,A,367,28.0,0.0,1325,3.5,THA054,31.22,202621,N,HA54,202623,31-MAY-26 00:00:00,,,,G,HR_DOM,28.0,THA054,HR,12-MAY-26 08:00:07
4000539014,3,1,738,738,F,HR_DOM,L,367,32.0,0.0,1540,3.5,THB047,34.55,202620,N,HB47,202621,28-MAY-26 00:00:00,,,,Y,HR_DOM,32.0,THB047,HR,12-MAY-26 08:00:07
4000539014,4,1,738,738,F,HR_DOM,L,367,64.0,0.0,1540,3.7,THB047,69.1,202620,N,HB47,202621,21-MAY-26 00:00:00,,,,R,HR_DOM,64.0,THB047,HR,12-MAY-26 08:00:07
4000539042,1,1,738,738,F,ACRM,L,727,88.0,0.0,1025,2.5,T01069,90.26,202618,N,SH69,202619,18-MAY-26 00:00:00,,,,B,ACRM,88.0,T01069,HR,12-MAY-26 08:00:07
4000538857,1,1,738,738,F,SCRM,L,367,200.0,0.0,1260,2.2,T01604,205.13,202620,N,TU23,202622,22-MAY-26 00:00:00,,,,R,SCRM,200.0,T01604,HR,12-MAY-26 08:00:07
4000538857,2,1,738,738,F,SCRM,L,367,200.0,0.0,1260,2.2,T01604,205.13,202621,N,TU23,202623,27-MAY-26 00:00:00,,,,R,SCRM,200.0,T01604,HR,12-MAY-26 08:00:07
9519679563,2,1,738,738,O,HR_DOM,L,367,90.0,0.0,1250,1.8,I09497,93.24,202621,N,HG01,202622,14-MAY-26 00:00:00,,, ,Y,HR_DOM,90.0,I09497,HR,12-MAY-26 08:00:07
9519722338,4,1,738,738,O,HR_DOM,L,367,60.0,0.0,1250,1.8,TIP001,61.54,202621,N,HG34,202622,23-MAY-26 00:00:00,,, ,R,HR_DOM,60.0,TIP001,HR,12-MAY-26 08:00:07
4000539243,5,1,738,738,F,SCRM,L,367,270.0,0.0,1270,2.2,T01576,279.72,202622,N,HG02,202624,06-JUN-26 00:00:00,,, ,I,SCRM,270.0,T01576,HR,12-MAY-26 08:00:07
4000539243,6,1,738,738,F,SCRM,L,367,270.0,0.0,1270,2.5,T01576,279.72,202622,N,HG02,202624,06-JUN-26 00:00:00,,, ,I,SCRM,270.0,T01576,HR,12-MAY-26 08:00:07
4000539243,7,1,738,738,F,SCRM,L,367,270.0,0.0,1270,2.5,T01576,279.72,202622,N,HG02,202624,06-JUN-26 00:00:00,,, ,I,SCRM,270.0,T01576,HR,12-MAY-26 08:00:07
9519713892,10,1,738,738,O,HR_DOM,L,367,34.0,0.0,1500,3.8,THB001,34.87,202622,N,HR01,202624,06-JUN-26 00:00:00,,, ,I,HR_DOM,34.0,THB001,HR,12-MAY-26 08:00:07
4000538858,2,1,738,738,F,SCRM,S,367,280.0,27.5,1180,2.2,BSL074,258.97,202622,N,BS74,202624,06-JUN-26 00:00:00,,,,I,SCRM,280.0,BSL074,HR,12-MAY-26 08:00:07
9519733673,1,1,738,738,B,HR_DOM,A,367,30.0,24.79,1250,3.0,TIP006,0.0,202621,N,HG42,202622,26-MAY-26 00:00:00,,,,R,HR_DOM,30.0,TIP006,HR,12-MAY-26 08:00:07
9519733673,2,1,738,738,B,HR_DOM,A,367,30.0,21.62,1250,4.0,TIP006,0.0,202621,N,HG42,202622,26-MAY-26 00:00:00,,,,R,HR_DOM,30.0,TIP006,HR,12-MAY-26 08:00:07
9519733673,3,1,738,738,B,HR_DOM,A,367,30.0,24.6,1250,5.0,TIP006,0.0,202621,N,HG42,202622,26-MAY-26 00:00:00,,,,R,HR_DOM,30.0,TIP006,HR,12-MAY-26 08:00:07
4000539328,1,1,738,738,F,HR_SPC,C,367,96.0,0.0,1320,6.0,THB046,115.84,202619,N,HB46,202621,17-MAY-26 00:00:00,,,,B,HR_SPC,96.0,THB046,HR,12-MAY-26 08:00:07
9519733942,9,1,738,738,O,HR_DOM,P,367,30.0,0.0,1250,4.0,I17017,30.77,202622,N,SF52,202623,06-JUN-26 00:00:00,,, ,I,HR_DOM,30.0,I17017,HR,12-MAY-26 08:00:07
9519734070,1,1,738,738,O,HR_DOM,P,367,60.0,0.0,1250,3.0,BSL086,62.16,202622,N,BS86,202623,31-MAY-26 00:00:00,,, ,I,HR_DOM,60.0,BSL086,HR,12-MAY-26 08:00:07
9519734070,2,1,738,738,O,HR_DOM,P,367,60.0,0.0,1250,4.0,BSL086,62.16,202622,N,BS86,202623,31-MAY-26 00:00:00,,, ,I,HR_DOM,60.0,BSL086,HR,12-MAY-26 08:00:07
9519734070,3,1,738,738,O,HR_DOM,P,367,60.0,0.0,1250,5.0,BSL086,62.16,202622,N,BS86,202623,31-MAY-26 00:00:00,,, ,I,HR_DOM,60.0,BSL086,HR,12-MAY-26 08:00:07
9519734070,4,1,738,738,O,HR_DOM,P,367,60.0,0.0,1250,6.0,BSL086,62.16,202622,N,BS86,202623,31-MAY-26 00:00:00,,, ,I,HR_DOM,60.0,BSL086,HR,12-MAY-26 08:00:07
4000538893,2,1,738,738,F,KCRM,L,367,300.0,155.34,1245,2.0,T01576,149.87,202619,N,HG02,202621,20-MAY-26 00:00:00,,,,B,KCRM,300.0,T01576,HR,12-MAY-26 08:00:07
4000538893,3,1,738,738,F,KCRM,L,367,300.0,243.47,1245,2.0,T01576,58.57,202619,N,HG02,202621,20-MAY-26 00:00:00,,,,B,KCRM,300.0,T01576,HR,12-MAY-26 08:00:07
4000538893,4,1,738,738,F,KCRM,L,367,210.0,110.64,1245,2.0,T01576,102.94,202619,N,HG02,202621,20-MAY-26 00:00:00,,,,B,KCRM,210.0,T01576,HR,12-MAY-26 08:00:07
9519738629,1,1,738,743,O,ACRM GP#3 WIDER SOFT,L,C02,56.0,0.0,1235,2.25,S02149,64.4,202620,N,SF93,202624,03-JUN-26 00:00:00,,, ,I,ACRM GP#3 WIDER SOFT,56.0,S02149,HR,12-MAY-26 08:00:07
9519738629,2,1,738,743,O,ACRM GP#3 WIDER SOFT,L,C02,84.0,0.0,1235,2.25,S02149,96.6,202620,N,SF93,202624,03-JUN-26 00:00:00,,, ,I,ACRM GP#3 WIDER SOFT,84.0,S02149,HR,12-MAY-26 08:00:07
9519725889,1,1,738,738,O,HR_DOM,A,367,120.0,111.48,1250,6.0,TIP006,0.0,202623,N,HG42,202625,10-JUN-26 00:00:00,,, ,I,HR_DOM,120.0,TIP006,HR,12-MAY-26 08:00:07
9519728158,1,1,738,738,B,HR_DOM,L,367,68.0,0.0,1500,3.0,THD005,69.74,202623,N,HD05,202625,10-JUN-26 00:00:00,,, ,I,HR_DOM,68.0,THD005,HR,12-MAY-26 08:00:07
4000537706,2,1,738,738,F,HR_DOM,L,367,64.0,0.0,1320,2.9,THG004,67.67,202620,N,HG50,202622,26-MAY-26 00:00:00,,, ,R,HR_DOM,64.0,THG004,HR,12-MAY-26 08:00:07
4000537706,3,1,738,738,F,HR_DOM,L,367,300.0,0.0,1250,2.9,THG004,317.21,202620,N,HG50,202622,23-MAY-26 00:00:00,,, ,R,HR_DOM,300.0,THG004,HR,12-MAY-26 08:00:07
4000538677,2,1,738,738,F,SCRM,L,367,300.0,141.75,1270,4.0,T01113,167.33,202620,N,SE69,202621,20-MAY-26 00:00:00,,,,B,SCRM,300.0,T01113,HR,12-MAY-26 08:00:07
9519695084,33,1,738,738,O,HR_DOM,L,367,204.0,0.0,1500,2.5,TIP001,209.23,202622,N,HG34,202624,01-JUN-26 00:00:00,,, ,I,HR_DOM,204.0,TIP001,HR,12-MAY-26 08:00:07
9519695084,88,1,738,738,O,HR_DOM,L,367,210.0,0.0,1250,11.8,UNB092,222.05,202622,N,UN92,202624,31-MAY-26 00:00:00,,,,I,HR_DOM,210.0,UNB092,HR,12-MAY-26 08:00:07
4000539016,1,1,738,738,F,SCRM,H,367,62.0,0.0,1300,3.2,BSL039,63.59,202621,N,BS39,202623,26-MAY-26 00:00:00,,,,Y,SCRM,62.0,BSL039,HR,12-MAY-26 08:00:07
4000539011,1,1,738,738,F,KCRM,H,367,142.5,0.0,1300,3.5,THM003,147.63,202621,N,HM93,202622,26-MAY-26 00:00:00,,,,G,KCRM,142.5,THM003,HR,12-MAY-26 08:00:07
9519723636,7,1,738,743,F,ACRM GP#2 NON TBSPL,L,B03,28.0,0.0,1235,2.25,S02149,32.2,202619,N,SF93,202621,22-MAY-26 00:00:00,,,,R,ACRM GP#2 NON TBSPL,28.0,S02149,HR,12-MAY-26 08:00:07
4000538973,1,1,738,738,T,HR_DOM,B,367,68.0,0.0,1500,9.7,TSM042,69.74,202623,N,TM42,202624,03-JUN-26 00:00:00,,, ,I,HR_DOM,68.0,TSM042,HR,12-MAY-26 08:00:07
4000538973,2,1,738,738,T,HR_DOM,B,367,170.0,0.0,1500,7.8,TSM042,174.36,202623,N,TM42,202624,01-JUN-26 00:00:00,,, ,I,HR_DOM,170.0,TSM042,HR,12-MAY-26 08:00:07
9519728934,3,1,738,738,B,HR_DOM,L,367,34.0,0.0,1500,3.0,THD005,26.94,202618,N,HD05,202620,14-MAY-26 00:00:00,,,,B,HR_DOM,34.0,THD005,HR,12-MAY-26 08:00:07
9519703324,2,1,738,738,O,HR_DOM,L,367,240.0,0.0,1250,2.0,TIP001,246.15,202623,N,HG34,202624,03-JUN-26 00:00:00,,, ,I,HR_DOM,240.0,TIP001,HR,12-MAY-26 08:00:07
4000539242,11,1,738,738,F,SCRM,L,367,210.0,0.0,1270,3.2,T01576,217.56,202623,N,HG02,202625,10-JUN-26 00:00:00,,,,I,SCRM,210.0,T01576,HR,12-MAY-26 08:00:07
4000539242,12,1,738,738,F,SCRM,L,367,210.0,80.36,1270,3.2,T01576,134.31,202623,N,HG02,202625,10-JUN-26 00:00:00,,,,I,SCRM,210.0,T01576,HR,12-MAY-26 08:00:07
4000538861,3,1,738,738,F,SCRM,L,367,270.0,57.02,1270,2.2,T01576,220.65,202623,N,HG02,202625,10-JUN-26 00:00:00,,,,I,SCRM,270.0,T01576,HR,12-MAY-26 08:00:07
4000538861,4,1,738,738,F,SCRM,L,367,270.0,0.0,1270,2.2,T01576,279.72,202623,N,HG02,202625,09-JUN-26 00:00:00,,,,I,SCRM,270.0,T01576,HR,12-MAY-26 08:00:07
4000538861,7,1,738,738,F,SCRM,L,367,270.0,257.03,1270,3.2,T01576,14.34,202623,N,HG02,202625,10-JUN-26 00:00:00,,,,I,SCRM,270.0,T01576,HR,12-MAY-26 08:00:07
4000538861,8,1,738,738,F,SCRM,L,367,270.0,245.83,1270,3.2,T01576,25.04,202623,N,HG02,202625,10-JUN-26 00:00:00,,,,I,SCRM,270.0,T01576,HR,12-MAY-26 08:00:07
4000538861,9,1,738,738,F,SCRM,L,367,270.0,139.38,1270,3.2,T01576,135.62,202623,N,HG02,202625,10-JUN-26 00:00:00,,,,I,SCRM,270.0,T01576,HR,12-MAY-26 08:00:07
4000537706,4,1,738,738,F,HR_DOM,L,367,150.0,0.0,1250,2.9,THG004,158.6,202620,N,HG50,202622,21-MAY-26 00:00:00,,, ,R,HR_DOM,150.0,THG004,HR,12-MAY-26 08:00:07
9519708259,14,1,738,738,O,HR_DOM,L,367,30.0,0.0,1250,2.9,TIP001,30.77,202621,N,HG34,202623,25-MAY-26 00:00:00,,, ,G,HR_DOM,30.0,TIP001,HR,12-MAY-26 08:00:07
9519708259,17,1,738,738,O,HR_DOM,A,367,68.0,0.0,1500,3.5,I17020,75.81,202619,N,HR05,202620,19-MAY-26 00:00:00,,,,B,HR_DOM,68.0,I17020,HR,12-MAY-26 08:00:07
4000539030,3,1,738,738,F,SCRM,L,367,240.0,218.71,1235,2.2,T01576,22.06,202620,N,HG02,202622,26-MAY-26 00:00:00,,,,R,SCRM,240.0,T01576,HR,12-MAY-26 08:00:07
4000539031,5,1,738,738,F,SCRM,L,367,240.0,28.58,1235,2.2,T01576,219.03,202620,N,HG02,202622,23-MAY-26 00:00:00,,,,R,SCRM,240.0,T01576,HR,12-MAY-26 08:00:07
4000539031,6,1,738,738,F,SCRM,L,367,240.0,0.0,1235,2.2,T01576,248.64,202620,N,HG02,202622,25-MAY-26 00:00:00,,,,R,SCRM,240.0,T01576,HR,12-MAY-26 08:00:07
4000539031,7,1,738,738,F,SCRM,L,367,270.0,0.0,1270,3.2,S02149,282.58,202618,N,SF93,202620,17-MAY-26 00:00:00,,,,B,SCRM,270.0,S02149,HR,12-MAY-26 08:00:07
4000539031,8,1,738,738,F,SCRM,L,367,270.0,57.1,1270,3.2,S02149,222.82,202619,N,SF93,202621,20-MAY-26 00:00:00,,,,B,SCRM,270.0,S02149,HR,12-MAY-26 08:00:07
4000539031,9,1,738,738,F,SCRM,L,367,270.0,142.67,1270,3.2,S02149,133.26,202619,N,SF93,202621,20-MAY-26 00:00:00,,,,B,SCRM,270.0,S02149,HR,12-MAY-26 08:00:07
4000539031,10,1,738,738,F,SCRM,L,367,270.0,0.0,1270,3.2,S02149,282.58,202620,N,SF93,202622,24-MAY-26 00:00:00,,,,R,SCRM,270.0,S02149,HR,12-MAY-26 08:00:07
4000539102,8,1,738,738,F,SCRM,L,367,256.0,0.0,1330,2.2,THO066,262.56,202620,N,HO66,202622,24-MAY-26 00:00:00,,,,R,SCRM,256.0,THO066,HR,12-MAY-26 08:00:07
4000539243,1,1,738,738,F,SCRM,L,367,180.0,0.0,1270,2.5,THO066,184.62,202623,N,HO66,202625,03-JUN-26 00:00:00,,,,I,SCRM,180.0,THO066,HR,12-MAY-26 08:00:07
4000539243,2,1,738,738,F,SCRM,L,367,120.0,28.56,1270,3.2,THO066,93.79,202623,N,HO66,202625,03-JUN-26 00:00:00,,,,I,SCRM,120.0,THO066,HR,12-MAY-26 08:00:07
4000539243,8,1,738,738,F,SCRM,L,367,270.0,0.0,1270,2.5,T01576,279.72,202623,N,HG02,202625,09-JUN-26 00:00:00,,,,I,SCRM,270.0,T01576,HR,12-MAY-26 08:00:07
9519732179,2,1,738,738,O,HR_DOM,L,367,210.0,108.52,1250,2.5,I09490,104.09,202622,N,HG08,202624,03-JUN-26 00:00:00,,,,I,HR_DOM,210.0,I09490,HR,12-MAY-26 08:00:07
9519708259,12,1,738,738,O,HR_DOM,L,367,30.0,0.0,1250,2.8,TIP001,30.77,202621,N,HG34,202623,25-MAY-26 00:00:00,,, ,G,HR_DOM,30.0,TIP001,HR,12-MAY-26 08:00:07
9519708259,6,1,738,738,O,HR_DOM,L,367,60.0,0.0,1250,1.8,TIP001,61.54,202622,N,HG34,202623,30-MAY-26 00:00:00,,,,I,HR_DOM,60.0,TIP001,HR,12-MAY-26 08:00:07
9519708259,7,1,738,738,O,HR_DOM,L,367,60.0,0.0,1250,2.0,TIP001,61.54,202622,N,HG34,202623,30-MAY-26 00:00:00,,,,I,HR_DOM,60.0,TIP001,HR,12-MAY-26 08:00:07
9519708259,8,1,738,738,O,HR_DOM,L,367,68.0,0.0,1500,2.0,TIP001,69.74,202622,N,HG34,202623,30-MAY-26 00:00:00,,,,I,HR_DOM,68.0,TIP001,HR,12-MAY-26 08:00:07
9519708259,9,1,738,738,O,HR_DOM,L,367,30.0,0.0,1250,2.3,TIP001,30.77,202621,N,HG34,202623,25-MAY-26 00:00:00,,, ,G,HR_DOM,30.0,TIP001,HR,12-MAY-26 08:00:07
9519708259,10,1,738,738,O,HR_DOM,L,367,60.0,0.0,1250,2.4,TIP001,61.54,202621,N,HG34,202623,25-MAY-26 00:00:00,,, ,G,HR_DOM,60.0,TIP001,HR,12-MAY-26 08:00:07
9519739667,2,1,738,743,F,ACRM GP#3 WIDER HARD,L,C05,279.0,0.0,1365,2.5,S02149,320.85,202621,N,SF93,202624,03-JUN-26 00:00:00,,, ,I,ACRM GP#3 WIDER HARD,279.0,S02149,HR,12-MAY-26 08:00:07
9519739667,3,1,738,743,F,ACRM GP#3 WIDER HARD,L,C05,279.0,0.0,1365,2.5,S02149,320.85,202621,N,SF93,202624,03-JUN-26 00:00:00,,, ,I,ACRM GP#3 WIDER HARD,279.0,S02149,HR,12-MAY-26 08:00:07
9519739667,4,1,738,743,F,ACRM GP#3 WIDER HARD,L,C05,329.0,0.0,1365,2.5,S02149,378.35,202620,N,SF93,202623,29-MAY-26 00:00:00,,, ,Y,ACRM GP#3 WIDER HARD,329.0,S02149,HR,12-MAY-26 08:00:07
9519739667,5,1,738,743,F,ACRM GP#3 WIDER HARD,L,C05,329.0,0.0,1365,2.5,S02149,378.35,202621,N,SF93,202624,03-JUN-26 00:00:00,,, ,I,ACRM GP#3 WIDER HARD,329.0,S02149,HR,12-MAY-26 08:00:07
9519715230,6,1,738,742,O,ACRM CRCA CRS,L,C01,29.0,0.0,1250,2.5,T01320,33.35,202621,N,SH08,202626,03-JUN-26 00:00:00,,, ,I,ACRM CRCA CRS,29.0,T01320,HR,12-MAY-26 08:00:07
9519715230,1,1,738,742,O,HR_DOM,,C01,29.0,0.0,0,0.0, ,0.0,202620,N,,202625,03-JUN-26 00:00:00,,,,I,HR_DOM,29.0,,HR,12-MAY-26 08:00:07
9519715230,3,1,738,742,O,ACRM CRCA CRS,L,C01,29.0,0.0,1270,2.0,T01320,33.35,202620,N,SH08,202626,03-JUN-26 00:00:00,,, ,I,ACRM CRCA CRS,29.0,T01320,HR,12-MAY-26 08:00:07
9519715230,4,1,738,742,O,ACRM CRCA CRS,L,C01,29.0,0.0,1250,2.0,T01320,33.35,202621,N,SH08,202626,03-JUN-26 00:00:00,,, ,I,ACRM CRCA CRS,29.0,T01320,HR,12-MAY-26 08:00:07
9519715230,2,1,738,742,O,ACRM CRCA CRS,L,C01,29.0,0.0,1270,2.0,T01320,33.35,202620,N,SH08,202625,03-JUN-26 00:00:00,,,,I,ACRM CRCA CRS,29.0,T01320,HR,12-MAY-26 08:00:07
9519715230,7,1,738,742,O,ACRM CRCA SPM,L,C01,29.0,0.0,1250,2.8,T01320,33.35,202621,N,SH08,202626,03-JUN-26 00:00:00,,, ,I,ACRM CRCA SPM,29.0,T01320,HR,12-MAY-26 08:00:07
9519715230,9,1,738,742,O,ACRM CRCA SPM,L,C01,58.0,0.0,1250,3.2,T01320,66.7,202621,N,SH08,202626,03-JUN-26 00:00:00,,, ,I,ACRM CRCA SPM,58.0,T01320,HR,12-MAY-26 08:00:07
9519715230,10,1,738,742,O,ACRM CRCA SPM,L,C01,58.0,0.0,1250,3.2,T01320,66.7,202621,N,SH08,202626,03-JUN-26 00:00:00,,, ,I,ACRM CRCA SPM,58.0,T01320,HR,12-MAY-26 08:00:07
4000539028,2,1,738,738,F,SCRM_SPC_SLIT,L,367,210.0,167.33,1270,2.5,T01576,44.21,202618,N,HG02,202620,18-MAY-26 00:00:00,,,,B,SCRM_SPC_SLIT,210.0,T01576,HR,12-MAY-26 08:00:07
4000539028,3,1,738,738,F,SCRM_SPC_SLIT,L,367,210.0,165.31,1270,2.5,T01576,46.3,202618,N,HG02,202620,18-MAY-26 00:00:00,,,,B,SCRM_SPC_SLIT,210.0,T01576,HR,12-MAY-26 08:00:07
4000539028,5,1,738,738,F,SCRM_SPC_SLIT,L,367,270.0,247.72,1270,2.8,T01576,23.08,202618,N,HG02,202620,18-MAY-26 00:00:00,,,,B,SCRM_SPC_SLIT,270.0,T01576,HR,12-MAY-26 08:00:07
4000539028,8,1,738,738,F,SCRM_SPC_SLIT,L,367,210.0,188.35,1270,3.2,T01576,25.21,202618,N,HG02,202620,13-MAY-26 00:00:00,,,,B,SCRM_SPC_SLIT,210.0,T01576,HR,12-MAY-26 08:00:07
9519689532,1,1,738,738,O,HR_DOM,B,367,136.0,0.0,1500,6.0,I17480,139.49,202622,N,SH35,202623,29-MAY-26 00:00:00,,, ,Y,HR_DOM,136.0,I17480,HR,12-MAY-26 08:00:07
9519689532,3,1,738,738,O,HR_DOM,B,367,102.0,0.0,1500,10.0,I17480,104.62,202622,N,SH35,202623,29-MAY-26 00:00:00,,, ,Y,HR_DOM,102.0,I17480,HR,12-MAY-26 08:00:07
9519689532,2,1,738,738,O,HR_DOM,B,367,102.0,0.0,1500,8.0,I17480,104.62,202622,N,SH35,202623,29-MAY-26 00:00:00,,, ,Y,HR_DOM,102.0,I17480,HR,12-MAY-26 08:00:07
9519723547,3,1,738,738,O,HR_DOM,L,367,68.0,0.0,1500,2.5,TIP001,69.74,202621,N,HG34,202622,31-MAY-26 00:00:00,,,,G,HR_DOM,68.0,TIP001,HR,12-MAY-26 08:00:07
9519708259,11,1,738,738,O,HR_DOM,L,367,34.0,0.0,1500,2.5,TIP001,34.87,202621,N,HG34,202623,01-JUN-26 00:00:00,,, ,G,HR_DOM,34.0,TIP001,HR,12-MAY-26 08:00:07
9519708259,13,1,738,738,O,HR_DOM,L,367,34.0,0.0,1500,2.8,TIP001,34.87,202621,N,HG34,202623,01-JUN-26 00:00:00,,, ,G,HR_DOM,34.0,TIP001,HR,12-MAY-26 08:00:07
9519708259,18,1,738,738,O,HR_DOM,A,367,68.0,0.0,1500,4.0,I17020,75.81,202620,N,HR05,202621,23-MAY-26 00:00:00,,,,R,HR_DOM,68.0,I17020,HR,12-MAY-26 08:00:07
9519686962,3,1,738,738,O,HR_DOM,L,367,210.0,0.0,1250,2.0,TIP001,215.39,202623,N,HG34,202624,03-JUN-26 00:00:00,,, ,I,HR_DOM,210.0,TIP001,HR,12-MAY-26 08:00:07
9519731969,4,1,738,738,O,HR_DOM,L,367,120.0,95.41,1250,3.5,I09490,23.84,202621,N,HG08,202622,14-MAY-26 00:00:00,,,,Y,HR_DOM,120.0,I09490,HR,12-MAY-26 08:00:07
4000539102,1,1,738,738,F,SCRM,L,367,252.0,0.0,1170,2.0,THO066,258.46,202619,N,HO66,202621,19-MAY-26 00:00:00,,,,B,SCRM,252.0,THO066,HR,12-MAY-26 08:00:07
4000539102,2,1,738,738,F,SCRM,L,367,252.0,0.0,1170,2.0,THO066,258.46,202619,N,HO66,202621,19-MAY-26 00:00:00,,,,B,SCRM,252.0,THO066,HR,12-MAY-26 08:00:07
4000539102,3,1,738,738,F,SCRM,L,367,168.0,0.0,1170,2.0,THO066,172.31,202619,N,HO66,202621,20-MAY-26 00:00:00,,,,B,SCRM,168.0,THO066,HR,12-MAY-26 08:00:07
9519739161,1,1,738,738,O,HR_DOM,P,367,300.0,0.0,1250,3.6,BSL017,307.69,202621,N,BS17,202623,29-MAY-26 00:00:00,,, ,G,HR_DOM,300.0,BSL017,HR,12-MAY-26 08:00:07
9519739161,2,1,738,738,O,HR_DOM,P,367,300.0,0.0,1250,3.6,BSL017,307.69,202621,N,BS17,202623,29-MAY-26 00:00:00,,, ,G,HR_DOM,300.0,BSL017,HR,12-MAY-26 08:00:07
9519739161,3,1,738,738,O,HR_DOM,P,367,120.0,0.0,1250,3.6,BSL017,123.08,202621,N,BS17,202623,01-JUN-26 00:00:00,,, ,G,HR_DOM,120.0,BSL017,HR,12-MAY-26 08:00:07
9519739161,4,1,738,738,O,HR_DOM,P,367,60.0,0.0,1250,5.0,BSL017,61.54,202621,N,BS17,202623,01-JUN-26 00:00:00,,, ,G,HR_DOM,60.0,BSL017,HR,12-MAY-26 08:00:07
9519739161,6,1,738,738,O,HR_DOM,S,367,272.0,0.0,1515,2.5,BSL074,278.97,202622,N,BS74,202624,07-JUN-26 00:00:00,,, ,I,HR_DOM,272.0,BSL074,HR,12-MAY-26 08:00:07
4000539183,2,1,738,738,F,HR_SPC,A,367,30.0,0.0,1260,3.9,THA038,34.19,202623,N,HA38,202626,10-JUN-26 00:00:00,,, ,I,HR_SPC,30.0,THA038,HR,12-MAY-26 08:00:07
9519711988,1,1,738,742,O,ACRM CRCA CRS,L,C01,58.0,0.0,1265,2.5,S02150,66.7,202621,N,SF98,202625,03-JUN-26 00:00:00,,, ,I,ACRM CRCA CRS,58.0,S02150,HR,12-MAY-26 08:00:07
9519706025,1,1,738,742,O,ACRM CRCA CRS,L,C01,261.0,0.0,1265,2.2,S02150,300.15,202618,N,SF98,202623,19-MAY-26 00:00:00,,, ,B,ACRM CRCA CRS,261.0,S02150,HR,12-MAY-26 08:00:07
9519706025,2,1,738,742,O,ACRM CRCA CRS,L,C01,261.0,0.0,1265,2.2,S02150,300.15,202618,N,SF98,202623,19-MAY-26 00:00:00,,, ,B,ACRM CRCA CRS,261.0,S02150,HR,12-MAY-26 08:00:07
9519725967,2,1,738,738,O,HR_DOM,A,367,30.0,20.2,1250,6.01,THG038,0.0,202623,N,HG38,202624,08-JUN-26 00:00:00,,, ,I,HR_DOM,30.0,THG038,HR,12-MAY-26 08:00:07
9519725404,1,1,738,738,O,HR_DOM,A,367,30.0,0.0,1250,6.01,THG038,30.77,202622,N,HG38,202624,14-MAY-26 00:00:00,,, ,I,HR_DOM,30.0,THG038,HR,12-MAY-26 08:00:07
9519725404,2,1,738,738,O,HR_DOM,A,367,30.0,0.0,1250,8.0,THG038,30.77,202622,N,HG38,202624,14-MAY-26 00:00:00,,, ,I,HR_DOM,30.0,THG038,HR,12-MAY-26 08:00:07
4000539045,3,1,738,738,F,HR_DOM,A,367,96.0,0.0,1500,6.0,I17021,101.51,202619,N,HR08,202620,19-MAY-26 00:00:00,,,,B,HR_DOM,96.0,I17021,HR,12-MAY-26 08:00:07
4000539045,10,1,738,738,F,HR_DOM,L,367,150.0,0.0,1250,2.0,TIP001,153.85,202619,N,HG34,202620,22-MAY-26 00:00:00,,,,R,HR_DOM,150.0,TIP001,HR,12-MAY-26 08:00:07
4000539045,8,1,738,738,F,HR_DOM,A,367,160.0,31.35,1500,10.0,I17021,137.02,202619,N,HR08,202620,18-MAY-26 00:00:00,,,,B,HR_DOM,160.0,I17021,HR,12-MAY-26 08:00:07
4000538854,7,1,738,738,F,SCRM,L,367,210.0,28.1,1265,2.8,BSL011,186.56,202621,N,BS11,202623,02-JUN-26 00:00:00,,,,G,SCRM,210.0,BSL011,HR,12-MAY-26 08:00:07
4000538854,18,1,738,738,F,SCRM,L,367,272.0,56.62,1650,3.2,BSL011,220.9,202621,N,BS11,202623,01-JUN-26 00:00:00,,,,G,SCRM,272.0,BSL011,HR,12-MAY-26 08:00:07
4000538854,19,1,738,738,F,SCRM,L,367,204.0,0.0,1500,2.8,BSL011,209.23,202620,N,BS11,202622,25-MAY-26 00:00:00,,,,R,SCRM,204.0,BSL011,HR,12-MAY-26 08:00:07
4000538854,6,1,738,738,F,SCRM,L,367,210.0,172.16,1265,2.8,BSL011,38.81,202620,N,BS11,202622,26-MAY-26 00:00:00,,,,R,SCRM,210.0,BSL011,HR,12-MAY-26 08:00:07
4000538854,8,1,738,738,F,SCRM,L,367,210.0,0.0,1265,2.8,BSL011,215.39,202621,N,BS11,202623,02-JUN-26 00:00:00,,,,G,SCRM,210.0,BSL011,HR,12-MAY-26 08:00:07
4000538858,4,1,738,738,F,SCRM,S,367,280.0,0.0,1180,2.2,BSL074,287.18,202622,N,BS74,202624,06-JUN-26 00:00:00,,,,I,SCRM,280.0,BSL074,HR,12-MAY-26 08:00:07
4000538858,1,1,738,738,F,SCRM,S,367,280.0,0.0,1180,2.2,BSL074,287.18,202622,N,BS74,202624,06-JUN-26 00:00:00,,,,I,SCRM,280.0,BSL074,HR,12-MAY-26 08:00:07
4000538858,5,1,738,738,F,SCRM,S,367,280.0,0.0,1180,2.2,BSL074,287.18,202622,N,BS74,202624,06-JUN-26 00:00:00,,,,I,SCRM,280.0,BSL074,HR,12-MAY-26 08:00:07
4000539243,3,1,738,738,F,SCRM,L,367,90.0,57.17,1270,4.0,THO066,33.67,202623,N,HO66,202625,03-JUN-26 00:00:00,,,,I,SCRM,90.0,THO066,HR,12-MAY-26 08:00:07
9519700884,2,1,738,738,O,HR_DOM,L,367,60.0,0.0,1250,2.01,TIP001,61.54,202623,N,HG34,202625,03-JUN-26 00:00:00,,, ,I,HR_DOM,60.0,TIP001,HR,12-MAY-26 08:00:07
4000539242,7,1,738,738,F,SCRM,L,367,272.0,0.0,1560,2.0,THO066,278.97,202620,N,HO66,202622,24-MAY-26 00:00:00,,,,R,SCRM,272.0,THO066,HR,12-MAY-26 08:00:07
4000539242,8,1,738,738,F,SCRM,L,367,272.0,0.0,1560,2.0,THO066,278.97,202619,N,HO66,202621,19-MAY-26 00:00:00,,,,B,SCRM,272.0,THO066,HR,12-MAY-26 08:00:07
4000539242,9,1,738,738,F,SCRM,L,367,272.0,0.0,1560,2.0,THO066,278.97,202620,N,HO66,202622,24-MAY-26 00:00:00,,,,R,SCRM,272.0,THO066,HR,12-MAY-26 08:00:07
9519729152,1,1,738,738,O,HR_DOM,L,367,240.0,0.0,1235,2.9,TIP001,246.15,202622,N,HG34,202623,06-JUN-26 00:00:00,,,,I,HR_DOM,240.0,TIP001,HR,12-MAY-26 08:00:07
9519729152,2,1,738,738,O,HR_DOM,L,367,240.0,0.0,1235,2.9,TIP001,246.15,202622,N,HG34,202623,06-JUN-26 00:00:00,,,,I,HR_DOM,240.0,TIP001,HR,12-MAY-26 08:00:07
9519729152,3,1,738,738,O,HR_DOM,L,367,240.0,0.0,1235,2.9,TIP001,246.15,202622,N,HG34,202623,06-JUN-26 00:00:00,,,,I,HR_DOM,240.0,TIP001,HR,12-MAY-26 08:00:07
9519729152,4,1,738,738,O,HR_DOM,L,367,240.0,0.0,1235,2.9,TIP001,246.15,202622,N,HG34,202623,06-JUN-26 00:00:00,,,,I,HR_DOM,240.0,TIP001,HR,12-MAY-26 08:00:07
9519729152,5,1,738,738,O,HR_DOM,L,367,240.0,0.0,1235,2.9,TIP001,246.15,202622,N,HG34,202623,06-JUN-26 00:00:00,,,,I,HR_DOM,240.0,TIP001,HR,12-MAY-26 08:00:07
9519729152,6,1,738,738,O,HR_DOM,L,367,240.0,0.0,1235,2.9,TIP001,246.15,202622,N,HG34,202623,06-JUN-26 00:00:00,,,,I,HR_DOM,240.0,TIP001,HR,12-MAY-26 08:00:07
9519729152,7,1,738,738,O,HR_DOM,L,367,240.0,0.0,1235,2.9,TIP001,246.15,202622,N,HG34,202623,06-JUN-26 00:00:00,,,,I,HR_DOM,240.0,TIP001,HR,12-MAY-26 08:00:07
9519729152,8,1,738,738,O,HR_DOM,L,367,270.0,0.0,1235,3.1,TIP001,276.92,202622,N,HG34,202623,06-JUN-26 00:00:00,,,,I,HR_DOM,270.0,TIP001,HR,12-MAY-26 08:00:07
9519729152,9,1,738,738,O,HR_DOM,L,367,270.0,0.0,1235,3.1,TIP001,276.92,202622,N,HG34,202623,06-JUN-26 00:00:00,,,,I,HR_DOM,270.0,TIP001,HR,12-MAY-26 08:00:07
9519729152,10,1,738,738,O,HR_DOM,L,367,240.0,0.0,1235,3.1,TIP001,246.15,202622,N,HG34,202623,06-JUN-26 00:00:00,,,,I,HR_DOM,240.0,TIP001,HR,12-MAY-26 08:00:07
9519729152,11,1,738,738,O,HR_DOM,L,367,240.0,0.0,1235,3.1,TIP001,246.15,202622,N,HG34,202623,06-JUN-26 00:00:00,,,,I,HR_DOM,240.0,TIP001,HR,12-MAY-26 08:00:07
9519729152,12,1,738,738,O,HR_DOM,L,367,210.0,0.0,1235,3.3,TIP001,215.39,202624,N,HG34,202625,11-JUN-26 00:00:00,,,,I,HR_DOM,210.0,TIP001,HR,12-MAY-26 08:00:07
9519729152,13,1,738,738,O,HR_DOM,L,367,210.0,0.0,1235,3.3,TIP001,215.39,202624,N,HG34,202625,11-JUN-26 00:00:00,,,,I,HR_DOM,210.0,TIP001,HR,12-MAY-26 08:00:07
9519725978,1,1,738,738,O,HR_DOM,A,367,30.0,24.42,1250,4.0,TIP006,0.0,202623,N,HG42,202624,08-JUN-26 00:00:00,,, ,I,HR_DOM,30.0,TIP006,HR,12-MAY-26 08:00:07
4000539027,1,1,738,738,F,SCRM_SPC_SLIT,L,367,272.0,0.0,1550,2.2,T01576,281.79,202620,N,HG02,202622,25-MAY-26 00:00:00,,,,R,SCRM_SPC_SLIT,272.0,T01576,HR,12-MAY-26 08:00:07
4000539027,2,1,738,738,F,SCRM_SPC_SLIT,L,367,272.0,0.0,1550,2.2,T01576,281.79,202620,N,HG02,202622,25-MAY-26 00:00:00,,,,R,SCRM_SPC_SLIT,272.0,T01576,HR,12-MAY-26 08:00:07
4000539027,3,1,738,738,F,SCRM_SPC_SLIT,L,367,272.0,0.0,1550,2.2,T01576,281.79,202620,N,HG02,202622,22-MAY-26 00:00:00,,,,R,SCRM_SPC_SLIT,272.0,T01576,HR,12-MAY-26 08:00:07
4000539027,4,1,738,738,F,SCRM_SPC_SLIT,L,367,272.0,0.0,1550,2.2,T01576,281.79,202621,N,HG02,202623,01-JUN-26 00:00:00,,,,G,SCRM_SPC_SLIT,272.0,T01576,HR,12-MAY-26 08:00:07
9519642856,1,1,738,738,O,HR_DOM,L,691,60.0,0.0,1250,2.5,TIP001,62.79,202619,N,HG34,202621,19-MAY-26 00:00:00,,,,B,HR_DOM,60.0,TIP001,HR,12-MAY-26 08:00:07
9519642856,2,1,738,738,O,HR_DOM,L,691,60.0,0.0,1250,4.0,TIP001,62.79,202619,N,HG34,202621,19-MAY-26 00:00:00,,,,B,HR_DOM,60.0,TIP001,HR,12-MAY-26 08:00:07
9519642856,3,1,738,738,O,HR_DOM,L,691,70.0,0.0,1500,2.0,TIP001,73.26,202619,N,HG34,202621,19-MAY-26 00:00:00,,,,B,HR_DOM,70.0,TIP001,HR,12-MAY-26 08:00:07
9519642856,7,1,738,738,O,HR_DOM,L,691,60.0,0.0,1250,2.0,TIP001,62.79,202619,N,HG34,202621,19-MAY-26 00:00:00,,,,B,HR_DOM,60.0,TIP001,HR,12-MAY-26 08:00:07
9519669601,13,1,738,738,O,HR_DOM,L,367,150.0,0.0,1250,3.8,TIP001,153.85,202622,N,HG34,202624,31-MAY-26 00:00:00,,,,I,HR_DOM,150.0,TIP001,HR,12-MAY-26 08:00:07
9519669601,14,1,738,738,O,HR_DOM,L,367,60.0,51.71,1250,4.0,TIP001,0.0,202622,N,HG34,202624,01-JUN-26 00:00:00,,,,I,HR_DOM,60.0,TIP001,HR,12-MAY-26 08:00:07
9519669601,15,1,738,738,O,HR_DOM,L,367,150.0,0.0,1250,4.5,TIP001,153.85,202622,N,HG34,202624,31-MAY-26 00:00:00,,,,I,HR_DOM,150.0,TIP001,HR,12-MAY-26 08:00:07
9519669001,2,1,738,738,O,HR_DOM,L,367,60.0,0.0,1250,2.9,TIP001,61.54,202623,N,HG34,202624,27-MAY-26 00:00:00,,, ,I,HR_DOM,60.0,TIP001,HR,12-MAY-26 08:00:07
9519669601,12,1,738,738,O,HR_DOM,L,367,90.0,0.0,1250,3.5,TIP001,92.31,202622,N,HG34,202624,03-JUN-26 00:00:00,,,,I,HR_DOM,90.0,TIP001,HR,12-MAY-26 08:00:07
9519669601,10,1,738,738,O,HR_DOM,L,367,90.0,0.0,1250,1.9,TIP001,92.31,202621,N,HG34,202623,25-MAY-26 00:00:00,,, ,G,HR_DOM,90.0,TIP001,HR,12-MAY-26 08:00:07
4000538859,1,1,738,738,F,SCRM,H,367,180.0,0.0,1250,2.5,THN008,186.48,202623,N,HN08,202625,09-JUN-26 00:00:00,,,,I,SCRM,180.0,THN008,HR,12-MAY-26 08:00:07
9519714238,1,1,738,738,O,HR_DOM,A,367,102.0,0.0,1500,5.0,I17021,107.85,202623,N,HR08,202625,02-JUN-26 00:00:00,,, ,I,HR_DOM,102.0,I17021,HR,12-MAY-26 08:00:07
9519725585,1,1,738,738,O,HR_DOM,A,367,68.0,0.0,1500,7.8,THG038,69.74,202623,N,HG38,202625,03-JUN-26 00:00:00,,, ,I,HR_DOM,68.0,THG038,HR,12-MAY-26 08:00:07
9519722662,4,1,738,738,O,HR_DOM,L,367,60.0,0.0,1250,2.8,TIP001,61.54,202622,N,HG34,202624,30-MAY-26 00:00:00,,, ,I,HR_DOM,60.0,TIP001,HR,12-MAY-26 08:00:07
9519722662,9,1,738,738,O,HR_DOM,A,367,34.0,0.0,1500,11.8,THG038,34.87,202622,N,HG38,202624,30-MAY-26 00:00:00,,, ,I,HR_DOM,34.0,THG038,HR,12-MAY-26 08:00:07
9519742014,3,1,738,738,O,HR_DOM,L,367,217.0,142.47,1300,6.0,I09508,77.29,202622,N,HG22,202623,30-MAY-26 00:00:00,,,,I,HR_DOM,217.0,I09508,HR,12-MAY-26 08:00:07
9519742014,1,1,738,738,O,HR_DOM,L,367,217.0,157.45,1300,5.0,I09508,57.84,202621,N,HG22,202622,14-MAY-26 00:00:00,,,,G,HR_DOM,217.0,I09508,HR,12-MAY-26 08:00:07
9519742014,4,1,738,738,O,HR_DOM,L,367,124.0,23.62,1300,6.0,I09508,103.99,202622,N,HG22,202623,30-MAY-26 00:00:00,,,,I,HR_DOM,124.0,I09508,HR,12-MAY-26 08:00:07
9519731377,4,1,738,738,O,HR_DOM,A,367,30.0,24.16,1250,8.0,THG038,0.0,202623,N,HG38,202624,09-JUN-26 00:00:00,,, ,I,HR_DOM,30.0,THG038,HR,12-MAY-26 08:00:07
4000538871,67,1,738,738,F,ACRM_SLIT,L,367,90.0,28.85,1260,2.5,T01069,92.31,202619,N,SH69,202620,03-JUN-26 00:00:00,,,,B,ACRM_SLIT,90.0,T01069,HR,12-MAY-26 08:00:07
9519670616,6,1,738,738,O,HR_DOM,A,367,34.0,26.22,1500,3.5,TIP006,0.0,202623,N,HG42,202625,10-JUN-26 00:00:00,,, ,I,HR_DOM,34.0,TIP006,HR,12-MAY-26 08:00:07
9519670616,7,1,738,738,O,HR_DOM,A,367,102.0,0.0,1500,4.0,TIP006,105.67,202623,N,HG42,202625,10-JUN-26 00:00:00,,, ,I,HR_DOM,102.0,TIP006,HR,12-MAY-26 08:00:07
9519670616,8,1,738,738,O,HR_DOM,A,367,68.0,0.0,1500,5.0,TIP006,70.45,202623,N,HG42,202625,10-JUN-26 00:00:00,,, ,I,HR_DOM,68.0,TIP006,HR,12-MAY-26 08:00:07
9519670616,10,1,738,738,O,HR_DOM,A,367,68.0,0.0,1500,8.0,THG038,69.74,202623,N,HG38,202625,03-JUN-26 00:00:00,,, ,I,HR_DOM,68.0,THG038,HR,12-MAY-26 08:00:07
9519670616,11,1,738,738,O,HR_DOM,A,367,68.0,0.0,1500,10.0,THG038,61.5,202623,N,HG38,202625,03-JUN-26 00:00:00,,, ,I,HR_DOM,68.0,THG038,HR,12-MAY-26 08:00:07
9519670616,12,1,738,738,O,HR_DOM,A,367,68.0,0.0,1500,12.0,THG038,69.74,202622,N,HG38,202624,03-JUN-26 00:00:00,,, ,I,HR_DOM,68.0,THG038,HR,12-MAY-26 08:00:07
9519747588,4,1,738,738,O,HR_DOM,A,367,68.0,0.0,1500,3.0,TIP006,70.45,202623,N,HG42,202625,10-JUN-26 00:00:00,,, ,I,HR_DOM,68.0,TIP006,HR,12-MAY-26 08:00:07
9519747588,6,1,738,738,O,HR_DOM,A,367,68.0,0.0,1500,10.0,THG038,69.74,202623,N,HG38,202625,03-JUN-26 00:00:00,,, ,I,HR_DOM,68.0,THG038,HR,12-MAY-26 08:00:07
9519720875,1,1,738,742,O,HR_DOM,,C01,196.0,0.0,0,0.0, ,0.0,202620,N,,202624,03-JUN-26 00:00:00,,, ,I,HR_DOM,196.0,,HR,12-MAY-26 08:00:07
9519714446,2,1,738,738,O,HR_DOM,P,367,60.0,0.0,1250,4.0,BSL086,62.16,202623,N,BS86,202624,09-JUN-26 00:00:00,,, ,I,HR_DOM,60.0,BSL086,HR,12-MAY-26 08:00:07
9519749654,2,1,738,743,O,ACRM GP#3 WIDER SOFT,L,C02,27.99,0.0,1235,2.25,T01576,32.2,202620,N,HG02,202624,02-JUN-26 00:00:00,,, ,I,ACRM GP#3 WIDER SOFT,27.99,T01576,HR,12-MAY-26 08:00:07
9519749654,3,1,738,743,O,ACRM GP#3 WIDER SOFT,L,C02,27.99,0.0,1235,2.25,T01576,32.2,202620,N,HG02,202624,03-JUN-26 00:00:00,,, ,I,ACRM GP#3 WIDER SOFT,27.99,T01576,HR,12-MAY-26 08:00:07
9519734842,1,1,738,738,O,HR_DOM,L,367,30.0,0.0,1250,1.8,TIP001,30.77,202623,N,HG34,202624,27-MAY-26 00:00:00,,, ,I,HR_DOM,30.0,TIP001,HR,12-MAY-26 08:00:07
9519750083,1,1,738,738,O,HR_DOM,A,367,34.0,0.0,1500,4.8,I17020,37.9,202621,N,HR05,202623,31-MAY-26 00:00:00,,,,G,HR_DOM,34.0,I17020,HR,12-MAY-26 08:00:07
9519750083,3,1,738,738,O,HR_DOM,L,367,60.0,0.0,1250,1.6,TIP001,61.54,202624,N,HG34,202626,03-JUN-26 00:00:00,,,,I,HR_DOM,60.0,TIP001,HR,12-MAY-26 08:00:07
9519750083,2,1,738,738,O,HR_DOM,L,367,90.0,0.0,1250,1.6,TIP001,92.31,202621,N,HG34,202623,31-MAY-26 00:00:00,,,,G,HR_DOM,90.0,TIP001,HR,12-MAY-26 08:00:07
9519719624,2,1,738,742,O,ACRM CRCA CRS,L,C01,28.99,0.0,1250,2.0,T01320,33.35,202621,N,SH08,202626,03-JUN-26 00:00:00,,, ,I,ACRM CRCA CRS,28.99,T01320,HR,12-MAY-26 08:00:07
9519719624,1,1,738,742,O,ACRM CRCA CRS,L,C01,86.99,0.0,1270,2.0,T01320,100.05,202620,N,SH08,202626,03-JUN-26 00:00:00,,, ,I,ACRM CRCA CRS,86.99,T01320,HR,12-MAY-26 08:00:07
9519749435,1,1,738,738,O,HR_DOM,A,367,34.0,0.0,1500,2.8,UNB042,49.82,202622,N,UN42,202623,06-JUN-26 00:00:00,,, ,I,HR_DOM,34.0,UNB042,HR,12-MAY-26 08:00:07
9519749435,2,1,738,738,O,HR_DOM,A,367,34.0,0.0,1500,2.9,UNB042,49.82,202622,N,UN42,202623,30-MAY-26 00:00:00,,, ,I,HR_DOM,34.0,UNB042,HR,12-MAY-26 08:00:07
9519749435,3,1,738,738,O,HR_DOM,A,367,34.0,0.0,1500,7.5,THG038,34.87,202622,N,HG38,202623,30-MAY-26 00:00:00,,, ,I,HR_DOM,34.0,THG038,HR,12-MAY-26 08:00:07
9519749387,1,1,738,738,O,HR_DOM,L,367,150.0,0.0,1250,2.0,TIP001,153.85,202621,N,HG34,202623,31-MAY-26 00:00:00,,,,G,HR_DOM,150.0,TIP001,HR,12-MAY-26 08:00:07
9519741885,1,1,738,738,O,HR_DOM,L,367,60.0,0.0,1250,1.8,TIP001,61.54,202622,N,HG34,202624,27-MAY-26 00:00:00,,,,I,HR_DOM,60.0,TIP001,HR,12-MAY-26 08:00:07
9519741889,3,1,738,738,O,HR_DOM,L,367,150.0,0.0,1250,2.4,TIP001,153.85,202622,N,HG34,202624,27-MAY-26 00:00:00,,, ,I,HR_DOM,150.0,TIP001,HR,12-MAY-26 08:00:07
9519741889,2,1,738,738,O,HR_DOM,L,367,150.0,0.0,1250,2.5,I09497,155.4,202622,N,HG01,202624,28-MAY-26 00:00:00,,, ,I,HR_DOM,150.0,I09497,HR,12-MAY-26 08:00:07
9519741889,4,1,738,738,O,HR_DOM,L,367,120.0,0.0,1250,2.9,I09497,124.32,202622,N,HG01,202624,28-MAY-26 00:00:00,,, ,I,HR_DOM,120.0,I09497,HR,12-MAY-26 08:00:07
9519741889,5,1,738,738,O,HR_DOM,L,367,120.0,85.09,1250,3.0,I09497,36.46,202622,N,HG01,202624,28-MAY-26 00:00:00,,, ,I,HR_DOM,120.0,I09497,HR,12-MAY-26 08:00:07
9519741889,6,1,738,738,O,HR_DOM,L,367,60.0,26.53,1250,5.0,I09508,34.68,202622,N,HG22,202624,30-MAY-26 00:00:00,,, ,I,HR_DOM,60.0,I09508,HR,12-MAY-26 08:00:07
9519741889,7,1,738,738,O,HR_DOM,L,367,120.0,0.0,1250,4.8,TIP001,123.08,202622,N,HG34,202624,03-JUN-26 00:00:00,,, ,I,HR_DOM,120.0,TIP001,HR,12-MAY-26 08:00:07
4000538871,69,1,738,738,F,ACRM_SLIT,L,367,30.0,0.0,1260,2.8,T01069,30.77,202619,N,SH69,202620,20-MAY-26 00:00:00,,,,B,ACRM_SLIT,30.0,T01069,HR,12-MAY-26 08:00:07
4000538871,70,1,738,738,F,ACRM_SLIT,L,367,30.0,0.0,1260,2.8,T01069,30.77,202619,N,SH69,202620,20-MAY-26 00:00:00,,,,B,ACRM_SLIT,30.0,T01069,HR,12-MAY-26 08:00:07
4000538871,71,1,738,738,F,ACRM_SLIT,L,367,150.0,0.0,1260,2.8,T01069,153.85,202619,N,SH69,202620,03-JUN-26 00:00:00,,,,B,ACRM_SLIT,150.0,T01069,HR,12-MAY-26 08:00:07
4000538871,76,1,738,738,F,ACRM_SLIT,L,367,90.0,0.0,1260,2.5,T01069,92.31,202619,N,SH69,202620,20-MAY-26 00:00:00,,,,B,ACRM_SLIT,90.0,T01069,HR,12-MAY-26 08:00:07
4000538871,16,1,738,738,F,ACRM_SLIT,L,367,30.0,0.0,1270,2.0,TSH067,30.77,202619,N,SH67,202620,20-MAY-26 00:00:00,,,,B,ACRM_SLIT,30.0,TSH067,HR,12-MAY-26 08:00:07
4000538871,19,1,738,738,F,ACRM_SLIT,L,367,150.0,0.0,1260,2.8,T01069,153.84,202619,N,SH69,202620,03-JUN-26 00:00:00,,,,B,ACRM_SLIT,150.0,T01069,HR,12-MAY-26 08:00:07
4000538871,89,1,738,738,F,ACRM_SLIT,L,367,150.0,0.0,1270,2.0,TSH067,153.85,202619,N,SH67,202620,03-JUN-26 00:00:00,,,,B,ACRM_SLIT,150.0,TSH067,HR,12-MAY-26 08:00:07
4000538871,91,1,738,738,F,ACRM_SLIT,L,367,90.0,0.0,1260,2.5,T01069,92.31,202619,N,SH69,202620,03-JUN-26 00:00:00,,,,B,ACRM_SLIT,90.0,T01069,HR,12-MAY-26 08:00:07
4000538871,92,1,738,738,F,ACRM_SLIT,L,367,30.0,0.0,1260,2.8,T01069,30.77,202619,N,SH69,202620,20-MAY-26 00:00:00,,,,B,ACRM_SLIT,30.0,T01069,HR,12-MAY-26 08:00:07
9519742857,1,1,738,742,O,ACRM CRCA CRS,L,C01,58.0,0.0,1270,2.0,T01320,66.7,202619,N,SH08,202625,03-JUN-26 00:00:00,,,,G,ACRM CRCA CRS,58.0,T01320,HR,12-MAY-26 08:00:07
4000538287,1,1,738,738,T,HR_DOM,A,367,90.0,0.0,1250,5.5,TSM011,92.31,202621,N,TM11,202623,27-MAY-26 00:00:00,,,,R,HR_DOM,90.0,TSM011,HR,12-MAY-26 08:00:07
4000538287,2,1,738,738,T,HR_DOM,A,367,60.0,0.0,1250,5.0,TSM011,61.54,202621,N,TM11,202623,27-MAY-26 00:00:00,,,,R,HR_DOM,60.0,TSM011,HR,12-MAY-26 08:00:07
4000538287,3,1,738,738,T,HR_DOM,A,367,60.0,0.0,1250,6.0,TSM011,61.54,202621,N,TM11,202623,27-MAY-26 00:00:00,,,,R,HR_DOM,60.0,TSM011,HR,12-MAY-26 08:00:07
4000537396,1,1,738,738,F,HR_DOM,L,367,290.0,0.0,1210,2.2,THG004,306.64,202624,N,HG50,202626,12-JUN-26 00:00:00,,,,I,HR_DOM,290.0,THG004,HR,12-MAY-26 08:00:07
9519743374,1,1,738,738,O,HR_DOM,L,367,210.0,0.0,1250,1.6,TIP001,215.39,202625,N,HG34,202626,03-JUN-26 00:00:00,,,,I,HR_DOM,210.0,TIP001,HR,12-MAY-26 08:00:07
9519743374,2,1,738,738,O,HR_DOM,L,367,272.0,0.0,1500,2.0,TIP001,278.97,202622,N,HG34,202623,03-JUN-26 00:00:00,,,,G,HR_DOM,272.0,TIP001,HR,12-MAY-26 08:00:07
9519743374,3,1,738,738,O,HR_DOM,L,367,238.0,0.0,1500,2.0,TIP001,244.1,202622,N,HG34,202623,03-JUN-26 00:00:00,,,,G,HR_DOM,238.0,TIP001,HR,12-MAY-26 08:00:07
9519743374,4,1,738,738,O,HR_DOM,L,367,170.0,0.0,1570,4.3,TIP001,174.36,202623,N,HG34,202624,08-JUN-26 00:00:00,,,,I,HR_DOM,170.0,TIP001,HR,12-MAY-26 08:00:07
9519743374,5,1,738,738,O,HR_DOM,L,367,170.0,29.19,1550,4.85,TIP001,144.42,202623,N,HG34,202624,08-JUN-26 00:00:00,,,,I,HR_DOM,170.0,TIP001,HR,12-MAY-26 08:00:07
9519749412,1,1,738,738,O,HR_DOM,A,367,34.0,0.0,1500,2.5,UNB042,49.82,202622,N,UN42,202623,30-MAY-26 00:00:00,,, ,I,HR_DOM,34.0,UNB042,HR,12-MAY-26 08:00:07
9519749412,2,1,738,738,O,HR_DOM,A,367,34.0,0.0,1500,6.0,TIP006,35.22,202622,N,HG42,202623,30-MAY-26 00:00:00,,, ,I,HR_DOM,34.0,TIP006,HR,12-MAY-26 08:00:07
9519730026,2,1,738,742,O,HR_DOM,,C01,115.91,0.0,0,0.0, ,0.0,202621,N,,202625,03-JUN-26 00:00:00,,, ,I,HR_DOM,115.91,,HR,12-MAY-26 08:00:07
9519721298,1,1,738,742,O,ACRM CRCA CRS,L,C01,174.0,0.0,1250,2.5,T01320,200.1,202621,N,SH08,202626,03-JUN-26 00:00:00,,, ,I,ACRM CRCA CRS,174.0,T01320,HR,12-MAY-26 08:00:07
9519741889,9,1,738,738,O,HR_DOM,A,367,34.0,0.0,1500,4.8,I17020,37.9,202623,N,HR05,202625,03-JUN-26 00:00:00,,, ,I,HR_DOM,34.0,I17020,HR,12-MAY-26 08:00:07
9519741889,10,1,738,738,O,HR_DOM,A,367,102.0,0.0,1500,3.0,I17020,113.71,202623,N,HR05,202625,03-JUN-26 00:00:00,,, ,I,HR_DOM,102.0,I17020,HR,12-MAY-26 08:00:07
9519741889,11,1,738,738,O,HR_DOM,A,367,102.0,0.0,1500,5.8,I17021,107.85,202623,N,HR08,202625,02-JUN-26 00:00:00,,, ,I,HR_DOM,102.0,I17021,HR,12-MAY-26 08:00:07
9519741889,12,1,738,738,O,HR_DOM,A,367,102.0,0.0,1500,4.8,I17020,113.71,202623,N,HR05,202625,03-JUN-26 00:00:00,,, ,I,HR_DOM,102.0,I17020,HR,12-MAY-26 08:00:07
9519742426,1,1,738,738,O,HR_DOM,A,367,34.0,0.0,1500,6.0,UNB027,34.87,202621,N,UN27,202623,31-MAY-26 00:00:00,,, ,G,HR_DOM,34.0,UNB027,HR,12-MAY-26 08:00:07
9519739161,7,1,738,738,O,HR_DOM,S,367,272.0,0.0,1515,2.5,BSL074,278.97,202622,N,BS74,202624,07-JUN-26 00:00:00,,,,I,HR_DOM,272.0,BSL074,HR,12-MAY-26 08:00:07
9519739161,8,1,738,738,O,HR_DOM,S,367,272.0,0.0,1515,2.5,BSL074,278.97,202622,N,BS74,202624,07-JUN-26 00:00:00,,,,I,HR_DOM,272.0,BSL074,HR,12-MAY-26 08:00:07
9519739161,9,1,738,738,O,HR_DOM,S,367,272.0,0.0,1515,2.5,BSL074,278.97,202622,N,BS74,202624,01-JUN-26 00:00:00,,,,I,HR_DOM,272.0,BSL074,HR,12-MAY-26 08:00:07
9519739161,10,1,738,738,O,HR_DOM,S,367,272.0,0.0,1515,2.5,BSL074,278.97,202622,N,BS74,202624,01-JUN-26 00:00:00,,,,I,HR_DOM,272.0,BSL074,HR,12-MAY-26 08:00:07
4000538871,94,1,738,738,F,ACRM_SLIT,L,367,90.0,0.0,1260,2.5,T01069,92.31,202619,N,SH69,202620,03-JUN-26 00:00:00,,,,B,ACRM_SLIT,90.0,T01069,HR,12-MAY-26 08:00:07
4000538871,95,1,738,738,F,ACRM_SLIT,L,367,30.0,0.0,1260,2.5,T01069,30.77,202619,N,SH69,202620,20-MAY-26 00:00:00,,,,B,ACRM_SLIT,30.0,T01069,HR,12-MAY-26 08:00:07
4000538871,96,1,738,738,F,ACRM_SLIT,L,367,30.0,0.0,1260,2.5,T01069,30.77,202619,N,SH69,202620,20-MAY-26 00:00:00,,,,B,ACRM_SLIT,30.0,T01069,HR,12-MAY-26 08:00:07
4000538871,82,1,738,738,F,ACRM_SLIT,L,367,90.0,0.0,1260,2.8,T01069,92.31,202619,N,SH69,202620,20-MAY-26 00:00:00,,,,B,ACRM_SLIT,90.0,T01069,HR,12-MAY-26 08:00:07
4000538871,86,1,738,738,F,ACRM_SLIT,L,367,90.0,28.59,1260,2.5,TSH067,62.99,202619,N,SH67,202620,03-JUN-26 00:00:00,,,,B,ACRM_SLIT,90.0,TSH067,HR,12-MAY-26 08:00:07
4000538871,87,1,738,738,F,ACRM_SLIT,L,367,30.0,0.0,1270,2.0,TSH067,30.77,202619,N,SH67,202620,20-MAY-26 00:00:00,,,,B,ACRM_SLIT,30.0,TSH067,HR,12-MAY-26 08:00:07
4000538871,88,1,738,738,F,ACRM_SLIT,L,367,30.0,0.0,1270,2.0,TSH067,30.77,202619,N,SH67,202620,20-MAY-26 00:00:00,,,,B,ACRM_SLIT,30.0,TSH067,HR,12-MAY-26 08:00:07
9519747588,2,1,738,738,O,HR_DOM,L,367,30.0,0.0,1250,2.0,TIP001,30.77,202622,N,HG34,202624,03-JUN-26 00:00:00,,, ,I,HR_DOM,30.0,TIP001,HR,12-MAY-26 08:00:07
9519711988,3,1,738,742,O,ACRM CRCA SPM,L,C01,29.0,0.0,1250,3.2,T01320,33.35,202621,N,SH08,202625,03-JUN-26 00:00:00,,, ,I,ACRM CRCA SPM,29.0,T01320,HR,12-MAY-26 08:00:07
9519711988,4,1,738,742,O,ACRM CRCA SPM,L,C01,29.0,0.0,1250,4.0,T01320,33.35,202621,N,SH08,202625,03-JUN-26 00:00:00,,, ,I,ACRM CRCA SPM,29.0,T01320,HR,12-MAY-26 08:00:07
9519716161,4,1,738,742,O,ACRM CRCA CRS,L,C01,23.0,0.0,1025,2.8,T01320,26.45,202620,N,SH08,202625,03-JUN-26 00:00:00,,, ,I,ACRM CRCA CRS,23.0,T01320,HR,12-MAY-26 08:00:07
9519716161,7,1,738,742,O,ACRM CRCA CRS,L,C01,21.0,0.0,925,3.2,T01320,24.15,202620,N,SH08,202625,03-JUN-26 00:00:00,,, ,I,ACRM CRCA CRS,21.0,T01320,HR,12-MAY-26 08:00:07
9519716161,10,1,738,742,O,ACRM CRCA CRS,L,C01,21.0,0.0,925,3.2,T01320,24.15,202620,N,SH08,202625,03-JUN-26 00:00:00,,, ,I,ACRM CRCA CRS,21.0,T01320,HR,12-MAY-26 08:00:07
9519670654,2,1,738,738,O,HR_DOM,L,367,90.0,0.0,1250,2.0,TIP001,92.31,202622,N,HG34,202624,03-JUN-26 00:00:00,,, ,I,HR_DOM,90.0,TIP001,HR,12-MAY-26 08:00:07
9519721298,2,1,738,742,O,ACRM CRCA CRS,L,C01,29.0,0.0,1250,2.5,T01320,33.35,202621,N,SH08,202626,03-JUN-26 00:00:00,,, ,I,ACRM CRCA CRS,29.0,T01320,HR,12-MAY-26 08:00:07
9519721298,7,1,738,742,O,ACRM CRCA CRS,L,C01,23.0,0.0,1025,3.2,T01320,26.45,202620,N,SH08,202626,03-JUN-26 00:00:00,,, ,I,ACRM CRCA CRS,23.0,T01320,HR,12-MAY-26 08:00:07
9519721298,8,1,738,742,O,ACRM CRCA CRS,L,C01,23.0,0.0,1025,4.0,T01320,26.45,202620,N,SH08,202626,03-JUN-26 00:00:00,,, ,I,ACRM CRCA CRS,23.0,T01320,HR,12-MAY-26 08:00:07
9519721298,9,1,738,742,O,ACRM CRCA CRS,L,C01,23.0,0.0,1025,4.0,T01320,26.45,202620,N,SH08,202626,03-JUN-26 00:00:00,,, ,I,ACRM CRCA CRS,23.0,T01320,HR,12-MAY-26 08:00:07
9519749500,7,1,738,738,O,HR_DOM,A,367,68.0,0.0,1500,7.8,THG038,69.74,202619,N,HG38,202621,20-MAY-26 00:00:00,,,,B,HR_DOM,68.0,THG038,HR,12-MAY-26 08:00:07
9519749500,2,1,738,738,O,HR_DOM,A,367,136.0,0.0,1500,3.0,TIP006,140.9,202619,N,HG42,202621,20-MAY-26 00:00:00,,,,B,HR_DOM,136.0,TIP006,HR,12-MAY-26 08:00:07
9519749500,3,1,738,738,O,HR_DOM,A,367,68.0,0.0,1500,3.5,TIP006,70.45,202619,N,HG42,202621,20-MAY-26 00:00:00,,,,B,HR_DOM,68.0,TIP006,HR,12-MAY-26 08:00:07
9519749500,4,1,738,738,O,HR_DOM,A,367,68.0,0.0,1500,4.0,TIP006,70.45,202619,N,HG42,202621,20-MAY-26 00:00:00,,,,B,HR_DOM,68.0,TIP006,HR,12-MAY-26 08:00:07
9519749500,5,1,738,738,O,HR_DOM,A,367,68.0,0.0,1500,5.0,TIP006,70.45,202619,N,HG42,202621,20-MAY-26 00:00:00,,,,B,HR_DOM,68.0,TIP006,HR,12-MAY-26 08:00:07
9519749500,8,1,738,738,O,HR_DOM,A,367,68.0,0.0,1500,11.99,THG038,69.74,202619,N,HG38,202621,20-MAY-26 00:00:00,,,,B,HR_DOM,68.0,THG038,HR,12-MAY-26 08:00:07
9519721342,5,1,738,743,O,ACRM GP#3 NARROW,L,C02,62.99,0.0,925,2.3,T01576,72.45,202620,N,HG02,202624,03-JUN-26 00:00:00,,, ,I,ACRM GP#3 NARROW,62.99,T01576,HR,12-MAY-26 08:00:07
9519721342,6,1,738,743,O,ACRM GP#3 NARROW,L,C02,62.99,0.0,925,2.3,T01576,72.45,202620,N,HG02,202624,03-JUN-26 00:00:00,,, ,I,ACRM GP#3 NARROW,62.99,T01576,HR,12-MAY-26 08:00:07
9519721342,7,1,738,743,O,ACRM GP#3 NARROW,L,C02,20.99,0.0,925,2.25,S02149,24.139,202620,N,SF93,202624,30-MAY-26 00:00:00,,, ,I,ACRM GP#3 NARROW,20.99,S02149,HR,12-MAY-26 08:00:07
9519721342,8,1,738,743,O,ACRM GP#3 NARROW,L,C02,20.99,0.0,925,2.25,S02149,24.139,202620,N,SF93,202624,30-MAY-26 00:00:00,,, ,I,ACRM GP#3 NARROW,20.99,S02149,HR,12-MAY-26 08:00:07
9519739161,11,1,738,738,O,HR_DOM,S,367,272.0,0.0,1515,2.5,BSL074,278.97,202622,N,BS74,202624,01-JUN-26 00:00:00,,,,I,HR_DOM,272.0,BSL074,HR,12-MAY-26 08:00:07
4000539148,1,1,738,738,F,KCRM,L,367,280.0,0.0,1180,2.2,THE003,287.18,202621,N,HE03,202623,01-JUN-26 00:00:00,,,,G,KCRM,280.0,THE003,HR,12-MAY-26 08:00:07
9519741665,2,1,738,738,O,HR_DOM,A,367,34.0,0.0,1500,6.0,TIP006,35.22,202621,N,HG42,202622,29-MAY-26 00:00:00,,, ,Y,HR_DOM,34.0,TIP006,HR,12-MAY-26 08:00:07
9519741665,1,1,738,738,O,HR_DOM,A,367,34.0,0.0,1500,5.0,TIP006,35.22,202621,N,HG42,202622,29-MAY-26 00:00:00,,, ,Y,HR_DOM,34.0,TIP006,HR,12-MAY-26 08:00:07
4000539605,1,1,738,738,F,HR_SPC,A,367,272.0,0.0,1590,8.0,THB094,348.72,202624,N,HA94,202625,11-JUN-26 00:00:00,,, ,I,HR_SPC,272.0,THB094,HR,12-MAY-26 08:00:07
4000539605,2,1,738,738,F,HR_SPC,A,367,272.0,0.0,1590,8.0,THB094,348.72,202624,N,HA94,202625,11-JUN-26 00:00:00,,, ,I,HR_SPC,272.0,THB094,HR,12-MAY-26 08:00:07
9519739650,3,1,738,738,O,HR_DOM,A,367,34.0,0.0,1500,8.0,THG038,34.87,202621,N,HG38,202622,29-MAY-26 00:00:00,,, ,Y,HR_DOM,34.0,THG038,HR,12-MAY-26 08:00:07
9519739650,4,1,738,738,O,HR_DOM,A,367,34.0,0.0,1500,10.0,THG038,34.87,202621,N,HG38,202622,29-MAY-26 00:00:00,,, ,Y,HR_DOM,34.0,THG038,HR,12-MAY-26 08:00:07
4000538871,12,1,738,738,F,ACRM_SLIT,L,367,30.0,0.0,1270,2.0,TSH067,30.77,202619,N,SH67,202620,20-MAY-26 00:00:00,,,,B,ACRM_SLIT,30.0,TSH067,HR,12-MAY-26 08:00:07
4000538871,4,1,738,738,F,ACRM_SLIT,L,367,30.0,0.0,1270,2.0,TSH067,30.77,202619,N,SH67,202620,20-MAY-26 00:00:00,,,,B,ACRM_SLIT,30.0,TSH067,HR,12-MAY-26 08:00:07
4000538871,57,1,738,738,F,ACRM_SLIT,L,367,30.0,0.0,1260,2.8,T01069,30.77,202619,N,SH69,202620,20-MAY-26 00:00:00,,,,B,ACRM_SLIT,30.0,T01069,HR,12-MAY-26 08:00:07
4000538871,23,1,738,738,F,ACRM_SLIT,L,367,30.0,0.0,1270,2.0,TSH067,30.77,202619,N,SH67,202620,20-MAY-26 00:00:00,,,,B,ACRM_SLIT,30.0,TSH067,HR,12-MAY-26 08:00:07
4000539635,1,1,738,738,F,K_LDP,A,367,300.0,84.82,1250,5.6,TTU073,220.7,202622,N,TU73,202624,01-JUN-26 00:00:00,,, ,G,K_LDP,300.0,TTU073,HR,12-MAY-26 08:00:07
4000539635,2,1,738,738,F,K_LDP,A,367,300.0,0.0,1250,5.6,TTU073,307.69,202622,N,TU73,202624,01-JUN-26 00:00:00,,, ,G,K_LDP,300.0,TTU073,HR,12-MAY-26 08:00:07
4000539635,3,1,738,738,F,K_LDP,A,367,180.0,0.0,1250,5.6,TTU073,184.62,202622,N,TU73,202624,01-JUN-26 00:00:00,,, ,G,K_LDP,180.0,TTU073,HR,12-MAY-26 08:00:07
9519703636,2,1,738,742,O,ACRM CRCA CRS,L,C01,87.0,0.0,1250,2.5,T01320,100.05,202621,N,SH08,202625,03-JUN-26 00:00:00,,, ,I,ACRM CRCA CRS,87.0,T01320,HR,12-MAY-26 08:00:07
9519703636,4,1,738,742,O,ACRM CRCA SPM,L,C01,261.0,0.0,1250,4.0,T01312,300.15,202621,N,SF58,202625,26-MAY-26 00:00:00,,, ,R,ACRM CRCA SPM,261.0,T01312,HR,12-MAY-26 08:00:07
4000538037,6,1,738,738,F,TUBE,L,367,204.0,181.57,1650,5.8,I09508,29.48,202621,N,HG22,202622,03-JUN-26 00:00:00,,,,R,TUBE,204.0,I09508,HR,12-MAY-26 08:00:07
9519739650,5,1,738,738,O,HR_DOM,A,367,34.0,0.0,1500,12.0,THG038,34.87,202621,N,HG38,202622,29-MAY-26 00:00:00,,, ,Y,HR_DOM,34.0,THG038,HR,12-MAY-26 08:00:07
9519739789,1,1,738,738,O,HR_DOM,L,367,60.0,57.5,1250,2.0,Q17022,0.0,202620,N,HD08,202622,26-MAY-26 00:00:00,,,,R,HR_DOM,60.0,Q17022,HR,12-MAY-26 08:00:07
9519739789,3,1,738,738,O,HR_DOM,L,367,170.0,146.85,1500,2.5,I09490,26.41,202621,N,HG08,202623,14-MAY-26 00:00:00,,,,G,HR_DOM,170.0,I09490,HR,12-MAY-26 08:00:07
4000539612,4,1,738,738,F,KCRM,A,367,89.997,65.85,1250,2.3,THR099,26.92,202621,N,HR99,202623,01-JUN-26 00:00:00,,, ,G,KCRM,89.997,THR099,HR,12-MAY-26 08:00:07
4000539612,5,1,738,738,F,KCRM,A,367,149.997,88.23,1250,2.5,THR099,66.71,202621,N,HR99,202623,01-JUN-26 00:00:00,,, ,G,KCRM,149.997,THR099,HR,12-MAY-26 08:00:07
9519739790,1,1,738,738,O,HR_DOM,P,367,30.0,0.0,1250,2.5,UNB081,25.2,202619,N,UN81,202622,14-MAY-26 00:00:00,,,,R,HR_DOM,30.0,UNB081,HR,12-MAY-26 08:00:07
9519739790,2,1,738,738,O,HR_DOM,L,367,34.0,0.0,1500,2.5,TIP001,34.87,202622,N,HG34,202624,07-JUN-26 00:00:00,,, ,I,HR_DOM,34.0,TIP001,HR,12-MAY-26 08:00:07
9519739790,3,1,738,738,O,HR_DOM,L,367,102.0,0.0,1500,2.5,T01579,104.61,202622,N,TU02,202624,03-JUN-26 00:00:00,,, ,I,HR_DOM,102.0,T01579,HR,12-MAY-26 08:00:07
4000539635,8,1,738,738,F,K_LDP,A,367,170.0,123.76,1595,7.4,TTU073,47.43,202623,N,TU73,202625,03-JUN-26 00:00:00,,,,I,K_LDP,170.0,TTU073,HR,12-MAY-26 08:00:07
4000539635,9,1,738,738,F,K_LDP,A,367,204.0,30.94,1605,9.25,TTU073,177.5,202622,N,TU73,202623,31-MAY-26 00:00:00,,,,G,K_LDP,204.0,TTU073,HR,12-MAY-26 08:00:07
4000539635,11,1,738,738,F,K_LDP,A,367,210.0,28.29,1250,9.25,TTU073,186.37,202622,N,TU73,202624,01-JUN-26 00:00:00,,, ,G,K_LDP,210.0,TTU073,HR,12-MAY-26 08:00:07
4000539616,1,1,738,738,F,K_LDP,C,367,215.0,0.0,1250,8.0,THI065,220.51,202622,N,HI65,202624,01-JUN-26 00:00:00,,, ,G,K_LDP,215.0,THI065,HR,12-MAY-26 08:00:07
4000539616,2,1,738,738,F,K_LDP,C,367,215.0,0.0,1250,7.9,THI065,220.51,202622,N,HI65,202624,01-JUN-26 00:00:00,,, ,G,K_LDP,215.0,THI065,HR,12-MAY-26 08:00:07
4000539616,3,1,738,738,F,K_LDP,C,367,223.0,0.0,1280,9.5,THI066,228.72,202620,N,HI66,202622,20-MAY-26 00:00:00,,, ,B,K_LDP,223.0,THI066,HR,12-MAY-26 08:00:07
4000538871,83,1,738,738,F,ACRM_SLIT,L,367,90.0,0.0,1260,2.5,T01069,92.31,202619,N,SH69,202620,03-JUN-26 00:00:00,,,,B,ACRM_SLIT,90.0,T01069,HR,12-MAY-26 08:00:07
9519742787,2,1,738,738,O,HR_DOM,L,367,150.0,119.26,1235,2.9,T01576,31.9,202621,N,HG02,202622,23-MAY-26 00:00:00,,,,R,HR_DOM,150.0,T01576,HR,12-MAY-26 08:00:07
9519742787,4,1,738,738,O,HR_DOM,L,367,150.0,123.72,1235,3.2,T01576,27.23,202621,N,HG02,202622,23-MAY-26 00:00:00,,,,R,HR_DOM,150.0,T01576,HR,12-MAY-26 08:00:07
9519746102,1,1,738,738,O,HR_DOM,P,367,30.0,0.0,1250,2.8,I17022,30.77,202623,N,HR07,202625,09-JUN-26 00:00:00,,,,I,HR_DOM,30.0,I17022,HR,12-MAY-26 08:00:07
9519647561,5,1,738,742,O,ACRM CRCA CRS,L,C01,23.0,0.0,1025,3.2,T01320,26.45,202620,N,SH08,202626,03-JUN-26 00:00:00,,, ,I,ACRM CRCA CRS,23.0,T01320,HR,12-MAY-26 08:00:07
9519647561,6,1,738,742,O,ACRM CRCA CRS,L,C01,23.0,0.0,1025,4.0,T01320,26.45,202620,N,SH08,202626,03-JUN-26 00:00:00,,, ,I,ACRM CRCA CRS,23.0,T01320,HR,12-MAY-26 08:00:07
4000539907,3,1,738,738,F,HR_DOM,A,367,96.0,0.0,1500,12.0,I17021,101.51,202620,N,HR08,202621,20-MAY-26 00:00:00,,,,G,HR_DOM,96.0,I17021,HR,12-MAY-26 08:00:07
4000539907,5,1,738,738,F,HR_DOM,L,367,60.0,0.0,1250,2.0,TIP001,61.54,202620,N,HG34,202621,28-MAY-26 00:00:00,,,,Y,HR_DOM,60.0,TIP001,HR,12-MAY-26 08:00:07
9519648133,1,1,738,738,O,HR_DOM,A,367,120.0,53.01,1250,5.0,THA016,71.22,202621,N,HA19,202623,24-MAY-26 00:00:00,,, ,R,HR_DOM,120.0,THA016,HR,12-MAY-26 08:00:07
9519648133,5,1,738,738,O,HR_DOM,A,367,30.0,0.0,1250,7.0,THA016,31.4,202621,N,HA19,202623,24-MAY-26 00:00:00,,, ,R,HR_DOM,30.0,THA016,HR,12-MAY-26 08:00:07
9519648133,3,1,738,738,O,HR_DOM,A,367,240.0,26.49,1250,6.0,THA016,224.01,202621,N,HA19,202623,24-MAY-26 00:00:00,,, ,R,HR_DOM,240.0,THA016,HR,12-MAY-26 08:00:07
9519648133,7,1,738,738,O,HR_DOM,A,367,300.0,0.0,1250,8.0,THA016,313.97,202621,N,HA19,202623,24-MAY-26 00:00:00,,, ,R,HR_DOM,300.0,THA016,HR,12-MAY-26 08:00:07
4000539612,6,1,738,738,F,KCRM,A,367,89.997,0.0,1250,2.9,THR099,95.16,202621,N,HR99,202623,01-JUN-26 00:00:00,,, ,G,KCRM,89.997,THR099,HR,12-MAY-26 08:00:07
4000539612,7,1,738,738,F,KCRM,A,367,299.997,0.0,1250,3.0,THR099,317.21,202621,N,HR99,202623,27-MAY-26 00:00:00,,, ,G,KCRM,299.997,THR099,HR,12-MAY-26 08:00:07
4000539612,8,1,738,738,F,KCRM,A,367,209.997,0.0,1250,3.0,THR099,222.04,202621,N,HR99,202623,01-JUN-26 00:00:00,,, ,G,KCRM,209.997,THR099,HR,12-MAY-26 08:00:07
4000539612,9,1,738,738,F,KCRM,A,367,90.0,0.0,1250,3.15,THR099,95.16,202620,N,HR99,202622,26-MAY-26 00:00:00,,, ,R,KCRM,90.0,THR099,HR,12-MAY-26 08:00:07
4000539612,10,1,738,738,F,KCRM,A,367,150.0,0.0,1250,5.0,THR099,158.6,202620,N,HR99,202622,25-MAY-26 00:00:00,,, ,R,KCRM,150.0,THR099,HR,12-MAY-26 08:00:07
4000539612,11,1,738,738,F,KCRM,A,367,90.0,0.0,1250,6.0,THR099,95.16,202620,N,HR99,202622,26-MAY-26 00:00:00,,, ,R,KCRM,90.0,THR099,HR,12-MAY-26 08:00:07
4000538871,62,1,738,738,F,ACRM_SLIT,L,367,90.0,0.0,1260,2.8,T01069,92.31,202619,N,SH69,202620,03-JUN-26 00:00:00,,,,B,ACRM_SLIT,90.0,T01069,HR,12-MAY-26 08:00:07
9519689559,4,1,738,738,O,HR_DOM,L,367,60.0,0.0,1250,2.5,TIP001,61.54,202622,N,HG34,202623,30-MAY-26 00:00:00,,,,I,HR_DOM,60.0,TIP001,HR,12-MAY-26 08:00:07
9519689559,5,1,738,738,O,HR_DOM,L,367,60.0,0.0,1250,3.0,TIP001,61.54,202622,N,HG34,202623,30-MAY-26 00:00:00,,, ,I,HR_DOM,60.0,TIP001,HR,12-MAY-26 08:00:07
9519740229,1,1,738,738,O,HR_DOM,L,B77,150.0,58.21,1250,1.6,THR085,105.06,202618,N,HR85,202621,18-MAY-26 00:00:00,,, ,B,HR_DOM,150.0,THR085,HR,12-MAY-26 08:00:07
9519740229,2,1,738,738,O,HR_DOM,L,B77,150.0,142.56,1250,2.0,THR085,12.88,202618,N,HR85,202621,18-MAY-26 00:00:00,,, ,B,HR_DOM,150.0,THR085,HR,12-MAY-26 08:00:07
4000539694,6,1,738,738,F,K_LDP,A,367,246.0,0.0,1250,11.1,TTU080,252.31,202622,N,TU80,202624,01-JUN-26 00:00:00,,, ,G,K_LDP,246.0,TTU080,HR,12-MAY-26 08:00:07
4000539695,1,1,738,738,F,K_LDP,T,367,196.0,138.5,1250,6.4,BSL065,56.98,202621,N,BS65,202624,13-MAY-26 00:00:00,,, ,I,K_LDP,196.0,BSL065,HR,12-MAY-26 08:00:07
9519743285,6,1,738,738,O,HR_DOM,A,367,68.0,0.0,1500,5.8,I17021,71.9,202623,N,HR08,202625,03-JUN-26 00:00:00,,, ,I,HR_DOM,68.0,I17021,HR,12-MAY-26 08:00:07
9519745987,1,1,738,742,O,HR_DOM,,C01,134.99,0.0,0,0.0, ,0.0,202622,N,,202626,03-JUN-26 00:00:00,,, ,I,HR_DOM,134.99,,HR,12-MAY-26 08:00:07
9519748245,1,1,738,738,O,HR_DOM,P,367,30.0,0.0,1250,2.8,I17022,30.77,202622,N,HR07,202623,06-JUN-26 00:00:00,,, ,I,HR_DOM,30.0,I17022,HR,12-MAY-26 08:00:07
9519748245,2,1,738,738,O,HR_DOM,P,367,30.0,0.0,1250,2.9,I17022,30.77,202622,N,HR07,202623,06-JUN-26 00:00:00,,, ,I,HR_DOM,30.0,I17022,HR,12-MAY-26 08:00:07
9519748245,3,1,738,738,O,HR_DOM,P,367,30.0,0.0,1250,3.0,I17022,30.77,202622,N,HR07,202623,06-JUN-26 00:00:00,,, ,I,HR_DOM,30.0,I17022,HR,12-MAY-26 08:00:07
4000539727,8,1,738,738,F,K_TUBE,C,367,277.0,0.0,1250,2.6,BSL094,284.1,202621,N,BS94,202623,25-MAY-26 00:00:00,,, ,R,K_TUBE,277.0,BSL094,HR,12-MAY-26 08:00:07
4000539727,13,1,738,738,F,K_TUBE,C,367,123.0,0.0,1250,3.0,BSL094,126.15,202621,N,BS94,202623,27-MAY-26 00:00:00,,, ,R,K_TUBE,123.0,BSL094,HR,12-MAY-26 08:00:07
4000539678,4,1,738,738,F,K_TUBE,C,367,123.0,0.0,1250,3.0,BSL094,126.15,202621,N,BS94,202623,27-MAY-26 00:00:00,,, ,R,K_TUBE,123.0,BSL094,HR,12-MAY-26 08:00:07
4000539678,3,1,738,738,F,K_TUBE,C,367,277.0,0.0,1250,2.6,BSL094,284.1,202621,N,BS94,202623,25-MAY-26 00:00:00,,, ,R,K_TUBE,277.0,BSL094,HR,12-MAY-26 08:00:07
9519725010,1,1,738,743,O,ACRM GP#3 WIDER SOFT,L,C02,28.0,0.0,1235,2.0,T01576,32.2,202620,N,HG02,202624,03-JUN-26 00:00:00,,,,I,ACRM GP#3 WIDER SOFT,28.0,T01576,HR,12-MAY-26 08:00:07
9519725010,4,1,738,743,O,ACRM GP#3 WIDER SOFT,L,C02,28.0,23.66,1235,2.25,T01576,32.2,202626,N,HG02,202630,11-JUN-26 00:00:00,,,,I,ACRM GP#3 WIDER SOFT,28.0,T01576,HR,12-MAY-26 08:00:07
9519732899,1,1,738,743,F,ACRM GP#2 NON TBSPL,L,B03,56.0,0.0,1235,2.2,S02149,64.4,202622,N,SF93,202625,03-JUN-26 00:00:00,,,,I,ACRM GP#2 NON TBSPL,56.0,S02149,HR,12-MAY-26 08:00:07
9519725587,1,1,738,742,T,ACRM CRCA CRS,L,C01,56.0,0.0,1250,4.0,T01312,64.4,202621,N,SF58,202626,03-JUN-26 00:00:00,,, ,I,ACRM CRCA CRS,56.0,T01312,HR,12-MAY-26 08:00:07
9519735137,1,1,738,738,O,HR_DOM,A,367,272.0,203.13,1500,5.0,THA016,72.61,202621,N,HA19,202623,24-MAY-26 00:00:00,,, ,R,HR_DOM,272.0,THA016,HR,12-MAY-26 08:00:07
9519735130,1,1,738,738,O,HR_DOM,A,367,90.0,0.0,1250,8.0,THA016,94.19,202621,N,HA19,202623,24-MAY-26 00:00:00,,, ,R,HR_DOM,90.0,THA016,HR,12-MAY-26 08:00:07
9519711035,3,1,738,738,O,HR_DOM,A,367,272.0,0.0,1445,13.8,THA041,290.6,202621,N,HA14,202623,27-MAY-26 00:00:00,,, ,R,HR_DOM,272.0,THA041,HR,12-MAY-26 08:00:07
9519711035,7,1,738,738,O,HR_DOM,A,367,272.0,0.0,1445,13.8,THA041,290.6,202621,N,HA14,202623,27-MAY-26 00:00:00,,, ,R,HR_DOM,272.0,THA041,HR,12-MAY-26 08:00:07
9519749926,3,1,738,743,O,ACRM GP#3 WIDER HARD,L,C05,155.0,0.0,1365,2.0,S02149,178.25,202619,N,SF93,202623,01-JUN-26 00:00:00,,, ,G,ACRM GP#3 WIDER HARD,155.0,S02149,HR,12-MAY-26 08:00:07
9519749926,4,1,738,743,O,ACRM GP#3 WIDER HARD,L,C05,62.0,0.0,1365,2.5,S02149,71.3,202619,N,SF93,202623,02-JUN-26 00:00:00,,, ,G,ACRM GP#3 WIDER HARD,62.0,S02149,HR,12-MAY-26 08:00:07
9519749926,1,1,738,743,O,ACRM GP#3 WIDER HARD,L,C05,155.0,0.0,1365,2.25,S02149,178.25,202619,N,SF93,202623,01-JUN-26 00:00:00,,, ,G,ACRM GP#3 WIDER HARD,155.0,S02149,HR,12-MAY-26 08:00:07
9519709296,5,1,738,743,O,ACRM GP#3 WIDER SOFT,L,C02,28.0,20.72,1235,2.25,T01576,32.2,202626,N,HG02,202630,11-JUN-26 00:00:00,,,,I,ACRM GP#3 WIDER SOFT,28.0,T01576,HR,12-MAY-26 08:00:07
9519709296,4,1,738,743,O,ACRM GP#3 WIDER SOFT,L,C02,28.0,23.79,1235,2.25,T01576,32.2,202620,N,HG02,202624,03-JUN-26 00:00:00,,, ,I,ACRM GP#3 WIDER SOFT,28.0,T01576,HR,12-MAY-26 08:00:07
9519627154,3,1,738,743,O,ACRM GP#3 WIDER SOFT,L,C02,28.0,0.0,1235,2.25,S02149,32.2,202620,N,SF93,202624,30-MAY-26 00:00:00,,, ,I,ACRM GP#3 WIDER SOFT,28.0,S02149,HR,12-MAY-26 08:00:07
9519715267,8,1,738,738,O,HR_DOM,L,367,30.0,23.54,1250,2.8,I09497,0.0,202623,N,HG01,202625,25-MAY-26 00:00:00,,, ,R,HR_DOM,30.0,I09497,HR,12-MAY-26 08:00:07
9519715267,10,1,738,738,O,HR_DOM,L,367,60.0,0.0,1250,2.9,I09497,62.16,202622,N,HG01,202624,28-MAY-26 00:00:00,,, ,I,HR_DOM,60.0,I09497,HR,12-MAY-26 08:00:07
9519714238,3,1,738,738,O,HR_DOM,A,367,204.0,0.0,1500,7.8,I17021,215.7,202623,N,HR08,202625,01-JUN-26 00:00:00,,, ,I,HR_DOM,204.0,I17021,HR,12-MAY-26 08:00:07
9519714238,5,1,738,738,O,HR_DOM,A,367,102.0,0.0,1500,11.8,I17021,107.85,202623,N,HR08,202625,03-JUN-26 00:00:00,,, ,I,HR_DOM,102.0,I17021,HR,12-MAY-26 08:00:07
9519714238,2,1,738,738,O,HR_DOM,A,367,204.0,0.0,1500,5.8,I17021,215.7,202623,N,HR08,202625,01-JUN-26 00:00:00,,, ,I,HR_DOM,204.0,I17021,HR,12-MAY-26 08:00:07
9519714238,4,1,738,738,O,HR_DOM,A,367,204.0,0.0,1500,9.8,I17021,215.7,202623,N,HR08,202625,01-JUN-26 00:00:00,,, ,I,HR_DOM,204.0,I17021,HR,12-MAY-26 08:00:07
9519732976,8,1,738,743,O,ACRM GP#3 WIDER SOFT,L,C02,168.0,0.0,1235,2.0,S02149,193.2,202620,N,SF93,202624,29-MAY-26 00:00:00,,, ,I,ACRM GP#3 WIDER SOFT,168.0,S02149,HR,12-MAY-26 08:00:07
9519732976,9,1,738,743,O,ACRM GP#3 WIDER SOFT,L,C02,168.0,0.0,1235,2.25,S02149,193.2,202620,N,SF93,202624,30-MAY-26 00:00:00,,, ,I,ACRM GP#3 WIDER SOFT,168.0,S02149,HR,12-MAY-26 08:00:07
9519729322,1,1,738,743,O,ACRM GP#3 WIDER SOFT,L,C02,140.0,116.13,1235,2.0,T01576,161.0,202620,N,HG02,202625,03-JUN-26 00:00:00,,, ,I,ACRM GP#3 WIDER SOFT,140.0,T01576,HR,12-MAY-26 08:00:07
9519731545,2,1,738,744,O,ACRM GP#2 PPGL,L,B18,56.0,57.21,1235,2.0,TSF093,64.4,202626,N,SH93,202629,05-JUN-26 00:00:00,,,,I,ACRM GP#2 PPGL,56.0,TSF093,HR,12-MAY-26 08:00:07
9519731545,4,1,738,744,O,ACRM GP#2 PPGL,L,B18,84.0,85.72,1235,2.0,TSF093,96.6,202626,N,SH93,202629,04-JUN-26 00:00:00,,,,I,ACRM GP#2 PPGL,84.0,TSF093,HR,12-MAY-26 08:00:07
9519731545,5,1,738,744,O,ACRM GP#2 PPGL,L,B18,28.0,28.55,1235,2.0,TSF093,32.2,202625,N,SH93,202628,03-JUN-26 00:00:00,,,,I,ACRM GP#2 PPGL,28.0,TSF093,HR,12-MAY-26 08:00:07
9519732976,4,1,738,743,O,ACRM GP#3 NARROW,L,C02,84.0,0.0,925,1.8,S02149,96.6,202620,N,SF93,202624,02-JUN-26 00:00:00,,, ,G,ACRM GP#3 NARROW,84.0,S02149,HR,12-MAY-26 08:00:07
9519732976,5,1,738,743,O,ACRM GP#3 NARROW,L,C02,84.0,0.0,925,1.8,S02149,96.6,202620,N,SF93,202624,02-JUN-26 00:00:00,,, ,G,ACRM GP#3 NARROW,84.0,S02149,HR,12-MAY-26 08:00:07
9519732976,6,1,738,743,O,ACRM GP#3 NARROW,L,C02,63.0,0.0,925,2.0,S02149,72.45,202620,N,SF93,202624,29-MAY-26 00:00:00,,, ,G,ACRM GP#3 NARROW,63.0,S02149,HR,12-MAY-26 08:00:07
9519749926,2,1,738,743,O,ACRM GP#3 WIDER HARD,L,C05,62.0,0.0,1365,1.8,S02149,71.3,202619,N,SF93,202623,02-JUN-26 00:00:00,,, ,G,ACRM GP#3 WIDER HARD,62.0,S02149,HR,12-MAY-26 08:00:07
9519735061,7,1,738,738,O,HR_DOM,A,367,102.0,50.76,1500,8.0,THA016,53.63,202621,N,HA19,202623,24-MAY-26 00:00:00,,, ,R,HR_DOM,102.0,THA016,HR,12-MAY-26 08:00:07
9519735061,8,1,738,738,O,HR_DOM,A,367,34.0,0.0,1500,10.0,A20002,38.32,202621,N,HA31,202623,24-MAY-26 00:00:00,,, ,R,HR_DOM,34.0,A20002,HR,12-MAY-26 08:00:07
9519723456,1,1,738,738,O,HR_DOM,A,367,272.0,0.0,1560,9.6,THB029,284.67,202622,N,HB29,202624,02-JUN-26 00:00:00,,, ,G,HR_DOM,272.0,THB029,HR,12-MAY-26 08:00:07
4000539904,1,1,738,738,F,KCRM,H,367,285.0,0.0,1300,3.5,S02015,292.31,202622,N,SH64,202623,30-MAY-26 00:00:00,,,,Y,KCRM,285.0,S02015,HR,12-MAY-26 08:00:07
4000539914,1,1,738,738,F,SCRM,I,367,60.0,0.0,1340,3.2,T01052,62.79,202622,N,SD88,202624,27-MAY-26 00:00:00,,,,R,SCRM,60.0,T01052,HR,12-MAY-26 08:00:07
4000539750,3,1,738,738,F,SCRM_SPC_SLIT,L,367,300.0,280.24,1270,2.5,T01576,50.17,202621,N,HG02,202622,26-MAY-26 00:00:00,,,,Y,SCRM_SPC_SLIT,300.0,T01576,HR,12-MAY-26 08:00:07
4000539750,4,1,738,738,F,SCRM_SPC_SLIT,L,367,90.0,28.46,1270,2.5,T01576,63.75,202621,N,HG02,202622,25-MAY-26 00:00:00,,,,R,SCRM_SPC_SLIT,90.0,T01576,HR,12-MAY-26 08:00:07
4000539483,2,1,738,738,F,KCRM,A,367,210.0,0.0,1250,6.0,THA042,217.56,202622,N,HB42,202624,02-JUN-26 00:00:00,,, ,G,KCRM,210.0,THA042,HR,12-MAY-26 08:00:07
9519732976,11,1,738,743,O,ACRM GP#3 WIDER SOFT,L,C02,56.0,0.0,1235,2.25,S02149,64.4,202620,N,SF93,202624,30-MAY-26 00:00:00,,, ,I,ACRM GP#3 WIDER SOFT,56.0,S02149,HR,12-MAY-26 08:00:07
9519732976,10,1,738,743,O,ACRM GP#3 WIDER SOFT,L,C02,56.0,0.0,1235,2.25,S02149,64.4,202620,N,SF93,202624,29-MAY-26 00:00:00,,, ,I,ACRM GP#3 WIDER SOFT,56.0,S02149,HR,12-MAY-26 08:00:07
9519711018,8,1,738,743,O,ACRM GP#3 NARROW,L,C02,63.0,0.0,925,2.25,S02149,72.45,202620,N,SF93,202624,30-MAY-26 00:00:00,,, ,I,ACRM GP#3 NARROW,63.0,S02149,HR,12-MAY-26 08:00:07
9519711018,1,1,738,743,O,ACRM GP#3 NARROW,L,C02,21.0,0.0,925,1.8,T01576,24.15,202620,N,HG02,202624,30-MAY-26 00:00:00,,, ,I,ACRM GP#3 NARROW,21.0,T01576,HR,12-MAY-26 08:00:07
9519711018,6,1,738,743,O,ACRM GP#3 NARROW,L,C02,105.0,0.0,925,2.0,S02149,120.75,202620,N,SF93,202624,30-MAY-26 00:00:00,,, ,I,ACRM GP#3 NARROW,105.0,S02149,HR,12-MAY-26 08:00:07
9519711018,7,1,738,743,O,ACRM GP#3 NARROW,L,C02,105.0,0.0,925,2.25,T01576,120.75,202620,N,HG02,202624,30-MAY-26 00:00:00,,, ,I,ACRM GP#3 NARROW,105.0,T01576,HR,12-MAY-26 08:00:07
9519711018,13,1,738,743,O,ACRM GP#3 WIDER SOFT,L,C02,28.0,0.0,1235,2.0,S02149,32.2,202620,N,SF93,202624,03-JUN-26 00:00:00,,, ,I,ACRM GP#3 WIDER SOFT,28.0,S02149,HR,12-MAY-26 08:00:07
9519711018,14,1,738,743,O,ACRM GP#3 WIDER SOFT,L,C02,28.0,0.0,1235,2.25,S02149,32.2,202620,N,SF93,202624,03-JUN-26 00:00:00,,, ,I,ACRM GP#3 WIDER SOFT,28.0,S02149,HR,12-MAY-26 08:00:07
9519711018,15,1,738,743,O,ACRM GP#3 WIDER SOFT,L,C02,28.0,0.0,1235,2.25,S02149,32.2,202620,N,SF93,202624,03-JUN-26 00:00:00,,, ,I,ACRM GP#3 WIDER SOFT,28.0,S02149,HR,12-MAY-26 08:00:07
9519719822,1,1,738,738,O,HR_DOM,L,367,150.0,0.0,1250,1.8,TIP001,153.85,202623,N,HG34,202625,03-JUN-26 00:00:00,,, ,I,HR_DOM,150.0,TIP001,HR,12-MAY-26 08:00:07
9519719716,1,1,738,738,O,HR_DOM,L,367,30.0,0.0,1250,2.0,THA058,30.77,202621,N,HA58,202622,01-JUN-26 00:00:00,,,,G,HR_DOM,30.0,THA058,HR,12-MAY-26 08:00:07
9519719946,2,1,738,738,O,HR_DOM,L,367,60.0,0.0,1250,2.5,TIP001,61.54,202623,N,HG34,202625,03-JUN-26 00:00:00,,, ,I,HR_DOM,60.0,TIP001,HR,12-MAY-26 08:00:07
9519738746,1,1,738,738,O,HR_DOM,L,367,90.0,0.0,1250,4.5,TIP001,92.31,202624,N,HG34,202626,03-JUN-26 00:00:00,,,,I,HR_DOM,90.0,TIP001,HR,12-MAY-26 08:00:07
9519738746,2,1,738,738,O,HR_DOM,A,367,34.0,0.0,1500,5.0,TIP006,35.22,202624,N,HG42,202626,12-JUN-26 00:00:00,,,,I,HR_DOM,34.0,TIP006,HR,12-MAY-26 08:00:07
9519738746,3,1,738,738,O,HR_DOM,L,367,30.0,0.0,1250,2.0,I09497,31.08,202623,N,HG01,202625,28-MAY-26 00:00:00,,,,I,HR_DOM,30.0,I09497,HR,12-MAY-26 08:00:07
4000539243,4,1,738,738,F,SCRM,L,367,240.0,229.39,1270,2.0,T01576,0.0,202619,N,HG02,202621,19-MAY-26 00:00:00,,,,B,SCRM,240.0,T01576,HR,12-MAY-26 08:00:07
4000538391,1,1,738,738,F,HR_DOM,L,367,60.0,0.0,1390,4.5,THB047,64.78,202619,N,HB47,202621,28-MAY-26 00:00:00,,,,Y,HR_DOM,60.0,THB047,HR,12-MAY-26 08:00:07
4000538391,2,1,738,738,F,HR_DOM,L,367,64.0,0.0,1535,3.2,THB047,69.1,202619,N,HB47,202621,19-MAY-26 00:00:00,,,,B,HR_DOM,64.0,THB047,HR,12-MAY-26 08:00:07
9519743996,1,1,738,738,O,HR_DOM,L,367,270.0,0.0,1250,1.6,I09497,279.72,202624,N,HG01,202625,03-JUN-26 00:00:00,,,,I,HR_DOM,270.0,I09497,HR,12-MAY-26 08:00:07
9519743996,4,1,738,738,O,HR_DOM,L,367,245.0,57.62,1460,2.0,I09497,194.43,202622,N,HG01,202623,06-JUN-26 00:00:00,,,,I,HR_DOM,245.0,I09497,HR,12-MAY-26 08:00:07
9519743996,5,1,738,738,O,HR_DOM,L,367,280.0,0.0,1460,2.0,I09497,290.08,202622,N,HG01,202623,30-MAY-26 00:00:00,,,,I,HR_DOM,280.0,I09497,HR,12-MAY-26 08:00:07
9519743996,6,1,738,738,O,HR_DOM,L,367,245.0,0.0,1460,2.0,I09497,253.82,202623,N,HG01,202624,02-JUN-26 00:00:00,,,,I,HR_DOM,245.0,I09497,HR,12-MAY-26 08:00:07
9519743369,1,1,738,743,F,ACRM GP#3 WIDER SOFT,L,C02,56.0,0.0,1235,2.25,T01576,64.4,202619,N,HG02,202623,01-JUN-26 00:00:00,,,,G,ACRM GP#3 WIDER SOFT,56.0,T01576,HR,12-MAY-26 08:00:07
9519743369,2,1,738,743,F,ACRM GP#3 WIDER SOFT,L,C02,56.0,0.0,1235,2.25,T01576,64.4,202619,N,HG02,202623,01-JUN-26 00:00:00,,,,G,ACRM GP#3 WIDER SOFT,56.0,T01576,HR,12-MAY-26 08:00:07
9519708426,1,1,738,742,F,ACRM CRCA CRS,L,C01,196.0,0.0,1235,2.0,BSL011,225.4,202621,N,BS11,202625,03-JUN-26 00:00:00,,, ,I,ACRM CRCA CRS,196.0,BSL011,HR,12-MAY-26 08:00:07
9519744273,13,1,738,738,O,HR_DOM,L,367,280.0,243.91,1470,2.2,I09497,37.67,202625,N,HG01,202626,13-JUN-26 00:00:00,,,,I,HR_DOM,280.0,I09497,HR,12-MAY-26 08:00:07
9519744273,14,1,738,738,O,HR_DOM,L,367,280.0,0.0,1470,2.2,I09497,290.08,202625,N,HG01,202626,13-JUN-26 00:00:00,,,,I,HR_DOM,280.0,I09497,HR,12-MAY-26 08:00:07
9519744273,21,1,738,738,O,HR_DOM,L,367,70.0,0.0,1470,2.2,I09497,72.52,202625,N,HG01,202626,13-JUN-26 00:00:00,,,,I,HR_DOM,70.0,I09497,HR,12-MAY-26 08:00:07
4000539912,3,1,738,738,F,HR_DOM,L,367,96.0,52.46,1230,3.9,THB047,49.84,202621,N,HB47,202622,25-MAY-26 00:00:00,,,,R,HR_DOM,96.0,THB047,HR,12-MAY-26 08:00:07
9519724447,1,1,738,738,B,HR_DOM,A,367,30.0,24.66,1250,4.8,TIP006,0.0,202619,N,HG42,202619,20-MAY-26 00:00:00,,,,B,HR_DOM,30.0,TIP006,HR,12-MAY-26 08:00:07
9519724447,2,1,738,738,B,HR_DOM,A,367,30.0,24.99,1250,5.8,TIP006,0.0,202619,N,HG42,202619,20-MAY-26 00:00:00,,,,B,HR_DOM,30.0,TIP006,HR,12-MAY-26 08:00:07
4000538383,1,1,738,738,F,KCRM,H,367,114.0,0.0,1300,3.5,THM003,118.1,202621,N,HM93,202622,31-MAY-26 00:00:00,,,,G,KCRM,114.0,THM003,HR,12-MAY-26 08:00:07
4000539912,1,1,738,738,F,HR_DOM,L,367,64.0,0.0,1540,4.0,THB047,69.1,202621,N,HB47,202622,26-MAY-26 00:00:00,,,,Y,HR_DOM,64.0,THB047,HR,12-MAY-26 08:00:07
4000539912,2,1,738,738,F,HR_DOM,L,367,64.0,0.0,1515,3.5,THB047,69.1,202621,N,HB47,202622,30-MAY-26 00:00:00,,,,G,HR_DOM,64.0,THB047,HR,12-MAY-26 08:00:07
4000539912,4,1,738,738,F,HR_DOM,L,367,64.0,0.0,1525,4.0,THB047,69.1,202621,N,HB47,202622,26-MAY-26 00:00:00,,,,G,HR_DOM,64.0,THB047,HR,12-MAY-26 08:00:07
4000539912,5,1,738,738,F,HR_DOM,L,367,90.0,27.9,1390,4.5,THB047,67.05,202621,N,HB47,202622,22-MAY-26 00:00:00,,,,B,HR_DOM,90.0,THB047,HR,12-MAY-26 08:00:07
4000539912,6,1,738,738,F,HR_DOM,L,367,64.0,0.0,1535,3.2,THB047,69.1,202621,N,HB47,202622,26-MAY-26 00:00:00,,,,G,HR_DOM,64.0,THB047,HR,12-MAY-26 08:00:07
4000539912,7,1,738,738,F,HR_DOM,L,367,64.0,0.0,1540,3.7,THB047,69.1,202621,N,HB47,202622,26-MAY-26 00:00:00,,,,G,HR_DOM,64.0,THB047,HR,12-MAY-26 08:00:07
4000539912,8,1,738,738,F,HR_DOM,L,367,60.0,0.0,1365,4.5,THB047,64.78,202621,N,HB47,202622,22-MAY-26 00:00:00,,,,B,HR_DOM,60.0,THB047,HR,12-MAY-26 08:00:07
9519748211,1,1,738,738,O,JSW_B,L,367,300.008,281.03,1235,2.0,T01576,19.66,202619,N,HG02,202620,19-MAY-26 00:00:00,,, ,B,JSW_B,300.008,T01576,HR,12-MAY-26 08:00:07
9519748211,3,1,738,738,O,JSW_B,L,367,300.0,284.57,1235,2.0,T01576,15.99,202619,N,HG02,202620,19-MAY-26 00:00:00,,, ,B,JSW_B,300.0,T01576,HR,12-MAY-26 08:00:07
9519748211,4,1,738,738,O,JSW_B,L,367,300.0,284.21,1235,2.0,T01576,16.36,202619,N,HG02,202620,19-MAY-26 00:00:00,,, ,B,JSW_B,300.0,T01576,HR,12-MAY-26 08:00:07
9519748211,5,1,738,738,O,JSW_B,L,367,300.0,282.13,1235,2.0,T01576,19.18,202619,N,HG02,202620,19-MAY-26 00:00:00,,, ,B,JSW_B,300.0,T01576,HR,12-MAY-26 08:00:07
9519748211,7,1,738,738,O,JSW_B,L,367,300.0,284.78,1235,2.0,T01576,15.77,202619,N,HG02,202620,19-MAY-26 00:00:00,,, ,B,JSW_B,300.0,T01576,HR,12-MAY-26 08:00:07
9519716644,1,1,738,742,O,ACRM CRCA SPM,L,C01,46.0,0.0,1025,2.8,T01069,52.9,202620,N,SH69,202625,31-MAY-26 00:00:00,,,,G,ACRM CRCA SPM,46.0,T01069,HR,12-MAY-26 08:00:07
9519716644,6,1,738,742,O,ACRM CRCA SPM,L,C01,58.0,0.0,1270,2.2,TSH067,66.7,202621,N,SH67,202625,03-JUN-26 00:00:00,,,,I,ACRM CRCA SPM,58.0,TSH067,HR,12-MAY-26 08:00:07
9519716644,5,1,738,742,O,ACRM CRCA SPM,L,C01,26.0,0.0,1120,2.2,TSH067,29.9,202620,N,SH67,202625,03-JUN-26 00:00:00,,,,I,ACRM CRCA SPM,26.0,TSH067,HR,12-MAY-26 08:00:07
9519716644,12,1,738,742,O,ACRM CRCA SPM,L,C01,23.0,0.0,1025,2.5,TSH067,26.45,202620,N,SH67,202625,03-JUN-26 00:00:00,,,,I,ACRM CRCA SPM,23.0,TSH067,HR,12-MAY-26 08:00:07
9519748211,8,1,738,738,O,JSW_B,L,367,300.0,282.08,1235,2.0,T01576,40.18,202619,N,HG02,202620,19-MAY-26 00:00:00,,, ,B,JSW_B,300.0,T01576,HR,12-MAY-26 08:00:07
9519748211,9,1,738,738,O,JSW_B,L,367,300.0,281.85,1235,2.0,T01576,19.02,202619,N,HG02,202620,19-MAY-26 00:00:00,,, ,B,JSW_B,300.0,T01576,HR,12-MAY-26 08:00:07
9519748211,10,1,738,738,O,JSW_B,L,367,300.0,283.62,1235,2.0,T01576,17.22,202619,N,HG02,202620,19-MAY-26 00:00:00,,, ,B,JSW_B,300.0,T01576,HR,12-MAY-26 08:00:07
9519748211,11,1,738,738,O,JSW_B,L,367,300.0,118.59,1235,2.0,T01576,187.94,202619,N,HG02,202620,18-MAY-26 00:00:00,,, ,B,JSW_B,300.0,T01576,HR,12-MAY-26 08:00:07
9519748211,12,1,738,738,O,JSW_B,L,367,300.0,165.93,1235,2.0,T01576,139.39,202619,N,HG02,202620,19-MAY-26 00:00:00,,, ,B,JSW_B,300.0,T01576,HR,12-MAY-26 08:00:07
9519748211,13,1,738,738,O,JSW_B,L,367,300.0,284.24,1235,2.0,T01576,17.06,202619,N,HG02,202620,19-MAY-26 00:00:00,,, ,B,JSW_B,300.0,T01576,HR,12-MAY-26 08:00:07
9519748211,14,1,738,738,O,JSW_B,L,367,300.0,23.57,1235,2.0,T01576,286.63,202619,N,HG02,202620,17-MAY-26 00:00:00,,, ,B,JSW_B,300.0,T01576,HR,12-MAY-26 08:00:07
9519748211,15,1,738,738,O,JSW_B,L,367,300.0,94.74,1235,2.0,T01576,212.9,202619,N,HG02,202620,18-MAY-26 00:00:00,,, ,B,JSW_B,300.0,T01576,HR,12-MAY-26 08:00:07
9519748211,16,1,738,738,O,JSW_B,L,367,300.0,0.0,1235,2.0,T01576,310.8,202620,N,HG02,202621,23-MAY-26 00:00:00,,, ,R,JSW_B,300.0,T01576,HR,12-MAY-26 08:00:07
9519748211,17,1,738,738,O,JSW_B,L,367,300.0,0.0,1235,2.0,T01576,310.8,202620,N,HG02,202621,20-MAY-26 00:00:00,,, ,R,JSW_B,300.0,T01576,HR,12-MAY-26 08:00:07
9519748211,18,1,738,738,O,JSW_B,L,367,300.0,0.0,1235,2.0,T01576,310.8,202620,N,HG02,202621,20-MAY-26 00:00:00,,, ,R,JSW_B,300.0,T01576,HR,12-MAY-26 08:00:07
9519748211,19,1,738,738,O,JSW_B,L,367,300.0,0.0,1235,2.0,T01576,310.8,202620,N,HG02,202621,23-MAY-26 00:00:00,,, ,R,JSW_B,300.0,T01576,HR,12-MAY-26 08:00:07
9519748211,20,1,738,738,O,JSW_B,L,367,300.0,0.0,1235,2.0,T01576,310.8,202620,N,HG02,202621,22-MAY-26 00:00:00,,, ,R,JSW_B,300.0,T01576,HR,12-MAY-26 08:00:07
9519733817,1,1,738,738,O,HR_DOM,A,367,68.0,0.0,1500,4.0,I17020,75.81,202621,N,HR05,202622,31-MAY-26 00:00:00,,, ,G,HR_DOM,68.0,I17020,HR,12-MAY-26 08:00:07
9519733817,2,1,738,738,O,HR_DOM,A,367,34.0,0.0,1500,4.8,I17020,37.9,202621,N,HR05,202622,31-MAY-26 00:00:00,,, ,G,HR_DOM,34.0,I17020,HR,12-MAY-26 08:00:07
9519734122,5,1,738,738,O,HR_DOM,A,367,34.0,0.0,1500,3.0,I17020,37.9,202621,N,HR05,202622,28-MAY-26 00:00:00,,, ,G,HR_DOM,34.0,I17020,HR,12-MAY-26 08:00:07
9519748211,21,1,738,738,O,JSW_B,L,367,300.0,0.0,1235,2.0,T01576,310.8,202620,N,HG02,202621,21-MAY-26 00:00:00,,, ,R,JSW_B,300.0,T01576,HR,12-MAY-26 08:00:07
9519748211,22,1,738,738,O,JSW_B,L,367,300.0,0.0,1235,2.0,T01576,310.8,202620,N,HG02,202621,24-MAY-26 00:00:00,,, ,R,JSW_B,300.0,T01576,HR,12-MAY-26 08:00:07
9519748211,23,1,738,738,O,JSW_B,L,367,300.0,0.0,1235,2.0,T01576,310.8,202620,N,HG02,202621,21-MAY-26 00:00:00,,, ,R,JSW_B,300.0,T01576,HR,12-MAY-26 08:00:07
9519748211,24,1,738,738,O,JSW_B,L,367,300.0,0.0,1235,2.0,T01576,310.8,202620,N,HG02,202621,24-MAY-26 00:00:00,,, ,R,JSW_B,300.0,T01576,HR,12-MAY-26 08:00:07
9519748211,25,1,738,738,O,JSW_B,L,367,300.0,0.0,1235,2.0,T01576,310.8,202620,N,HG02,202621,21-MAY-26 00:00:00,,, ,R,JSW_B,300.0,T01576,HR,12-MAY-26 08:00:07
9519748211,26,1,738,738,O,JSW_B,L,367,300.0,0.0,1235,2.0,T01576,310.8,202620,N,HG02,202621,24-MAY-26 00:00:00,,, ,R,JSW_B,300.0,T01576,HR,12-MAY-26 08:00:07
9519748211,27,1,738,738,O,JSW_B,L,367,300.0,0.0,1235,2.0,T01576,310.8,202620,N,HG02,202621,22-MAY-26 00:00:00,,, ,R,JSW_B,300.0,T01576,HR,12-MAY-26 08:00:07
9519748211,28,1,738,738,O,JSW_B,L,367,300.0,208.21,1235,2.0,T01576,95.1,202619,N,HG02,202620,19-MAY-26 00:00:00,,, ,B,JSW_B,300.0,T01576,HR,12-MAY-26 08:00:07
9519748211,29,1,738,738,O,JSW_B,L,367,300.0,0.0,1235,2.0,T01576,310.8,202619,N,HG02,202620,18-MAY-26 00:00:00,,, ,B,JSW_B,300.0,T01576,HR,12-MAY-26 08:00:07
9519748211,30,1,738,738,O,JSW_B,L,367,300.0,0.0,1235,2.0,T01576,310.8,202619,N,HG02,202620,18-MAY-26 00:00:00,,, ,B,JSW_B,300.0,T01576,HR,12-MAY-26 08:00:07
9519748211,31,1,738,738,O,JSW_B,L,367,300.0,0.0,1235,2.0,T01576,310.8,202619,N,HG02,202620,18-MAY-26 00:00:00,,, ,B,JSW_B,300.0,T01576,HR,12-MAY-26 08:00:07
9519748211,32,1,738,738,O,JSW_B,L,367,300.0,0.0,1235,2.0,T01576,310.8,202619,N,HG02,202620,18-MAY-26 00:00:00,,, ,B,JSW_B,300.0,T01576,HR,12-MAY-26 08:00:07
9519748211,36,1,738,738,O,JSW_B,L,367,300.0,284.01,1235,2.15,T01576,16.57,202619,N,HG02,202620,20-MAY-26 00:00:00,,, ,B,JSW_B,300.0,T01576,HR,12-MAY-26 08:00:07
4000539566,1,1,738,738,F,SCRM,I,367,90.0,0.0,1270,3.2,T01052,94.19,202621,N,SD88,202623,31-MAY-26 00:00:00,,,,G,SCRM,90.0,T01052,HR,12-MAY-26 08:00:07
4000539566,2,1,738,738,F,SCRM,I,367,168.0,0.0,1170,3.2,T01052,175.82,202621,N,SD88,202623,26-MAY-26 00:00:00,,,,R,SCRM,168.0,T01052,HR,12-MAY-26 08:00:07
4000539566,3,1,738,738,F,SCRM,I,367,124.0,87.64,1600,3.2,T01052,61.03,202621,N,SD88,202624,29-MAY-26 00:00:00,,,,Y,SCRM,124.0,T01052,HR,12-MAY-26 08:00:07
4000539566,4,1,738,738,F,SCRM,I,367,90.0,0.0,1340,3.2,T01052,94.19,202621,N,SD88,202623,26-MAY-26 00:00:00,,,,R,SCRM,90.0,T01052,HR,12-MAY-26 08:00:07
4000538871,90,1,738,738,F,ACRM_SLIT,L,367,30.0,0.0,1260,2.5,T01069,30.77,202619,N,SH69,202620,20-MAY-26 00:00:00,,,,B,ACRM_SLIT,30.0,T01069,HR,12-MAY-26 08:00:07
9519743303,1,1,738,738,O,HR_DOM,A,367,34.0,0.0,1500,4.0,I17020,37.9,202623,N,HR05,202625,03-JUN-26 00:00:00,,, ,I,HR_DOM,34.0,I17020,HR,12-MAY-26 08:00:07
9519743303,2,1,738,738,O,HR_DOM,A,367,34.0,0.0,1500,4.8,I17020,37.9,202623,N,HR05,202625,03-JUN-26 00:00:00,,, ,I,HR_DOM,34.0,I17020,HR,12-MAY-26 08:00:07
9519743303,6,1,738,738,O,HR_DOM,L,367,120.0,0.0,1250,2.0,TIP001,123.08,202623,N,HG34,202625,27-MAY-26 00:00:00,,, ,I,HR_DOM,120.0,TIP001,HR,12-MAY-26 08:00:07
9519748211,33,1,738,738,O,JSW_B,L,367,300.0,0.0,1235,2.0,T01576,310.8,202619,N,HG02,202620,18-MAY-26 00:00:00,,, ,B,JSW_B,300.0,T01576,HR,12-MAY-26 08:00:07
9519748211,34,1,738,738,O,JSW_B,L,367,120.0,20.84,1235,2.0,T01576,102.73,202620,N,HG02,202621,21-MAY-26 00:00:00,,, ,R,JSW_B,120.0,T01576,HR,12-MAY-26 08:00:07
9519748211,35,1,738,738,O,JSW_B,L,367,300.008,286.18,1235,2.15,T01576,15.54,202619,N,HG02,202620,19-MAY-26 00:00:00,,, ,B,JSW_B,300.008,T01576,HR,12-MAY-26 08:00:07
9519748211,37,1,738,738,O,JSW_B,L,367,300.0,287.85,1235,2.15,T01576,12.59,202619,N,HG02,202620,19-MAY-26 00:00:00,,, ,B,JSW_B,300.0,T01576,HR,12-MAY-26 08:00:07
9519748211,40,1,738,738,O,JSW_B,L,367,300.0,279.57,1235,2.15,T01576,21.17,202619,N,HG02,202620,18-MAY-26 00:00:00,,, ,B,JSW_B,300.0,T01576,HR,12-MAY-26 08:00:07
9519748211,41,1,738,738,O,JSW_B,L,367,300.0,284.82,1235,2.15,T01576,15.73,202619,N,HG02,202620,19-MAY-26 00:00:00,,, ,B,JSW_B,300.0,T01576,HR,12-MAY-26 08:00:07
9519748211,42,1,738,738,O,JSW_B,L,367,300.0,284.43,1235,2.15,T01576,16.62,202619,N,HG02,202620,19-MAY-26 00:00:00,,, ,B,JSW_B,300.0,T01576,HR,12-MAY-26 08:00:07
9519748211,44,1,738,738,O,JSW_B,L,367,300.0,190.38,1235,2.15,T01576,113.81,202619,N,HG02,202620,19-MAY-26 00:00:00,,, ,B,JSW_B,300.0,T01576,HR,12-MAY-26 08:00:07
9519748211,45,1,738,738,O,JSW_B,L,367,300.0,281.09,1235,2.15,T01576,19.59,202619,N,HG02,202620,19-MAY-26 00:00:00,,, ,B,JSW_B,300.0,T01576,HR,12-MAY-26 08:00:07
4000539291,1,1,738,738,F,HR_DOM,A,367,96.0,0.0,1500,6.0,I17021,101.51,202620,N,HR08,202620,19-MAY-26 00:00:00,,,,Y,HR_DOM,96.0,I17021,HR,12-MAY-26 08:00:07
9519740184,3,1,738,738,O,HR_DOM,L,367,240.0,0.0,1250,2.0,TIP001,246.15,202621,N,HG34,202623,27-MAY-26 00:00:00,,,,G,HR_DOM,240.0,TIP001,HR,12-MAY-26 08:00:07
9519740184,1,1,738,738,O,HR_DOM,L,367,60.0,0.0,1250,1.6,TIP001,61.54,202624,N,HG34,202626,03-JUN-26 00:00:00,,,,I,HR_DOM,60.0,TIP001,HR,12-MAY-26 08:00:07
9519740184,2,1,738,738,O,HR_DOM,L,367,90.0,0.0,1250,1.6,TIP001,92.31,202621,N,HG34,202623,31-MAY-26 00:00:00,,,,G,HR_DOM,90.0,TIP001,HR,12-MAY-26 08:00:07
4000539564,1,1,738,738,F,HR_DOM,A,367,56.0,0.0,1325,3.5,THA054,62.43,202622,N,HA54,202624,31-MAY-26 00:00:00,,,,G,HR_DOM,56.0,THA054,HR,12-MAY-26 08:00:07
4000539288,1,1,738,738,F,KCRM,H,367,171.0,0.0,1300,3.5,S02015,175.39,202622,N,SH64,202623,28-MAY-26 00:00:00,,,,R,KCRM,171.0,S02015,HR,12-MAY-26 08:00:07
9519739448,1,1,738,738,O,HR_DOM,L,367,90.0,0.0,1250,4.8,TIP001,92.31,202624,N,HG34,202626,03-JUN-26 00:00:00,,,,I,HR_DOM,90.0,TIP001,HR,12-MAY-26 08:00:07
9519739448,2,1,738,738,O,HR_DOM,L,367,90.0,0.0,1250,2.2,TIP001,92.31,202624,N,HG34,202626,03-JUN-26 00:00:00,,,,I,HR_DOM,90.0,TIP001,HR,12-MAY-26 08:00:07
9519739448,3,1,738,738,O,HR_DOM,L,367,90.0,0.0,1250,3.2,TIP001,92.31,202623,N,HG34,202625,27-MAY-26 00:00:00,,,,I,HR_DOM,90.0,TIP001,HR,12-MAY-26 08:00:07
9519739448,4,1,738,738,O,HR_DOM,L,367,90.0,0.0,1250,4.0,TIP001,92.31,202624,N,HG34,202626,03-JUN-26 00:00:00,,,,I,HR_DOM,90.0,TIP001,HR,12-MAY-26 08:00:07
9519739448,6,1,738,738,O,HR_DOM,A,367,34.0,0.0,1500,4.5,I17020,37.9,202619,N,HR05,202621,19-MAY-26 00:00:00,,,,B,HR_DOM,34.0,I17020,HR,12-MAY-26 08:00:07
9519739448,7,1,738,738,O,HR_DOM,A,367,34.0,0.0,1500,3.2,I17020,37.9,202619,N,HR05,202621,19-MAY-26 00:00:00,,,,B,HR_DOM,34.0,I17020,HR,12-MAY-26 08:00:07
9519742688,6,1,738,738,O,HR_DOM,L,367,120.0,0.0,1250,1.6,TIP001,123.08,202622,N,HG34,202624,27-MAY-26 00:00:00,,, ,I,HR_DOM,120.0,TIP001,HR,12-MAY-26 08:00:07
9519627172,5,1,738,742,O,ACRM CRCA SPM,L,C01,46.0,0.0,1025,2.2,TSH067,52.9,202620,N,SH67,202625,03-JUN-26 00:00:00,,,,G,ACRM CRCA SPM,46.0,TSH067,HR,12-MAY-26 08:00:07
9519627172,4,1,738,742,O,ACRM CRCA SPM,L,C01,58.0,0.0,1270,2.2,TSH067,66.7,202621,N,SH67,202625,03-JUN-26 00:00:00,,,,I,ACRM CRCA SPM,58.0,TSH067,HR,12-MAY-26 08:00:07
9519627172,6,1,738,742,O,ACRM CRCA SPM,L,C01,42.0,0.0,925,2.2,TSH067,48.3,202619,N,SH67,202624,27-MAY-26 00:00:00,,, ,R,ACRM CRCA SPM,42.0,TSH067,HR,12-MAY-26 08:00:07
9519627172,7,1,738,742,O,ACRM CRCA SPM,L,C01,42.0,0.0,925,2.2,TSH067,48.3,202620,N,SH67,202625,03-JUN-26 00:00:00,,,,G,ACRM CRCA SPM,42.0,TSH067,HR,12-MAY-26 08:00:07
9519678384,7,1,738,742,O,ACRM CRCA SPM,L,C01,58.0,0.0,1250,2.5,T01069,66.7,202621,N,SH69,202625,03-JUN-26 00:00:00,,, ,I,ACRM CRCA SPM,58.0,T01069,HR,12-MAY-26 08:00:07
4000538871,22,1,738,738,F,ACRM_SLIT,L,367,120.0,0.0,1270,2.0,TSH067,123.08,202619,N,SH67,202620,03-JUN-26 00:00:00,,,,B,ACRM_SLIT,120.0,TSH067,HR,12-MAY-26 08:00:07
4000538871,85,1,738,738,F,ACRM_SLIT,L,367,90.0,0.0,1260,2.5,T01069,92.31,202619,N,SH69,202620,03-JUN-26 00:00:00,,,,B,ACRM_SLIT,90.0,T01069,HR,12-MAY-26 08:00:07
9519695084,84,1,738,738,O,HR_DOM,A,367,102.0,0.0,1500,5.0,TIP006,105.67,202623,N,HG42,202625,10-JUN-26 00:00:00,,, ,I,HR_DOM,102.0,TIP006,HR,12-MAY-26 08:00:07
9519695084,85,1,738,738,O,HR_DOM,A,367,170.0,0.0,1500,7.8,THG038,174.36,202623,N,HG38,202625,03-JUN-26 00:00:00,,, ,I,HR_DOM,170.0,THG038,HR,12-MAY-26 08:00:07
9519748211,47,1,738,738,O,JSW_B,L,367,300.0,0.0,1235,2.15,T01576,310.8,202619,N,HG02,202620,18-MAY-26 00:00:00,,, ,B,JSW_B,300.0,T01576,HR,12-MAY-26 08:00:07
9519748211,48,1,738,738,O,JSW_B,L,367,300.0,0.0,1235,2.15,T01576,310.8,202619,N,HG02,202620,18-MAY-26 00:00:00,,, ,B,JSW_B,300.0,T01576,HR,12-MAY-26 08:00:07
9519748211,49,1,738,738,O,JSW_B,L,367,300.0,0.0,1235,2.15,T01576,310.8,202619,N,HG02,202620,18-MAY-26 00:00:00,,, ,B,JSW_B,300.0,T01576,HR,12-MAY-26 08:00:07
9519748211,50,1,738,738,O,JSW_B,L,367,300.0,23.68,1235,2.15,T01576,286.27,202619,N,HG02,202620,17-MAY-26 00:00:00,,, ,B,JSW_B,300.0,T01576,HR,12-MAY-26 08:00:07
9519748211,53,1,738,738,O,JSW_B,L,367,300.0,296.84,1235,3.05,T01576,0.0,202619,N,HG02,202620,20-MAY-26 00:00:00,,, ,B,JSW_B,300.0,T01576,HR,12-MAY-26 08:00:07
9519636073,3,1,738,738,O,HR_DOM,A,367,272.0,0.0,1445,13.8,THA041,290.6,202621,N,HA14,202623,27-MAY-26 00:00:00,,, ,R,HR_DOM,272.0,THA041,HR,12-MAY-26 08:00:07
9519636073,4,1,738,738,O,HR_DOM,A,367,272.0,0.0,1445,13.8,THA041,290.6,202621,N,HA14,202623,27-MAY-26 00:00:00,,, ,R,HR_DOM,272.0,THA041,HR,12-MAY-26 08:00:07
9519735012,1,1,738,738,O,HR_DOM,L,367,60.0,47.76,1250,4.0,I09497,0.0,202624,N,HG01,202625,11-JUN-26 00:00:00,,,,I,HR_DOM,60.0,I09497,HR,12-MAY-26 08:00:07
9519732894,4,1,738,738,O,HR_DOM,B,367,68.0,0.0,1500,5.8,T01608,69.74,202623,N,TU28,202625,03-JUN-26 00:00:00,,, ,I,HR_DOM,68.0,T01608,HR,12-MAY-26 08:00:07
9519723638,1,1,738,738,O,HR_DOM,P,367,60.0,0.0,1250,5.0,THG005,61.54,202622,N,HG99,202623,30-MAY-26 00:00:00,,, ,I,HR_DOM,60.0,THG005,HR,12-MAY-26 08:00:07
9519723638,5,1,738,738,O,HR_DOM,P,367,60.0,0.0,1250,3.0,I17022,61.54,202622,N,HR07,202623,06-JUN-26 00:00:00,,, ,I,HR_DOM,60.0,I17022,HR,12-MAY-26 08:00:07
9519729880,2,1,738,738,O,HR_DOM,L,367,58.0,0.0,1225,2.0,TIP001,59.49,202623,N,HG34,202624,09-JUN-26 00:00:00,,, ,I,HR_DOM,58.0,TIP001,HR,12-MAY-26 08:00:07
9519740616,5,1,738,738,O,HR_DOM,A,367,34.0,0.0,1500,3.0,TIP006,35.22,202624,N,HG42,202626,12-JUN-26 00:00:00,,,,I,HR_DOM,34.0,TIP006,HR,12-MAY-26 08:00:07
9519740616,1,1,738,738,O,HR_DOM,P,367,30.0,0.0,1250,5.0,THG005,30.77,202621,N,HG99,202623,31-MAY-26 00:00:00,,,,G,HR_DOM,30.0,THG005,HR,12-MAY-26 08:00:07
9519740616,2,1,738,738,O,HR_DOM,P,367,90.0,0.0,1250,6.0,THG005,92.31,202622,N,HG99,202624,06-JUN-26 00:00:00,,,,I,HR_DOM,90.0,THG005,HR,12-MAY-26 08:00:07
9519740088,3,1,738,738,O,HR_DOM,A,367,68.0,0.0,1500,8.0,THG038,69.74,202621,N,HG38,202622,29-MAY-26 00:00:00,,, ,Y,HR_DOM,68.0,THG038,HR,12-MAY-26 08:00:07
9519740088,4,1,738,738,O,HR_DOM,A,367,68.0,0.0,1500,10.0,THG038,69.74,202621,N,HG38,202622,29-MAY-26 00:00:00,,, ,Y,HR_DOM,68.0,THG038,HR,12-MAY-26 08:00:07
9519740088,5,1,738,738,O,HR_DOM,A,367,68.0,0.0,1500,12.0,THG038,69.74,202621,N,HG38,202622,26-MAY-26 00:00:00,,, ,Y,HR_DOM,68.0,THG038,HR,12-MAY-26 08:00:07
4000538871,7,1,738,738,F,ACRM_SLIT,L,367,30.0,0.0,1270,2.0,TSH067,30.77,202619,N,SH67,202620,20-MAY-26 00:00:00,,,,B,ACRM_SLIT,30.0,TSH067,HR,12-MAY-26 08:00:07
4000538871,8,1,738,738,F,ACRM_SLIT,L,367,30.0,0.0,1270,2.0,TSH067,30.77,202619,N,SH67,202620,20-MAY-26 00:00:00,,,,B,ACRM_SLIT,30.0,TSH067,HR,12-MAY-26 08:00:07
4000538871,45,1,738,738,F,ACRM_SLIT,L,367,90.0,0.0,1270,2.0,TSH067,92.31,202619,N,SH67,202620,20-MAY-26 00:00:00,,,,B,ACRM_SLIT,90.0,TSH067,HR,12-MAY-26 08:00:07
4000538871,99,1,738,738,F,ACRM_SLIT,L,367,180.0,0.0,1260,2.5,T01069,184.62,202619,N,SH69,202620,03-JUN-26 00:00:00,,,,B,ACRM_SLIT,180.0,T01069,HR,12-MAY-26 08:00:07
4000538025,1,1,738,738,F,TUBE,L,367,24.0,0.0,1000,2.5,I09490,24.62,202621,N,HG08,202622,03-JUN-26 00:00:00,,,,R,TUBE,24.0,I09490,HR,12-MAY-26 08:00:07
4000538025,3,1,738,738,F,TUBE,A,367,124.0,107.16,1300,6.5,THG038,17.27,202621,N,HG38,202622,03-JUN-26 00:00:00,,,,R,TUBE,124.0,THG038,HR,12-MAY-26 08:00:07
4000538037,2,1,738,738,F,TUBE,L,367,34.0,0.0,1620,4.9,TIP001,34.87,202621,N,HG34,202622,03-JUN-26 00:00:00,,,,R,TUBE,34.0,TIP001,HR,12-MAY-26 08:00:07
4000538037,3,1,738,738,F,TUBE,P,367,52.0,0.0,1080,4.9,BSL017,53.33,202621,N,BS17,202622,03-JUN-26 00:00:00,,,,R,TUBE,52.0,BSL017,HR,12-MAY-26 08:00:07
9519636073,6,1,738,738,O,HR_DOM,A,367,272.0,0.0,1445,13.8,THA041,290.6,202621,N,HA14,202623,27-MAY-26 00:00:00,,, ,R,HR_DOM,272.0,THA041,HR,12-MAY-26 08:00:07
4000538243,6,1,738,738,F,HR_DOM,A,367,90.0,0.0,1250,3.9,THA038,102.56,202618,N,HA38,202621,19-MAY-26 00:00:00,,,,B,HR_DOM,90.0,THA038,HR,12-MAY-26 08:00:07
4000538243,9,1,738,738,F,HR_DOM,A,367,30.0,0.0,1250,4.5,THA038,34.19,202618,N,HA38,202621,19-MAY-26 00:00:00,,,,B,HR_DOM,30.0,THA038,HR,12-MAY-26 08:00:07
9519744344,1,1,738,738,O,HR_DOM,L,367,210.007,0.0,1250,1.6,I09497,217.57,202625,N,HG01,202626,13-JUN-26 00:00:00,,, ,I,HR_DOM,210.007,I09497,HR,12-MAY-26 08:00:07
9519744344,2,1,738,738,O,HR_DOM,L,367,150.0,0.0,1250,1.8,I09497,155.4,202621,N,HG01,202622,03-JUN-26 00:00:00,,,,G,HR_DOM,150.0,I09497,HR,12-MAY-26 08:00:07
9519744344,3,1,738,738,O,HR_DOM,L,367,150.0,0.0,1250,1.8,I09497,155.4,202621,N,HG01,202622,03-JUN-26 00:00:00,,,,G,HR_DOM,150.0,I09497,HR,12-MAY-26 08:00:07
4000539142,2,1,738,738,F,HR_DOM,L,367,300.0,23.68,1250,5.5,T01113,292.17,202629,N,SE69,202631,15-JUN-26 00:00:00,,,,I,HR_DOM,300.0,T01113,HR,12-MAY-26 08:00:07
4000539142,3,1,738,738,F,HR_DOM,L,367,240.0,118.85,1250,6.0,T01113,128.1,202629,N,SE69,202631,15-JUN-26 00:00:00,,,,I,HR_DOM,240.0,T01113,HR,12-MAY-26 08:00:07
4000539142,5,1,738,738,F,HR_DOM,L,367,120.0,47.49,1250,6.5,T01113,76.67,202629,N,SE69,202631,15-JUN-26 00:00:00,,,,I,HR_DOM,120.0,T01113,HR,12-MAY-26 08:00:07
4000539142,1,1,738,738,F,HR_DOM,L,367,210.0,47.58,1250,5.0,T01113,171.74,202629,N,SE69,202631,15-JUN-26 00:00:00,,,,I,HR_DOM,210.0,T01113,HR,12-MAY-26 08:00:07
9519740616,3,1,738,738,O,HR_DOM,P,367,30.0,0.0,1250,6.0,THG005,30.77,202621,N,HG99,202623,31-MAY-26 00:00:00,,,,G,HR_DOM,30.0,THG005,HR,12-MAY-26 08:00:07
9519740616,4,1,738,738,O,HR_DOM,P,367,30.0,0.0,1250,5.0,THG005,30.77,202621,N,HG99,202623,31-MAY-26 00:00:00,,,,G,HR_DOM,30.0,THG005,HR,12-MAY-26 08:00:07
9519740616,6,1,738,738,O,HR_DOM,P,367,30.0,0.0,1250,6.0,THG005,30.77,202622,N,HG99,202624,31-MAY-26 00:00:00,,,,I,HR_DOM,30.0,THG005,HR,12-MAY-26 08:00:07
9519740616,7,1,738,738,O,HR_DOM,P,367,30.0,0.0,1250,6.0,THG005,30.77,202621,N,HG99,202623,31-MAY-26 00:00:00,,,,G,HR_DOM,30.0,THG005,HR,12-MAY-26 08:00:07
9519684796,3,1,738,738,O,HR_DOM,B,367,90.0,0.0,1250,8.0,I17480,92.31,202622,N,SH35,202624,01-JUN-26 00:00:00,,, ,G,HR_DOM,90.0,I17480,HR,12-MAY-26 08:00:07
9519732922,1,1,738,738,O,HR_DOM,L,367,68.0,31.29,1500,7.5,I09490,29.51,202621,N,HG08,202623,14-MAY-26 00:00:00,,, ,G,HR_DOM,68.0,I09490,HR,12-MAY-26 08:00:07
9519741729,1,1,738,738,O,HR_DOM,A,367,68.0,0.0,1500,5.0,TIP006,70.45,202621,N,HG42,202622,29-MAY-26 00:00:00,,, ,Y,HR_DOM,68.0,TIP006,HR,12-MAY-26 08:00:07
9519741729,2,1,738,738,O,HR_DOM,A,367,68.0,0.0,1500,6.0,TIP006,70.45,202621,N,HG42,202622,29-MAY-26 00:00:00,,, ,Y,HR_DOM,68.0,TIP006,HR,12-MAY-26 08:00:07
9519740203,3,1,738,738,O,HR_DOM,A,367,68.0,0.0,1500,8.0,THG038,69.74,202621,N,HG38,202622,26-MAY-26 00:00:00,,, ,R,HR_DOM,68.0,THG038,HR,12-MAY-26 08:00:07
9519729880,1,1,738,738,O,HR_DOM,L,367,60.0,0.0,1250,2.7,TIP001,61.54,202623,N,HG34,202624,27-MAY-26 00:00:00,,, ,I,HR_DOM,60.0,TIP001,HR,12-MAY-26 08:00:07
4000538871,98,1,738,738,F,ACRM_SLIT,L,367,180.0,0.0,1260,2.5,T01069,184.62,202619,N,SH69,202620,03-JUN-26 00:00:00,,,,B,ACRM_SLIT,180.0,T01069,HR,12-MAY-26 08:00:07
9519707036,4,1,738,742,O,ACRM HRPO,L,768,58.0,0.0,1270,1.8,I09497,66.7,202625,N,HG01,202627,09-JUN-26 00:00:00,,,,I,ACRM HRPO,58.0,I09497,HR,12-MAY-26 08:00:07
4000538871,10,1,738,738,F,ACRM_SLIT,L,367,30.0,0.0,1260,2.5,TSH067,30.77,202619,N,SH67,202620,03-JUN-26 00:00:00,,,,B,ACRM_SLIT,30.0,TSH067,HR,12-MAY-26 08:00:07
4000538871,11,1,738,738,F,ACRM_SLIT,L,367,90.0,0.0,1270,2.0,TSH067,92.31,202619,N,SH67,202620,20-MAY-26 00:00:00,,,,B,ACRM_SLIT,90.0,TSH067,HR,12-MAY-26 08:00:07
4000538871,35,1,738,738,F,ACRM_SLIT,L,367,30.0,0.0,1270,2.0,TSH067,30.77,202619,N,SH67,202620,20-MAY-26 00:00:00,,,,B,ACRM_SLIT,30.0,TSH067,HR,12-MAY-26 08:00:07
4000538871,36,1,738,738,F,ACRM_SLIT,L,367,30.0,0.0,1260,2.5,TSH067,30.77,202619,N,SH67,202620,03-JUN-26 00:00:00,,,,B,ACRM_SLIT,30.0,TSH067,HR,12-MAY-26 08:00:07
4000538871,58,1,738,738,F,ACRM_SLIT,L,367,180.0,57.33,1260,2.5,T01069,125.82,202619,N,SH69,202620,03-JUN-26 00:00:00,,,,B,ACRM_SLIT,180.0,T01069,HR,12-MAY-26 08:00:07
4000538871,59,1,738,738,F,ACRM_SLIT,L,367,30.0,0.0,1260,2.5,T01069,30.77,202619,N,SH69,202620,20-MAY-26 00:00:00,,,,B,ACRM_SLIT,30.0,T01069,HR,12-MAY-26 08:00:07
4000538871,60,1,738,738,F,ACRM_SLIT,L,367,30.0,28.89,1260,2.5,T01069,30.77,202619,N,SH69,202620,20-MAY-26 00:00:00,,,,B,ACRM_SLIT,30.0,T01069,HR,12-MAY-26 08:00:07
4000538871,65,1,738,738,F,ACRM_SLIT,L,367,90.0,0.0,1260,2.8,T01069,92.31,202619,N,SH69,202620,03-JUN-26 00:00:00,,,,B,ACRM_SLIT,90.0,T01069,HR,12-MAY-26 08:00:07
9519670605,8,1,738,738,O,HR_DOM,A,367,68.0,0.0,1500,10.0,I17021,71.9,202623,N,HR08,202625,03-JUN-26 00:00:00,,, ,I,HR_DOM,68.0,I17021,HR,12-MAY-26 08:00:07
9519670605,9,1,738,738,O,HR_DOM,A,367,68.0,0.0,1500,11.8,I17021,71.9,202623,N,HR08,202625,03-JUN-26 00:00:00,,, ,I,HR_DOM,68.0,I17021,HR,12-MAY-26 08:00:07
9519714446,1,1,738,738,O,HR_DOM,P,367,90.0,0.0,1250,3.0,BSL086,93.24,202623,N,BS86,202624,09-JUN-26 00:00:00,,, ,I,HR_DOM,90.0,BSL086,HR,12-MAY-26 08:00:07
9519750390,3,1,738,738,O,HR_DOM,A,367,34.0,0.0,1500,3.0,I17020,37.9,202619,N,HR05,202621,20-MAY-26 00:00:00,,,,B,HR_DOM,34.0,I17020,HR,12-MAY-26 08:00:07
9519750390,4,1,738,738,O,HR_DOM,A,367,34.0,0.0,1500,8.0,I17021,35.95,202619,N,HR08,202621,20-MAY-26 00:00:00,,,,B,HR_DOM,34.0,I17021,HR,12-MAY-26 08:00:07
9519750390,5,1,738,738,O,HR_DOM,A,367,34.0,0.0,1500,10.0,I17021,35.95,202619,N,HR08,202621,20-MAY-26 00:00:00,,,,B,HR_DOM,34.0,I17021,HR,12-MAY-26 08:00:07
9519750390,6,1,738,738,O,HR_DOM,A,367,34.0,0.0,1500,12.0,I17021,35.95,202619,N,HR08,202621,20-MAY-26 00:00:00,,,,B,HR_DOM,34.0,I17021,HR,12-MAY-26 08:00:07
9519721523,2,1,738,742,O,ACRM CRCA CRS,L,C01,57.99,0.0,1250,2.0,T01320,66.7,202621,N,SH08,202624,03-JUN-26 00:00:00,,, ,I,ACRM CRCA CRS,57.99,T01320,HR,12-MAY-26 08:00:07
9519750448,1,1,738,743,O,ACRM GP#3 NARROW,L,C05,20.99,0.0,925,2.0,S02149,24.139,202620,N,SF93,202624,01-JUN-26 00:00:00,,, ,G,ACRM GP#3 NARROW,20.99,S02149,HR,12-MAY-26 08:00:07
9519750448,2,1,738,743,O,ACRM GP#3 NARROW,L,C05,62.99,0.0,925,2.25,S02149,72.439,202620,N,SF93,202624,01-JUN-26 00:00:00,,, ,G,ACRM GP#3 NARROW,62.99,S02149,HR,12-MAY-26 08:00:07
9519750448,3,1,738,743,O,ACRM GP#3 NARROW,L,C05,62.99,0.0,925,2.25,S02149,72.439,202620,N,SF93,202624,01-JUN-26 00:00:00,,, ,G,ACRM GP#3 NARROW,62.99,S02149,HR,12-MAY-26 08:00:07
9519750448,4,1,738,743,O,ACRM GP#3 NARROW,L,C05,20.99,0.0,925,2.5,S02149,24.139,202620,N,SF93,202624,01-JUN-26 00:00:00,,, ,G,ACRM GP#3 NARROW,20.99,S02149,HR,12-MAY-26 08:00:07
9519726854,3,1,738,742,O,ACRM CRCA CRS,L,C01,58.0,0.0,1250,2.0,T01320,66.7,202620,N,SH08,202625,03-JUN-26 00:00:00,,, ,I,ACRM CRCA CRS,58.0,T01320,HR,12-MAY-26 08:00:07
9519726854,4,1,738,742,O,ACRM CRCA CRS,L,C01,145.0,0.0,1250,2.5,T01320,166.75,202621,N,SH08,202626,03-JUN-26 00:00:00,,, ,I,ACRM CRCA CRS,145.0,T01320,HR,12-MAY-26 08:00:07
9519726854,5,1,738,742,O,ACRM CRCA CRS,L,C01,145.0,0.0,1250,2.5,T01320,166.75,202621,N,SH08,202626,03-JUN-26 00:00:00,,, ,I,ACRM CRCA CRS,145.0,T01320,HR,12-MAY-26 08:00:07
9519759526,6,1,738,738,O,HR_DOM,S,367,112.0,0.0,1170,3.2,BSL074,114.87,202625,N,BS74,202626,13-JUN-26 00:00:00,,,,I,HR_DOM,112.0,BSL074,HR,12-MAY-26 08:00:07
9519759526,7,1,738,738,O,HR_DOM,S,367,272.0,0.0,1515,2.5,BSL074,278.97,202625,N,BS74,202626,13-JUN-26 00:00:00,,,,I,HR_DOM,272.0,BSL074,HR,12-MAY-26 08:00:07
9519759526,8,1,738,738,O,HR_DOM,S,367,272.0,0.0,1515,2.5,BSL074,278.97,202625,N,BS74,202626,13-JUN-26 00:00:00,,,,I,HR_DOM,272.0,BSL074,HR,12-MAY-26 08:00:07
9519759526,9,1,738,738,O,HR_DOM,S,367,272.0,0.0,1515,2.5,BSL074,278.97,202625,N,BS74,202626,13-JUN-26 00:00:00,,,,I,HR_DOM,272.0,BSL074,HR,12-MAY-26 08:00:07
9519759526,10,1,738,738,O,HR_DOM,S,367,102.0,0.0,1515,2.8,BSL074,104.62,202621,N,BS74,202622,01-JUN-26 00:00:00,,,,G,HR_DOM,102.0,BSL074,HR,12-MAY-26 08:00:07
9519759526,11,1,738,738,O,HR_DOM,S,367,102.0,0.0,1515,3.2,BSL074,104.62,202625,N,BS74,202626,13-JUN-26 00:00:00,,,,I,HR_DOM,102.0,BSL074,HR,12-MAY-26 08:00:07
9519759526,12,1,738,738,O,HR_DOM,L,367,272.0,0.0,1500,2.5,T01576,281.79,202624,N,HG02,202625,11-JUN-26 00:00:00,,,,I,HR_DOM,272.0,T01576,HR,12-MAY-26 08:00:07
9519761070,3,1,738,743,O,ACRM GP#2 BGL,L,B04,84.0,85.98,1235,2.25,TSF093,96.6,202624,N,SH93,202627,03-JUN-26 00:00:00,,,,I,ACRM GP#2 BGL,84.0,TSF093,HR,12-MAY-26 08:00:07
9519761216,1,1,738,738,O,HR_DOM,B,367,34.0,0.0,1500,6.0,I17480,25.41,202621,N,SH35,202622,14-MAY-26 00:00:00,,,,G,HR_DOM,34.0,I17480,HR,12-MAY-26 08:00:07
9519761203,1,1,738,738,O,HR_DOM,A,367,34.0,0.0,1500,4.0,I17020,37.9,202625,N,HR05,202626,13-JUN-26 00:00:00,,,,I,HR_DOM,34.0,I17020,HR,12-MAY-26 08:00:07
9519761203,2,1,738,738,O,HR_DOM,P,367,30.0,0.0,1250,2.9,I17022,30.77,202623,N,HR07,202624,09-JUN-26 00:00:00,,,,I,HR_DOM,30.0,I17022,HR,12-MAY-26 08:00:07
9519760929,1,1,738,744,O,ACRM GP#2 PPGL,L,B18,280.0,143.45,1235,2.0,TSF093,322.0,202625,N,SH93,202628,03-JUN-26 00:00:00,,,,I,ACRM GP#2 PPGL,280.0,TSF093,HR,12-MAY-26 08:00:07
9519760929,2,1,738,744,O,ACRM GP#2 PPGL,L,B18,280.0,229.36,1235,2.0,TSF093,322.0,202625,N,SH93,202628,04-JUN-26 00:00:00,,,,I,ACRM GP#2 PPGL,280.0,TSF093,HR,12-MAY-26 08:00:07
9519760929,3,1,738,744,O,ACRM GP#2 PPGL,L,B18,280.0,258.33,1235,2.0,TSF093,322.0,202625,N,SH93,202628,04-JUN-26 00:00:00,,,,I,ACRM GP#2 PPGL,280.0,TSF093,HR,12-MAY-26 08:00:07
9519760929,4,1,738,744,O,ACRM GP#2 PPGL,L,B18,140.0,114.71,1235,2.0,TSF093,161.0,202625,N,SH93,202628,04-JUN-26 00:00:00,,,,I,ACRM GP#2 PPGL,140.0,TSF093,HR,12-MAY-26 08:00:07
9519760929,5,1,738,744,O,ACRM GP#2 PPGL,L,B18,280.0,314.39,1235,2.0,TSF093,322.0,202625,N,SH93,202628,04-JUN-26 00:00:00,,,,I,ACRM GP#2 PPGL,280.0,TSF093,HR,12-MAY-26 08:00:07
9519760929,6,1,738,744,O,ACRM GP#2 PPGL,L,B18,28.0,0.0,1235,2.0,TSF093,32.2,202625,N,SH93,202628,04-JUN-26 00:00:00,,,,I,ACRM GP#2 PPGL,28.0,TSF093,HR,12-MAY-26 08:00:07
9519760929,8,1,738,744,O,ACRM GP#2 PPGL,L,B18,28.0,0.0,1235,2.0,TSF093,32.2,202625,N,SH93,202628,04-JUN-26 00:00:00,,,,I,ACRM GP#2 PPGL,28.0,TSF093,HR,12-MAY-26 08:00:07
9519760929,9,1,738,744,O,ACRM GP#2 PPGL,L,B18,56.0,0.0,1235,2.0,TSF093,64.4,202625,N,SH93,202628,04-JUN-26 00:00:00,,,,I,ACRM GP#2 PPGL,56.0,TSF093,HR,12-MAY-26 08:00:07
9519753062,13,1,738,738,O,HR_DOM,L,367,60.0,0.0,1250,12.0,UNB092,63.44,202623,N,UN92,202625,03-JUN-26 00:00:00,,, ,I,HR_DOM,60.0,UNB092,HR,12-MAY-26 08:00:07
9519741832,1,1,738,742,O,ACRM CRCA CRS,,C01,290.0,0.0,0,0.0, ,0.0,202621,N,,202625,31-MAY-26 00:00:00,,,,G,ACRM CRCA CRS,290.0,,HR,12-MAY-26 08:00:07
9519756611,1,1,738,738,O,HR_DOM,A,367,34.0,0.0,1500,3.0,I17020,37.9,202622,N,HR05,202624,30-MAY-26 00:00:00,,, ,I,HR_DOM,34.0,I17020,HR,12-MAY-26 08:00:07
9519750966,1,1,738,743,O,ACRM GP#3 WIDER HARD,L,C05,62.0,0.0,1365,2.25,S02149,71.3,202620,N,SF93,202624,03-JUN-26 00:00:00,,, ,I,ACRM GP#3 WIDER HARD,62.0,S02149,HR,12-MAY-26 08:00:07
9519753296,1,1,738,738,O,HR_DOM,L,367,300.0,0.0,1245,2.5,T01576,310.8,202624,N,HG02,202625,11-JUN-26 00:00:00,,,,I,HR_DOM,300.0,T01576,HR,12-MAY-26 08:00:07
9519753296,2,1,738,738,O,HR_DOM,L,367,300.0,0.0,1245,2.5,T01576,310.8,202624,N,HG02,202625,11-JUN-26 00:00:00,,,,I,HR_DOM,300.0,T01576,HR,12-MAY-26 08:00:07
9519753296,3,1,738,738,O,HR_DOM,L,367,300.0,0.0,1245,2.5,T01576,310.8,202624,N,HG02,202625,11-JUN-26 00:00:00,,,,I,HR_DOM,300.0,T01576,HR,12-MAY-26 08:00:07
9519753296,4,1,738,738,O,HR_DOM,L,367,300.0,0.0,1245,2.5,T01576,310.8,202624,N,HG02,202625,11-JUN-26 00:00:00,,,,I,HR_DOM,300.0,T01576,HR,12-MAY-26 08:00:07
9519753296,5,1,738,738,O,HR_DOM,L,367,300.0,0.0,1245,2.5,T01576,310.8,202624,N,HG02,202625,11-JUN-26 00:00:00,,,,I,HR_DOM,300.0,T01576,HR,12-MAY-26 08:00:07
9519753296,6,1,738,738,O,HR_DOM,L,367,300.0,0.0,1245,2.5,T01576,310.8,202624,N,HG02,202625,11-JUN-26 00:00:00,,,,I,HR_DOM,300.0,T01576,HR,12-MAY-26 08:00:07
9519753296,7,1,738,738,O,HR_DOM,L,367,300.0,0.0,1245,2.5,T01576,310.8,202624,N,HG02,202625,11-JUN-26 00:00:00,,,,I,HR_DOM,300.0,T01576,HR,12-MAY-26 08:00:07
9519753296,8,1,738,738,O,HR_DOM,L,367,300.0,0.0,1245,2.5,T01576,310.8,202624,N,HG02,202625,11-JUN-26 00:00:00,,,,I,HR_DOM,300.0,T01576,HR,12-MAY-26 08:00:07
9519753296,9,1,738,738,O,HR_DOM,L,367,300.0,0.0,1245,2.5,T01576,310.8,202624,N,HG02,202625,11-JUN-26 00:00:00,,,,I,HR_DOM,300.0,T01576,HR,12-MAY-26 08:00:07
4000539448,1,1,738,738,F,HR_DOM,L,367,60.0,0.0,1250,1.8,UNB098,63.44,202621,N,UN98,202623,27-MAY-26 00:00:00,,,,G,HR_DOM,60.0,UNB098,HR,12-MAY-26 08:00:07
4000539448,2,1,738,738,F,HR_DOM,L,367,60.0,0.0,1250,1.8,UNB098,63.44,202620,N,UN98,202622,25-MAY-26 00:00:00,,, ,R,HR_DOM,60.0,UNB098,HR,12-MAY-26 08:00:07
4000539448,5,1,738,738,F,HR_DOM,L,367,30.0,0.0,1250,2.6,UNB098,31.72,202621,N,UN98,202623,27-MAY-26 00:00:00,,,,G,HR_DOM,30.0,UNB098,HR,12-MAY-26 08:00:07
4000539989,9,1,738,738,F,KCRM,L,367,300.0,221.42,1235,2.2,T01576,150.31,202622,N,HG02,202624,07-JUN-26 00:00:00,,,,I,KCRM,300.0,T01576,HR,12-MAY-26 08:00:07
4000539989,6,1,738,738,F,KCRM,L,367,90.0,44.4,1235,2.2,T01576,47.24,202622,N,HG02,202624,01-JUN-26 00:00:00,,,,I,KCRM,90.0,T01576,HR,12-MAY-26 08:00:07
4000539989,7,1,738,738,F,KCRM,L,367,300.0,200.95,1235,2.2,T01576,102.62,202622,N,HG02,202624,08-JUN-26 00:00:00,,,,I,KCRM,300.0,T01576,HR,12-MAY-26 08:00:07
4000539989,8,1,738,738,F,KCRM,L,367,300.0,288.21,1235,2.2,T01576,0.0,202622,N,HG02,202624,07-JUN-26 00:00:00,,,,I,KCRM,300.0,T01576,HR,12-MAY-26 08:00:07
4000537952,2,1,738,738,F,HR_SPC,A,367,34.0,0.0,1440,12.0,THB028,34.87,202624,N,HB28,202626,09-JUN-26 00:00:00,,,,I,HR_SPC,34.0,THB028,HR,12-MAY-26 08:00:07
9519681412,8,1,738,738,O,HR_DOM,A,367,102.0,0.0,1500,4.0,TIP006,105.67,202622,N,HG42,202624,30-MAY-26 00:00:00,,,,I,HR_DOM,102.0,TIP006,HR,12-MAY-26 08:00:07
9519681412,9,1,738,738,O,HR_DOM,A,367,102.0,0.0,1500,5.0,I17020,113.71,202623,N,HR05,202625,03-JUN-26 00:00:00,,,,I,HR_DOM,102.0,I17020,HR,12-MAY-26 08:00:07
9519681412,11,1,738,738,O,HR_DOM,A,367,102.0,0.0,1500,7.0,THG038,104.62,202624,N,HG38,202626,03-JUN-26 00:00:00,,,,I,HR_DOM,102.0,THG038,HR,12-MAY-26 08:00:07
4000538443,1,1,738,738,F,HR_SPC,A,367,120.0,0.0,1250,3.3,THA054,133.78,202624,N,HA54,202626,03-JUN-26 00:00:00,,,,I,HR_SPC,120.0,THA054,HR,12-MAY-26 08:00:07
4000540412,1,1,738,738,F,HR_DOM,L,367,90.0,0.0,1250,1.85,UNB098,95.16,202622,N,UN98,202624,03-JUN-26 00:00:00,,,,I,HR_DOM,90.0,UNB098,HR,12-MAY-26 08:00:07
9519760929,11,1,738,744,O,ACRM GP#2 PPGL,L,B18,28.0,0.0,1235,2.0,TSF093,32.2,202625,N,SH93,202628,04-JUN-26 00:00:00,,,,I,ACRM GP#2 PPGL,28.0,TSF093,HR,12-MAY-26 08:00:07
9519760929,12,1,738,744,O,ACRM GP#2 PPGL,L,B18,56.0,0.0,1235,2.0,TSF093,64.4,202625,N,SH93,202628,04-JUN-26 00:00:00,,,,I,ACRM GP#2 PPGL,56.0,TSF093,HR,12-MAY-26 08:00:07
9519760929,13,1,738,744,O,ACRM GP#2 PPGL,L,B18,28.0,0.0,1235,2.0,TSF093,32.2,202625,N,SH93,202628,05-JUN-26 00:00:00,,,,I,ACRM GP#2 PPGL,28.0,TSF093,HR,12-MAY-26 08:00:07
9519761028,1,1,738,744,O,ACRM GP#2 PPGL,L,B18,56.0,57.27,1235,2.0,TSF093,64.4,202625,N,SH93,202628,04-JUN-26 00:00:00,,,,I,ACRM GP#2 PPGL,56.0,TSF093,HR,12-MAY-26 08:00:07
9519761120,1,1,738,738,O,HR_DOM,A,367,34.0,0.0,1500,3.0,I17020,37.9,202625,N,HR05,202626,13-JUN-26 00:00:00,,,,I,HR_DOM,34.0,I17020,HR,12-MAY-26 08:00:07
9519738699,1,1,738,738,O,HR_DOM,L,B69,240.0,27.99,1250,2.0,TIP001,217.45,202620,N,HG34,202623,25-MAY-26 00:00:00,,, ,Y,HR_DOM,240.0,TIP001,HR,12-MAY-26 08:00:07
4000540326,1,1,738,738,F,K_LDP,A,367,210.0,52.14,1460,5.5,TIP006,163.54,202622,N,HG42,202624,07-JUN-26 00:00:00,,, ,I,K_LDP,210.0,TIP006,HR,12-MAY-26 08:00:07
9519761123,1,1,738,738,O,HR_DOM,A,367,68.0,0.0,1500,3.15,I17020,75.81,202625,N,HR05,202626,13-JUN-26 00:00:00,,,,I,HR_DOM,68.0,I17020,HR,12-MAY-26 08:00:07
9519761125,1,1,738,738,O,HR_DOM,A,367,34.0,0.0,1500,5.0,TIP006,35.22,202624,N,HG42,202626,12-JUN-26 00:00:00,,,,I,HR_DOM,34.0,TIP006,HR,12-MAY-26 08:00:07
9519761125,6,1,738,738,O,HR_DOM,L,367,90.0,0.0,1250,4.5,TIP001,92.31,202624,N,HG34,202626,03-JUN-26 00:00:00,,,,I,HR_DOM,90.0,TIP001,HR,12-MAY-26 08:00:07
9519753296,10,1,738,738,O,HR_DOM,L,367,300.0,0.0,1245,2.5,T01576,310.8,202624,N,HG02,202625,11-JUN-26 00:00:00,,,,I,HR_DOM,300.0,T01576,HR,12-MAY-26 08:00:07
9519753296,11,1,738,738,O,HR_DOM,L,367,300.0,0.0,1245,2.5,T01576,310.8,202624,N,HG02,202625,11-JUN-26 00:00:00,,,,I,HR_DOM,300.0,T01576,HR,12-MAY-26 08:00:07
9519753296,12,1,738,738,O,HR_DOM,L,367,300.0,0.0,1245,2.5,T01576,310.8,202624,N,HG02,202625,11-JUN-26 00:00:00,,,,I,HR_DOM,300.0,T01576,HR,12-MAY-26 08:00:07
9519753296,13,1,738,738,O,HR_DOM,L,367,300.0,0.0,1245,2.5,T01576,310.8,202624,N,HG02,202625,11-JUN-26 00:00:00,,,,I,HR_DOM,300.0,T01576,HR,12-MAY-26 08:00:07
9519753296,14,1,738,738,O,HR_DOM,L,367,300.0,0.0,1245,2.5,T01576,310.8,202624,N,HG02,202625,11-JUN-26 00:00:00,,,,I,HR_DOM,300.0,T01576,HR,12-MAY-26 08:00:07
9519753296,15,1,738,738,O,HR_DOM,L,367,300.0,0.0,1245,2.5,T01576,310.8,202624,N,HG02,202625,11-JUN-26 00:00:00,,,,I,HR_DOM,300.0,T01576,HR,12-MAY-26 08:00:07
9519753296,21,1,738,738,O,HR_DOM,L,367,300.0,0.0,1245,3.2,T01576,310.8,202624,N,HG02,202625,11-JUN-26 00:00:00,,,,I,HR_DOM,300.0,T01576,HR,12-MAY-26 08:00:07
9519753296,19,1,738,738,O,HR_DOM,L,367,120.0,0.0,1245,2.8,T01576,124.32,202624,N,HG02,202625,11-JUN-26 00:00:00,,,,I,HR_DOM,120.0,T01576,HR,12-MAY-26 08:00:07
9519753296,20,1,738,738,O,HR_DOM,L,367,300.0,0.0,1245,3.2,T01576,310.8,202624,N,HG02,202625,11-JUN-26 00:00:00,,,,I,HR_DOM,300.0,T01576,HR,12-MAY-26 08:00:07
9519753296,22,1,738,738,O,HR_DOM,L,367,300.0,0.0,1245,3.2,T01576,310.8,202624,N,HG02,202625,11-JUN-26 00:00:00,,,,I,HR_DOM,300.0,T01576,HR,12-MAY-26 08:00:07
9519753296,23,1,738,738,O,HR_DOM,L,367,300.0,0.0,1245,3.2,T01576,310.8,202624,N,HG02,202625,11-JUN-26 00:00:00,,,,I,HR_DOM,300.0,T01576,HR,12-MAY-26 08:00:07
9519753296,16,1,738,738,O,HR_DOM,L,367,300.0,0.0,1245,2.8,T01576,310.8,202624,N,HG02,202625,11-JUN-26 00:00:00,,,,I,HR_DOM,300.0,T01576,HR,12-MAY-26 08:00:07
9519753296,17,1,738,738,O,HR_DOM,L,367,300.0,0.0,1245,2.8,T01576,310.8,202624,N,HG02,202625,11-JUN-26 00:00:00,,,,I,HR_DOM,300.0,T01576,HR,12-MAY-26 08:00:07
4000539448,6,1,738,738,F,HR_DOM,L,367,150.0,0.0,1250,3.0,UNB098,158.6,202621,N,UN98,202623,27-MAY-26 00:00:00,,,,G,HR_DOM,150.0,UNB098,HR,12-MAY-26 08:00:07
4000539448,7,1,738,738,F,HR_DOM,L,367,120.0,0.0,1250,3.1,UNB098,126.88,202621,N,UN98,202623,27-MAY-26 00:00:00,,,,G,HR_DOM,120.0,UNB098,HR,12-MAY-26 08:00:07
4000539448,8,1,738,738,F,HR_DOM,L,367,90.0,0.0,1250,3.35,UNB098,95.16,202621,N,UN98,202623,27-MAY-26 00:00:00,,,,G,HR_DOM,90.0,UNB098,HR,12-MAY-26 08:00:07
9519751383,1,1,738,738,O,HR_DOM,A,367,102.0,0.0,1500,7.5,THG038,104.62,202619,N,HG38,202620,19-MAY-26 00:00:00,,,,B,HR_DOM,102.0,THG038,HR,12-MAY-26 08:00:07
9519751383,2,1,738,738,O,HR_DOM,A,367,102.0,0.0,1500,7.8,THG038,104.62,202619,N,HG38,202620,19-MAY-26 00:00:00,,,,B,HR_DOM,102.0,THG038,HR,12-MAY-26 08:00:07
9519754464,1,1,738,738,O,HR_DOM,L,367,150.0,0.0,1250,2.0,TIP001,153.85,202621,N,HG34,202623,31-MAY-26 00:00:00,,,,G,HR_DOM,150.0,TIP001,HR,12-MAY-26 08:00:07
9519757487,4,1,738,738,O,HR_DOM,L,367,60.0,51.9,1260,3.1,Q17022,0.0,202622,N,HD08,202623,06-JUN-26 00:00:00,,,,I,HR_DOM,60.0,Q17022,HR,12-MAY-26 08:00:07
4000540157,4,1,738,738,F,HR_DOM,L,367,128.0,0.0,1540,3.5,THB047,138.19,202622,N,HB47,202623,05-JUN-26 00:00:00,,,,G,HR_DOM,128.0,THB047,HR,12-MAY-26 08:00:07
4000540157,1,1,738,738,F,HR_DOM,L,367,96.0,0.0,1540,4.0,THB047,103.64,202622,N,HB47,202623,05-JUN-26 00:00:00,,,,G,HR_DOM,96.0,THB047,HR,12-MAY-26 08:00:07
4000540157,2,1,738,738,F,HR_DOM,L,367,32.0,0.0,1230,3.9,THB047,34.55,202622,N,HB47,202623,26-MAY-26 00:00:00,,,,Y,HR_DOM,32.0,THB047,HR,12-MAY-26 08:00:07
4000540157,3,1,738,738,F,HR_DOM,L,367,64.0,0.0,1525,4.0,THB047,69.1,202622,N,HB47,202623,03-JUN-26 00:00:00,,,,G,HR_DOM,64.0,THB047,HR,12-MAY-26 08:00:07
4000540157,5,1,738,738,F,HR_DOM,L,367,60.0,26.35,1230,3.7,THB047,37.75,202622,N,HB47,202623,26-MAY-26 00:00:00,,,,Y,HR_DOM,60.0,THB047,HR,12-MAY-26 08:00:07
9519758108,1,1,738,738,O,HR_DOM,L,367,30.0,0.0,1250,2.2,TIP001,30.77,202624,N,HG34,202626,03-JUN-26 00:00:00,,,,I,HR_DOM,30.0,TIP001,HR,12-MAY-26 08:00:07
4000539990,2,1,738,738,F,KCRM,L,367,210.0,0.0,1265,2.2,BSL011,215.39,202622,N,BS11,202624,06-JUN-26 00:00:00,,,,I,KCRM,210.0,BSL011,HR,12-MAY-26 08:00:07
4000539990,3,1,738,738,F,KCRM,L,367,90.0,0.0,1265,2.5,BSL011,92.31,202622,N,BS11,202624,08-JUN-26 00:00:00,,,,I,KCRM,90.0,BSL011,HR,12-MAY-26 08:00:07
4000539990,4,1,738,738,F,KCRM,L,367,300.0,0.0,1265,2.8,BSL011,307.69,202622,N,BS11,202624,06-JUN-26 00:00:00,,,,I,KCRM,300.0,BSL011,HR,12-MAY-26 08:00:07
4000539990,5,1,738,738,F,KCRM,L,367,210.0,0.0,1265,3.0,BSL011,215.39,202622,N,BS11,202624,06-JUN-26 00:00:00,,,,I,KCRM,210.0,BSL011,HR,12-MAY-26 08:00:07
9519758225,1,1,738,738,O,HR_DOM,A,367,34.0,0.0,1500,10.0,THG038,34.87,202620,N,HG38,202622,25-MAY-26 00:00:00,,,,R,HR_DOM,34.0,THG038,HR,12-MAY-26 08:00:07
9519757487,2,1,738,738,O,HR_DOM,L,367,240.0,204.37,1260,3.1,I09490,36.61,202622,N,HG08,202623,31-MAY-26 00:00:00,,,,I,HR_DOM,240.0,I09490,HR,12-MAY-26 08:00:07
4000539640,1,1,738,738,F,ACRM_SLIT,L,367,272.0,0.0,1525,2.0,TSH067,278.97,202624,N,SH67,202625,11-JUN-26 00:00:00,,,,I,ACRM_SLIT,272.0,TSH067,HR,12-MAY-26 08:00:07
9519681412,13,1,738,738,O,HR_DOM,A,367,102.0,0.0,1500,9.0,I17021,107.85,202624,N,HR08,202626,03-JUN-26 00:00:00,,,,I,HR_DOM,102.0,I17021,HR,12-MAY-26 08:00:07
9519683065,3,1,738,738,O,HR_DOM,A,367,68.0,0.0,1500,16.0,UNB094,73.41,202620,N,UN94,202622,21-MAY-26 00:00:00,,,,B,HR_DOM,68.0,UNB094,HR,12-MAY-26 08:00:07
9519683065,4,1,738,738,O,HR_DOM,A,367,68.0,0.0,1500,20.0,UNB094,73.41,202620,N,UN94,202622,21-MAY-26 00:00:00,,,,B,HR_DOM,68.0,UNB094,HR,12-MAY-26 08:00:07
9519763031,7,1,738,738,O,HR_DOM,L,367,290.0,0.0,1230,2.2,T01576,300.44,202623,N,HG02,202624,03-JUN-26 00:00:00,,,,I,HR_DOM,290.0,T01576,HR,12-MAY-26 08:00:07
9519763031,8,1,738,738,O,HR_DOM,L,367,290.0,0.0,1230,2.2,T01576,300.44,202623,N,HG02,202624,03-JUN-26 00:00:00,,,,I,HR_DOM,290.0,T01576,HR,12-MAY-26 08:00:07
9519763031,9,1,738,738,O,HR_DOM,L,367,290.0,0.0,1230,2.2,T01576,300.44,202623,N,HG02,202624,03-JUN-26 00:00:00,,,,I,HR_DOM,290.0,T01576,HR,12-MAY-26 08:00:07
9519763031,10,1,738,738,O,HR_DOM,L,367,290.0,0.0,1230,2.2,T01576,300.44,202625,N,HG02,202626,13-JUN-26 00:00:00,,,,I,HR_DOM,290.0,T01576,HR,12-MAY-26 08:00:07
9519763031,11,1,738,738,O,HR_DOM,L,367,290.0,0.0,1230,2.2,T01576,300.44,202625,N,HG02,202626,13-JUN-26 00:00:00,,,,I,HR_DOM,290.0,T01576,HR,12-MAY-26 08:00:07
9519763031,12,1,738,738,O,HR_DOM,L,367,145.0,0.0,1230,2.2,T01576,150.22,202623,N,HG02,202624,03-JUN-26 00:00:00,,,,I,HR_DOM,145.0,T01576,HR,12-MAY-26 08:00:07
9519759218,2,1,738,738,O,HR_DOM,L,367,30.0,0.0,1250,1.8,I09497,31.08,202624,N,HG01,202626,03-JUN-26 00:00:00,,,,I,HR_DOM,30.0,I09497,HR,12-MAY-26 08:00:07
9519759218,3,1,738,738,O,HR_DOM,L,367,30.0,0.0,1250,1.8,I09497,31.08,202624,N,HG01,202626,11-JUN-26 00:00:00,,,,I,HR_DOM,30.0,I09497,HR,12-MAY-26 08:00:07
4000540412,2,1,738,738,F,HR_DOM,L,367,60.0,0.0,1250,2.0,UNB098,63.44,202622,N,UN98,202624,03-JUN-26 00:00:00,,,,I,HR_DOM,60.0,UNB098,HR,12-MAY-26 08:00:07
4000539937,4,1,738,738,F,HR_DOM,L,367,35.0,27.0,1450,3.8,I09497,0.0,202623,N,HG01,202625,09-JUN-26 00:00:00,,,,I,HR_DOM,35.0,I09497,HR,12-MAY-26 08:00:07
4000539937,5,1,738,738,F,HR_DOM,L,367,35.0,0.0,1450,4.4,I09497,36.26,202623,N,HG01,202625,09-JUN-26 00:00:00,,,,I,HR_DOM,35.0,I09497,HR,12-MAY-26 08:00:07
4000539937,2,1,738,738,F,HR_DOM,L,367,70.0,0.0,1450,2.6,I09497,72.52,202624,N,HG01,202626,12-JUN-26 00:00:00,,,,I,HR_DOM,70.0,I09497,HR,12-MAY-26 08:00:07
9519687485,2,1,738,738,O,HR_DOM,L,B77,68.0,0.0,1500,2.0,THR085,74.91,202622,N,HR85,202625,03-JUN-26 00:00:00,,,,I,HR_DOM,68.0,THR085,HR,12-MAY-26 08:00:07
9519687485,3,1,738,738,O,HR_DOM,L,B77,68.0,0.0,1500,2.0,THR085,74.91,202622,N,HR85,202625,03-JUN-26 00:00:00,,,,I,HR_DOM,68.0,THR085,HR,12-MAY-26 08:00:07
4000540533,3,1,738,738,F,TUBE,L,367,150.0,134.99,1250,4.9,I09490,15.4,202625,N,HG08,202626,03-JUN-26 00:00:00,,,,I,TUBE,150.0,I09490,HR,12-MAY-26 08:00:07
9519705098,5,1,738,738,O,HR_DOM,A,368,70.0,0.0,1500,20.0,UNB094,77.12,202623,N,UN94,202626,03-JUN-26 00:00:00,,,,I,HR_DOM,70.0,UNB094,HR,12-MAY-26 08:00:07
9519705098,2,1,738,738,O,HR_DOM,L,691,30.0,0.0,1250,2.0,TIP001,31.4,202623,N,HG34,202626,03-JUN-26 00:00:00,,,,I,HR_DOM,30.0,TIP001,HR,12-MAY-26 08:00:07
9519705098,3,1,738,738,O,HR_DOM,L,368,60.0,0.0,1250,8.0,UNB092,64.74,202623,N,UN92,202626,03-JUN-26 00:00:00,,,,I,HR_DOM,60.0,UNB092,HR,12-MAY-26 08:00:07
9519705098,4,1,738,738,O,HR_DOM,A,368,70.0,0.0,1500,16.0,UNB094,77.12,202623,N,UN94,202626,03-JUN-26 00:00:00,,,,I,HR_DOM,70.0,UNB094,HR,12-MAY-26 08:00:07
9519705098,7,1,738,738,O,HR_DOM,L,368,30.0,0.0,1250,10.0,UNB092,32.37,202623,N,UN92,202626,03-JUN-26 00:00:00,,,,I,HR_DOM,30.0,UNB092,HR,12-MAY-26 08:00:07
9519705098,8,1,738,738,O,HR_DOM,L,368,35.0,0.0,1500,10.0,UNB092,37.76,202623,N,UN92,202626,03-JUN-26 00:00:00,,,,I,HR_DOM,35.0,UNB092,HR,12-MAY-26 08:00:07
9519753296,18,1,738,738,O,HR_DOM,L,367,300.0,0.0,1245,2.8,T01576,310.8,202624,N,HG02,202625,11-JUN-26 00:00:00,,,,I,HR_DOM,300.0,T01576,HR,12-MAY-26 08:00:07
9519753296,26,1,738,738,O,HR_DOM,L,367,300.0,0.0,1245,3.5,T01576,310.8,202624,N,HG02,202625,11-JUN-26 00:00:00,,,,I,HR_DOM,300.0,T01576,HR,12-MAY-26 08:00:07
9519753296,27,1,738,738,O,HR_DOM,L,367,150.0,0.0,1245,3.5,T01576,155.4,202624,N,HG02,202625,12-JUN-26 00:00:00,,,,I,HR_DOM,150.0,T01576,HR,12-MAY-26 08:00:07
9519753296,28,1,738,738,O,HR_DOM,L,367,120.0,0.0,1245,3.8,T01576,124.32,202624,N,HG02,202625,12-JUN-26 00:00:00,,,,I,HR_DOM,120.0,T01576,HR,12-MAY-26 08:00:07
9519753296,29,1,738,738,O,HR_DOM,L,367,300.0,0.0,1245,4.0,T01576,310.8,202624,N,HG02,202625,11-JUN-26 00:00:00,,,,I,HR_DOM,300.0,T01576,HR,12-MAY-26 08:00:07
9519753296,24,1,738,738,O,HR_DOM,L,367,300.0,0.0,1245,3.2,T01576,310.8,202624,N,HG02,202625,11-JUN-26 00:00:00,,,,I,HR_DOM,300.0,T01576,HR,12-MAY-26 08:00:07
9519753296,25,1,738,738,O,HR_DOM,L,367,150.0,0.0,1245,3.3,T01576,155.4,202624,N,HG02,202625,12-JUN-26 00:00:00,,,,I,HR_DOM,150.0,T01576,HR,12-MAY-26 08:00:07
9519753296,30,1,738,738,O,HR_DOM,L,367,210.0,0.0,1245,4.0,T01576,217.56,202624,N,HG02,202625,11-JUN-26 00:00:00,,,,I,HR_DOM,210.0,T01576,HR,12-MAY-26 08:00:07
9519753296,31,1,738,738,O,HR_DOM,L,367,60.0,0.0,1245,5.0,T01576,62.16,202624,N,HG02,202625,12-JUN-26 00:00:00,,,,I,HR_DOM,60.0,T01576,HR,12-MAY-26 08:00:07
9519753296,32,1,738,738,O,HR_DOM,L,367,300.0,0.0,1250,2.5,TIP001,307.69,202624,N,HG34,202625,03-JUN-26 00:00:00,,,,I,HR_DOM,300.0,TIP001,HR,12-MAY-26 08:00:07
9519753296,33,1,738,738,O,HR_DOM,L,367,210.0,0.0,1250,2.5,TIP001,215.39,202624,N,HG34,202625,03-JUN-26 00:00:00,,,,I,HR_DOM,210.0,TIP001,HR,12-MAY-26 08:00:07
9519753296,34,1,738,738,O,HR_DOM,L,367,30.0,0.0,1250,2.6,TIP001,26.71,202624,N,HG34,202625,25-MAY-26 00:00:00,,,,I,HR_DOM,30.0,TIP001,HR,12-MAY-26 08:00:07
9519753296,35,1,738,738,O,HR_DOM,L,367,30.0,0.0,1250,2.8,TIP001,30.77,202624,N,HG34,202625,03-JUN-26 00:00:00,,,,I,HR_DOM,30.0,TIP001,HR,12-MAY-26 08:00:07
9519753811,1,1,738,738,O,HR_DOM,A,367,68.0,0.0,1500,2.5,UNB042,99.63,202622,N,UN42,202623,30-MAY-26 00:00:00,,, ,I,HR_DOM,68.0,UNB042,HR,12-MAY-26 08:00:07
9519753818,1,1,738,738,O,HR_DOM,A,367,34.0,0.0,1500,2.5,UNB042,49.82,202622,N,UN42,202623,30-MAY-26 00:00:00,,, ,I,HR_DOM,34.0,UNB042,HR,12-MAY-26 08:00:07
9519753816,1,1,738,738,O,HR_DOM,A,367,34.0,0.0,1500,2.5,UNB042,49.82,202622,N,UN42,202623,30-MAY-26 00:00:00,,, ,I,HR_DOM,34.0,UNB042,HR,12-MAY-26 08:00:07
9519753814,1,1,738,738,O,HR_DOM,A,367,34.0,0.0,1500,4.0,TIP006,35.22,202622,N,HG42,202623,30-MAY-26 00:00:00,,, ,I,HR_DOM,34.0,TIP006,HR,12-MAY-26 08:00:07
9519751383,3,1,738,738,O,HR_DOM,A,367,102.0,0.0,1500,10.0,THG038,104.62,202619,N,HG38,202620,19-MAY-26 00:00:00,,,,B,HR_DOM,102.0,THG038,HR,12-MAY-26 08:00:07
9519753779,1,1,738,738,O,HR_DOM,P,367,60.0,0.0,1250,3.0,BSL086,62.16,202622,N,BS86,202623,31-MAY-26 00:00:00,,, ,I,HR_DOM,60.0,BSL086,HR,12-MAY-26 08:00:07
9519729537,5,1,738,738,O,HR_DOM,P,367,102.0,74.45,1500,8.0,BSL086,28.54,202622,N,BS86,202623,14-MAY-26 00:00:00,,,,I,HR_DOM,102.0,BSL086,HR,12-MAY-26 08:00:07
4000540164,1,1,738,738,F,HR_DOM,L,367,90.0,0.0,1250,2.5,TIP001,92.31,202620,N,HG34,202622,30-MAY-26 00:00:00,,,,G,HR_DOM,90.0,TIP001,HR,12-MAY-26 08:00:07
9519758225,2,1,738,738,O,HR_DOM,A,367,34.0,0.0,1500,4.5,TIP006,35.22,202620,N,HG42,202622,25-MAY-26 00:00:00,,,,R,HR_DOM,34.0,TIP006,HR,12-MAY-26 08:00:07
9519758225,3,1,738,738,O,HR_DOM,A,367,34.0,0.0,1500,6.0,TIP006,35.22,202620,N,HG42,202622,25-MAY-26 00:00:00,,,,R,HR_DOM,34.0,TIP006,HR,12-MAY-26 08:00:07
9519758225,4,1,738,738,O,HR_DOM,L,367,120.0,0.0,1250,3.0,TIP001,123.08,202620,N,HG34,202622,26-MAY-26 00:00:00,,,,R,HR_DOM,120.0,TIP001,HR,12-MAY-26 08:00:07
9519758285,1,1,738,738,O,HR_DOM,L,367,30.0,0.0,1250,2.0,TIP001,30.77,202624,N,HG34,202625,24-MAY-26 00:00:00,,,,I,HR_DOM,30.0,TIP001,HR,12-MAY-26 08:00:07
4000540180,1,1,738,738,F,HR_DOM,L,367,90.0,0.0,1250,2.2,TIP001,92.31,202621,N,HG34,202622,21-MAY-26 00:00:00,,,,B,HR_DOM,90.0,TIP001,HR,12-MAY-26 08:00:07
9519757010,1,1,738,738,O,HR_DOM,L,367,150.0,0.0,1250,2.0,TIP001,153.85,202621,N,HG34,202623,31-MAY-26 00:00:00,,,,G,HR_DOM,150.0,TIP001,HR,12-MAY-26 08:00:07
4000539640,5,1,738,738,F,ACRM_SLIT,L,367,272.0,0.0,1525,2.0,TSH067,278.97,202624,N,SH67,202625,11-JUN-26 00:00:00,,,,I,ACRM_SLIT,272.0,TSH067,HR,12-MAY-26 08:00:07
4000539640,2,1,738,738,F,ACRM_SLIT,L,367,272.0,0.0,1525,2.0,TSH067,278.97,202624,N,SH67,202625,11-JUN-26 00:00:00,,,,I,ACRM_SLIT,272.0,TSH067,HR,12-MAY-26 08:00:07
4000539640,3,1,738,738,F,ACRM_SLIT,L,367,272.0,0.0,1525,2.0,TSH067,278.97,202624,N,SH67,202625,11-JUN-26 00:00:00,,,,I,ACRM_SLIT,272.0,TSH067,HR,12-MAY-26 08:00:07
4000539640,4,1,738,738,F,ACRM_SLIT,L,367,272.0,0.0,1525,2.0,TSH067,278.97,202624,N,SH67,202625,11-JUN-26 00:00:00,,,,I,ACRM_SLIT,272.0,TSH067,HR,12-MAY-26 08:00:07
4000539640,13,1,738,738,F,ACRM_SLIT,L,367,272.0,0.0,1525,2.0,TSH067,278.97,202624,N,SH67,202625,11-JUN-26 00:00:00,,,,I,ACRM_SLIT,272.0,TSH067,HR,12-MAY-26 08:00:07
4000539640,6,1,738,738,F,ACRM_SLIT,L,367,272.0,0.0,1525,2.0,TSH067,278.97,202624,N,SH67,202625,11-JUN-26 00:00:00,,,,I,ACRM_SLIT,272.0,TSH067,HR,12-MAY-26 08:00:07
4000539640,7,1,738,738,F,ACRM_SLIT,L,367,272.0,0.0,1525,2.0,TSH067,278.97,202624,N,SH67,202625,11-JUN-26 00:00:00,,,,I,ACRM_SLIT,272.0,TSH067,HR,12-MAY-26 08:00:07
4000539640,8,1,738,738,F,ACRM_SLIT,L,367,272.0,0.0,1525,2.0,TSH067,278.97,202624,N,SH67,202625,11-JUN-26 00:00:00,,,,I,ACRM_SLIT,272.0,TSH067,HR,12-MAY-26 08:00:07
4000539640,9,1,738,738,F,ACRM_SLIT,L,367,272.0,0.0,1525,2.0,TSH067,278.97,202624,N,SH67,202625,11-JUN-26 00:00:00,,,,I,ACRM_SLIT,272.0,TSH067,HR,12-MAY-26 08:00:07
4000539640,10,1,738,738,F,ACRM_SLIT,L,367,272.0,0.0,1525,2.0,TSH067,278.97,202624,N,SH67,202625,11-JUN-26 00:00:00,,,,I,ACRM_SLIT,272.0,TSH067,HR,12-MAY-26 08:00:07
4000539640,11,1,738,738,F,ACRM_SLIT,L,367,272.0,0.0,1525,2.0,TSH067,278.97,202624,N,SH67,202625,11-JUN-26 00:00:00,,,,I,ACRM_SLIT,272.0,TSH067,HR,12-MAY-26 08:00:07
4000539640,12,1,738,738,F,ACRM_SLIT,L,367,272.0,0.0,1525,2.0,TSH067,278.97,202624,N,SH67,202625,11-JUN-26 00:00:00,,,,I,ACRM_SLIT,272.0,TSH067,HR,12-MAY-26 08:00:07
4000539640,14,1,738,738,F,ACRM_SLIT,L,367,272.0,0.0,1525,2.0,TSH067,278.97,202624,N,SH67,202625,11-JUN-26 00:00:00,,,,I,ACRM_SLIT,272.0,TSH067,HR,12-MAY-26 08:00:07
4000539640,15,1,738,738,F,ACRM_SLIT,L,367,272.0,0.0,1525,2.0,TSH067,278.97,202624,N,SH67,202625,11-JUN-26 00:00:00,,,,I,ACRM_SLIT,272.0,TSH067,HR,12-MAY-26 08:00:07
4000539640,16,1,738,738,F,ACRM_SLIT,L,367,272.0,0.0,1525,2.0,TSH067,278.97,202624,N,SH67,202625,11-JUN-26 00:00:00,,,,I,ACRM_SLIT,272.0,TSH067,HR,12-MAY-26 08:00:07
4000539973,1,1,738,738,F,HR_DOM,L,367,70.0,0.0,1450,2.5,I09497,72.52,202624,N,HG01,202626,12-JUN-26 00:00:00,,,,I,HR_DOM,70.0,I09497,HR,12-MAY-26 08:00:07
4000539973,2,1,738,738,F,HR_DOM,L,367,70.0,0.0,1450,2.7,I09497,72.52,202624,N,HG01,202626,12-JUN-26 00:00:00,,,,I,HR_DOM,70.0,I09497,HR,12-MAY-26 08:00:07
9519722955,8,1,738,742,O,ACRM HRPO,L,768,87.0,0.0,1250,3.2,THA058,100.05,202623,N,HA58,202626,07-JUN-26 00:00:00,,,,I,ACRM HRPO,87.0,THA058,HR,12-MAY-26 08:00:07
9519722955,1,1,738,742,O,ACRM HRPO,L,768,203.0,0.0,1250,2.0,THA058,233.45,202623,N,HA58,202626,06-JUN-26 00:00:00,,,,I,ACRM HRPO,203.0,THA058,HR,12-MAY-26 08:00:07
9519722955,2,1,738,742,O,ACRM HRPO,L,768,203.0,0.0,1250,2.0,THA058,233.45,202623,N,HA58,202626,07-JUN-26 00:00:00,,,,I,ACRM HRPO,203.0,THA058,HR,12-MAY-26 08:00:07
9519722955,3,1,738,742,O,ACRM HRPO,L,768,116.0,0.0,1250,2.3,THA058,133.4,202623,N,HA58,202626,07-JUN-26 00:00:00,,,,I,ACRM HRPO,116.0,THA058,HR,12-MAY-26 08:00:07
9519722955,4,1,738,742,O,ACRM HRPO,L,768,203.0,24.91,1250,2.5,THA058,233.45,202623,N,HA58,202626,07-JUN-26 00:00:00,,,,I,ACRM HRPO,203.0,THA058,HR,12-MAY-26 08:00:07
9519722955,6,1,738,742,O,ACRM HRPO,L,768,58.0,25.09,1250,2.9,THA058,66.7,202623,N,HA58,202626,08-JUN-26 00:00:00,,,,I,ACRM HRPO,58.0,THA058,HR,12-MAY-26 08:00:07
9519722955,7,1,738,742,O,ACRM HRPO,L,768,58.0,0.0,1250,3.0,THA058,66.7,202623,N,HA58,202626,08-JUN-26 00:00:00,,,,I,ACRM HRPO,58.0,THA058,HR,12-MAY-26 08:00:07
9519760155,2,1,738,738,O,HR_DOM,L,367,210.0,0.0,1250,2.0,TIP001,215.39,202624,N,HG34,202626,03-JUN-26 00:00:00,,,,I,HR_DOM,210.0,TIP001,HR,12-MAY-26 08:00:07
9519683052,6,1,738,738,O,HR_DOM,A,367,102.0,25.64,1500,16.0,UNB020,79.38,202625,N,UN20,202627,13-JUN-26 00:00:00,,,,I,HR_DOM,102.0,UNB020,HR,12-MAY-26 08:00:07
9519705098,9,1,738,738,O,HR_DOM,L,368,30.0,0.0,1250,12.0,UNB092,32.37,202623,N,UN92,202626,03-JUN-26 00:00:00,,,,I,HR_DOM,30.0,UNB092,HR,12-MAY-26 08:00:07
9519705098,11,1,738,738,O,HR_DOM,L,368,70.0,0.0,1500,8.0,UNB092,75.53,202623,N,UN92,202626,03-JUN-26 00:00:00,,,,I,HR_DOM,70.0,UNB092,HR,12-MAY-26 08:00:07
9519723618,1,1,738,738,O,HR_DOM,L,691,60.0,0.0,1250,2.0,TIP001,62.79,202624,N,HG34,202626,03-JUN-26 00:00:00,,,,I,HR_DOM,60.0,TIP001,HR,12-MAY-26 08:00:07
9519723618,2,1,738,738,O,HR_DOM,L,691,60.0,0.0,1250,3.0,TIP001,62.79,202624,N,HG34,202626,03-JUN-26 00:00:00,,,,I,HR_DOM,60.0,TIP001,HR,12-MAY-26 08:00:07
9519723618,3,1,738,738,O,HR_DOM,L,691,60.0,0.0,1250,2.5,TIP001,62.79,202624,N,HG34,202626,03-JUN-26 00:00:00,,,,I,HR_DOM,60.0,TIP001,HR,12-MAY-26 08:00:07
9519723618,4,1,738,738,O,HR_DOM,L,691,70.0,0.0,1500,2.0,TIP001,73.26,202624,N,HG34,202626,09-JUN-26 00:00:00,,,,I,HR_DOM,70.0,TIP001,HR,12-MAY-26 08:00:07
9519723618,5,1,738,738,O,HR_DOM,L,691,60.0,0.0,1250,4.0,TIP001,62.79,202624,N,HG34,202626,03-JUN-26 00:00:00,,,,I,HR_DOM,60.0,TIP001,HR,12-MAY-26 08:00:07
9519725772,6,1,738,738,O,HR_DOM,A,368,35.0,0.0,1500,10.0,THG038,36.63,202624,N,HG38,202626,09-JUN-26 00:00:00,,,,I,HR_DOM,35.0,THG038,HR,12-MAY-26 08:00:07
9519725772,1,1,738,738,O,HR_DOM,L,368,30.0,0.0,1250,6.0,I09508,31.71,202624,N,HG22,202626,03-JUN-26 00:00:00,,,,I,HR_DOM,30.0,I09508,HR,12-MAY-26 08:00:07
9519725772,4,1,738,738,O,HR_DOM,A,368,35.0,0.0,1500,8.0,THG038,36.63,202624,N,HG38,202626,09-JUN-26 00:00:00,,,,I,HR_DOM,35.0,THG038,HR,12-MAY-26 08:00:07
9519725772,7,1,738,738,O,HR_DOM,A,368,35.0,0.0,1500,12.0,THG038,36.63,202624,N,HG38,202626,09-JUN-26 00:00:00,,,,I,HR_DOM,35.0,THG038,HR,12-MAY-26 08:00:07
4000540250,5,1,738,738,F,SCRM,L,367,30.0,0.0,1250,2.2,THB001,30.77,202622,N,HR01,202623,06-JUN-26 00:00:00,,,,I,SCRM,30.0,THB001,HR,12-MAY-26 08:00:07
4000540250,6,1,738,738,F,SCRM,L,367,30.0,0.0,1250,2.3,THB001,30.77,202622,N,HR01,202623,06-JUN-26 00:00:00,,,,I,SCRM,30.0,THB001,HR,12-MAY-26 08:00:07
4000540250,7,1,738,738,F,SCRM,L,367,60.0,0.0,1250,2.5,THB001,61.54,202622,N,HR01,202623,06-JUN-26 00:00:00,,,,I,SCRM,60.0,THB001,HR,12-MAY-26 08:00:07
9519753296,36,1,738,738,O,HR_DOM,L,367,120.0,0.0,1250,3.2,TIP001,123.08,202624,N,HG34,202625,03-JUN-26 00:00:00,,,,I,HR_DOM,120.0,TIP001,HR,12-MAY-26 08:00:07
9519753296,37,1,738,738,O,HR_DOM,L,367,120.0,0.0,1250,3.25,TIP001,123.08,202624,N,HG34,202625,03-JUN-26 00:00:00,,,,I,HR_DOM,120.0,TIP001,HR,12-MAY-26 08:00:07
9519753296,44,1,738,738,O,HR_DOM,L,367,60.0,0.0,1250,6.0,I09508,62.16,202625,N,HG22,202626,03-JUN-26 00:00:00,,,,I,HR_DOM,60.0,I09508,HR,12-MAY-26 08:00:07
9519753296,38,1,738,738,O,HR_DOM,L,367,120.0,0.0,1250,3.4,TIP001,123.08,202624,N,HG34,202625,03-JUN-26 00:00:00,,,,I,HR_DOM,120.0,TIP001,HR,12-MAY-26 08:00:07
9519753296,39,1,738,738,O,HR_DOM,L,367,120.0,0.0,1250,3.5,TIP001,123.08,202624,N,HG34,202625,03-JUN-26 00:00:00,,,,I,HR_DOM,120.0,TIP001,HR,12-MAY-26 08:00:07
9519753296,40,1,738,738,O,HR_DOM,L,367,120.0,0.0,1250,3.8,TIP001,123.08,202625,N,HG34,202626,03-JUN-26 00:00:00,,,,I,HR_DOM,120.0,TIP001,HR,12-MAY-26 08:00:07
9519753296,45,1,738,738,O,HR_DOM,L,367,120.0,0.0,1250,6.5,I09508,124.32,202625,N,HG22,202626,03-JUN-26 00:00:00,,,,I,HR_DOM,120.0,I09508,HR,12-MAY-26 08:00:07
9519753296,41,1,738,738,O,HR_DOM,L,367,210.0,0.0,1250,4.0,TIP001,215.39,202625,N,HG34,202626,03-JUN-26 00:00:00,,,,I,HR_DOM,210.0,TIP001,HR,12-MAY-26 08:00:07
9519753296,42,1,738,738,O,HR_DOM,L,367,210.0,0.0,1250,4.5,TIP001,215.39,202625,N,HG34,202626,03-JUN-26 00:00:00,,,,I,HR_DOM,210.0,TIP001,HR,12-MAY-26 08:00:07
9519753296,43,1,738,738,O,HR_DOM,L,367,60.0,0.0,1250,5.0,I09508,62.16,202625,N,HG22,202626,03-JUN-26 00:00:00,,,,I,HR_DOM,60.0,I09508,HR,12-MAY-26 08:00:07
9519751528,3,1,738,742,O,HR_DOM,,C01,57.99,0.0,0,0.0, ,0.0,202621,N,,202626,03-JUN-26 00:00:00,,, ,I,HR_DOM,57.99,,HR,12-MAY-26 08:00:07
9519751528,1,1,738,742,O,HR_DOM,,C01,86.99,0.0,0,0.0, ,0.0,202621,N,,202626,03-JUN-26 00:00:00,,, ,I,HR_DOM,86.99,,HR,12-MAY-26 08:00:07
9519751528,2,1,738,742,O,HR_DOM,,C01,86.99,0.0,0,0.0, ,0.0,202621,N,,202626,03-JUN-26 00:00:00,,, ,I,HR_DOM,86.99,,HR,12-MAY-26 08:00:07
9519751528,6,1,738,742,O,ACRM CRCA SPM,L,C01,116.0,0.0,1250,4.0,T01320,133.4,202621,N,SH08,202626,03-JUN-26 00:00:00,,, ,I,ACRM CRCA SPM,116.0,T01320,HR,12-MAY-26 08:00:07
9519751528,4,1,738,742,O,ACRM CRCA SPM,L,C01,58.0,0.0,1250,3.2,T01320,66.7,202621,N,SH08,202626,03-JUN-26 00:00:00,,,,I,ACRM CRCA SPM,58.0,T01320,HR,12-MAY-26 08:00:07
9519751528,5,1,738,742,O,ACRM CRCA SPM,L,C01,116.0,0.0,1250,4.0,T01320,133.4,202621,N,SH08,202626,03-JUN-26 00:00:00,,, ,I,ACRM CRCA SPM,116.0,T01320,HR,12-MAY-26 08:00:07
4000539754,2,1,738,738,F,ACRM_SLIT,L,367,270.0,256.66,1255,2.0,T01576,13.82,202621,N,HG02,202622,03-JUN-26 00:00:00,,,,R,ACRM_SLIT,270.0,T01576,HR,12-MAY-26 08:00:07
4000539754,3,1,738,738,F,ACRM_SLIT,L,367,270.0,251.81,1255,2.25,T01576,18.85,202621,N,HG02,202622,03-JUN-26 00:00:00,,,,R,ACRM_SLIT,270.0,T01576,HR,12-MAY-26 08:00:07
4000539754,4,1,738,738,F,ACRM_SLIT,L,367,270.0,256.3,1255,2.5,T01576,14.19,202621,N,HG02,202622,03-JUN-26 00:00:00,,,,R,ACRM_SLIT,270.0,T01576,HR,12-MAY-26 08:00:07
9519676306,1,1,738,738,O,HR_DOM,P,367,60.0,0.0,1250,3.0,BSL086,62.16,202623,N,BS86,202625,09-JUN-26 00:00:00,,, ,I,HR_DOM,60.0,BSL086,HR,12-MAY-26 08:00:07
9519676306,2,1,738,738,O,HR_DOM,P,367,60.0,0.0,1250,4.0,BSL086,62.16,202623,N,BS86,202625,09-JUN-26 00:00:00,,, ,I,HR_DOM,60.0,BSL086,HR,12-MAY-26 08:00:07
4000540083,1,1,738,738,F,TUBE,L,367,178.501,177.5,1200,2.8,I09497,0.0,202622,N,HG01,202623,03-JUN-26 00:00:00,,, ,R,TUBE,178.501,I09497,HR,12-MAY-26 08:00:07
4000539640,17,1,738,738,F,ACRM_SLIT,L,367,272.0,0.0,1525,2.5,T01069,278.97,202624,N,SH69,202625,11-JUN-26 00:00:00,,,,I,ACRM_SLIT,272.0,T01069,HR,12-MAY-26 08:00:07
4000539640,18,1,738,738,F,ACRM_SLIT,L,367,272.0,0.0,1525,2.5,T01069,278.97,202624,N,SH69,202625,11-JUN-26 00:00:00,,,,I,ACRM_SLIT,272.0,T01069,HR,12-MAY-26 08:00:07
4000539640,23,1,738,738,F,ACRM_SLIT,L,367,272.0,0.0,1525,2.5,T01069,278.97,202624,N,SH69,202625,11-JUN-26 00:00:00,,,,I,ACRM_SLIT,272.0,T01069,HR,12-MAY-26 08:00:07
4000539640,24,1,738,738,F,ACRM_SLIT,L,367,272.0,0.0,1525,2.5,T01069,278.97,202624,N,SH69,202625,11-JUN-26 00:00:00,,,,I,ACRM_SLIT,272.0,T01069,HR,12-MAY-26 08:00:07
4000539640,25,1,738,738,F,ACRM_SLIT,L,367,272.0,0.0,1525,2.5,T01069,278.97,202624,N,SH69,202625,11-JUN-26 00:00:00,,,,I,ACRM_SLIT,272.0,T01069,HR,12-MAY-26 08:00:07
4000539640,19,1,738,738,F,ACRM_SLIT,L,367,272.0,0.0,1525,2.5,T01069,278.97,202624,N,SH69,202625,11-JUN-26 00:00:00,,,,I,ACRM_SLIT,272.0,T01069,HR,12-MAY-26 08:00:07
4000539640,20,1,738,738,F,ACRM_SLIT,L,367,272.0,0.0,1525,2.5,T01069,278.97,202624,N,SH69,202625,11-JUN-26 00:00:00,,,,I,ACRM_SLIT,272.0,T01069,HR,12-MAY-26 08:00:07
4000539640,21,1,738,738,F,ACRM_SLIT,L,367,272.0,0.0,1525,2.5,T01069,278.97,202624,N,SH69,202625,11-JUN-26 00:00:00,,,,I,ACRM_SLIT,272.0,T01069,HR,12-MAY-26 08:00:07
4000539640,22,1,738,738,F,ACRM_SLIT,L,367,272.0,0.0,1525,2.5,T01069,278.97,202624,N,SH69,202625,11-JUN-26 00:00:00,,,,I,ACRM_SLIT,272.0,T01069,HR,12-MAY-26 08:00:07
9519758476,4,1,738,738,O,HR_DOM,L,367,240.0,157.31,1250,2.2,I09497,85.67,202622,N,HG01,202623,27-MAY-26 00:00:00,,,,R,HR_DOM,240.0,I09497,HR,12-MAY-26 08:00:07
9519758476,1,1,738,738,O,HR_DOM,L,367,270.0,0.0,1250,2.0,I09497,279.72,202622,N,HG01,202623,26-MAY-26 00:00:00,,,,R,HR_DOM,270.0,I09497,HR,12-MAY-26 08:00:07
9519758476,2,1,738,738,O,HR_DOM,L,367,240.0,0.0,1250,2.0,I09497,248.64,202624,N,HG01,202625,03-JUN-26 00:00:00,,,,I,HR_DOM,240.0,I09497,HR,12-MAY-26 08:00:07
9519758476,3,1,738,738,O,HR_DOM,L,367,270.0,0.0,1250,2.2,I09497,279.72,202622,N,HG01,202623,23-MAY-26 00:00:00,,,,R,HR_DOM,270.0,I09497,HR,12-MAY-26 08:00:07
9519758476,5,1,738,738,O,HR_DOM,L,367,270.0,0.0,1250,2.5,I09497,279.72,202622,N,HG01,202623,26-MAY-26 00:00:00,,,,R,HR_DOM,270.0,I09497,HR,12-MAY-26 08:00:07
9519729322,2,1,738,743,O,ACRM GP#3 WIDER SOFT,L,C02,28.0,20.81,1235,2.25,T01576,32.2,202621,N,HG02,202626,07-JUN-26 00:00:00,,, ,I,ACRM GP#3 WIDER SOFT,28.0,T01576,HR,12-MAY-26 08:00:07
60975351,1,1,738,738,B,TUBE,L,367,279.0,78.3,1300,3.7,I09497,207.94,202621,N,HG01,202622,03-JUN-26 00:00:00,,,,R,TUBE,279.0,I09497,HR,12-MAY-26 08:00:07
60975351,2,1,738,738,B,TUBE,L,367,279.0,70.63,1300,3.7,I09497,215.87,202621,N,HG01,202622,03-JUN-26 00:00:00,,,,R,TUBE,279.0,I09497,HR,12-MAY-26 08:00:07
60975351,3,1,738,738,B,TUBE,L,367,270.0,235.99,1250,4.9,I09490,26.85,202621,N,HG08,202622,03-JUN-26 00:00:00,,,,R,TUBE,270.0,I09490,HR,12-MAY-26 08:00:07
60975351,4,1,738,738,B,TUBE,L,367,270.0,78.49,1250,4.9,I09490,186.26,202621,N,HG08,202622,03-JUN-26 00:00:00,,,,R,TUBE,270.0,I09490,HR,12-MAY-26 08:00:07
60975351,5,1,738,738,B,TUBE,L,367,279.0,260.32,1300,4.1,I09490,27.97,202621,N,HG08,202622,03-JUN-26 00:00:00,,,,R,TUBE,279.0,I09490,HR,12-MAY-26 08:00:07
60975351,6,1,738,738,B,TUBE,L,367,279.0,72.3,1300,4.1,I09490,206.7,202621,N,HG08,202622,03-JUN-26 00:00:00,,,,R,TUBE,279.0,I09490,HR,12-MAY-26 08:00:07
60975352,1,1,738,738,B,TUBE,L,367,270.0,251.4,1250,3.7,I09497,19.27,202621,N,HG01,202622,03-JUN-26 00:00:00,,,,R,TUBE,270.0,I09497,HR,12-MAY-26 08:00:07
60975352,2,1,738,738,B,TUBE,L,367,270.0,323.8,1250,3.7,I09497,101.74,202621,N,HG01,202622,03-JUN-26 00:00:00,,,,R,TUBE,270.0,I09497,HR,12-MAY-26 08:00:07
4000540490,1,1,738,738,F,TUBE,R,367,120.0,0.0,1250,3.35,THU038,123.08,202626,N,HU38,202627,12-JUN-26 00:00:00,,,,I,TUBE,120.0,THU038,HR,12-MAY-26 08:00:07
4000540250,11,1,738,738,F,SCRM,L,367,30.0,0.0,1250,2.2,THB001,30.77,202622,N,HR01,202623,06-JUN-26 00:00:00,,,,I,SCRM,30.0,THB001,HR,12-MAY-26 08:00:07
4000540250,12,1,738,738,F,SCRM,L,367,30.0,0.0,1250,2.3,TIP001,30.77,202622,N,HG34,202623,30-MAY-26 00:00:00,,,,I,SCRM,30.0,TIP001,HR,12-MAY-26 08:00:07
4000540250,18,1,738,738,F,SCRM,L,367,30.0,0.0,1250,3.2,THB001,30.77,202622,N,HR01,202623,06-JUN-26 00:00:00,,,,I,SCRM,30.0,THB001,HR,12-MAY-26 08:00:07
4000540250,10,1,738,738,F,SCRM,L,367,30.0,0.0,1250,2.2,TIP001,30.77,202622,N,HG34,202623,30-MAY-26 00:00:00,,,,I,SCRM,30.0,TIP001,HR,12-MAY-26 08:00:07
4000540250,13,1,738,738,F,SCRM,L,367,30.0,0.0,1250,2.5,TIP001,30.77,202622,N,HG34,202623,30-MAY-26 00:00:00,,,,I,SCRM,30.0,TIP001,HR,12-MAY-26 08:00:07
4000540250,14,1,738,738,F,SCRM,L,367,30.0,0.0,1250,2.5,THB001,30.77,202622,N,HR01,202623,06-JUN-26 00:00:00,,,,I,SCRM,30.0,THB001,HR,12-MAY-26 08:00:07
4000540250,15,1,738,738,F,SCRM,L,367,30.0,0.0,1250,2.8,TIP001,30.77,202622,N,HG34,202623,30-MAY-26 00:00:00,,,,I,SCRM,30.0,TIP001,HR,12-MAY-26 08:00:07
4000540250,16,1,738,738,F,SCRM,L,367,34.0,0.0,1500,2.9,TIP001,34.87,202622,N,HG34,202623,30-MAY-26 00:00:00,,,,I,SCRM,34.0,TIP001,HR,12-MAY-26 08:00:07
4000540250,17,1,738,738,F,SCRM,L,367,30.0,0.0,1250,3.0,THB001,30.77,202622,N,HR01,202623,06-JUN-26 00:00:00,,,,I,SCRM,30.0,THB001,HR,12-MAY-26 08:00:07
4000540250,20,1,738,738,F,SCRM,L,367,30.0,0.0,1250,4.0,TIP001,30.77,202622,N,HG34,202623,30-MAY-26 00:00:00,,,,I,SCRM,30.0,TIP001,HR,12-MAY-26 08:00:07
4000540250,22,1,738,738,F,SCRM,L,367,30.0,0.0,1250,2.2,TIP001,30.77,202622,N,HG34,202623,30-MAY-26 00:00:00,,,,I,SCRM,30.0,TIP001,HR,12-MAY-26 08:00:07
4000540250,23,1,738,738,F,SCRM,L,367,30.0,0.0,1250,2.3,THB001,30.77,202622,N,HR01,202623,06-JUN-26 00:00:00,,,,I,SCRM,30.0,THB001,HR,12-MAY-26 08:00:07
4000540250,24,1,738,738,F,SCRM,L,367,30.0,0.0,1250,2.5,THB001,30.77,202622,N,HR01,202623,06-JUN-26 00:00:00,,,,I,SCRM,30.0,THB001,HR,12-MAY-26 08:00:07
4000540250,25,1,738,738,F,SCRM,L,367,34.0,0.0,1500,2.9,THB001,34.87,202622,N,HR01,202623,06-JUN-26 00:00:00,,,,I,SCRM,34.0,THB001,HR,12-MAY-26 08:00:07
9519675426,3,1,738,738,O,HR_DOM,P,367,60.0,0.0,1250,5.0,BSL086,62.16,202623,N,BS86,202624,09-JUN-26 00:00:00,,, ,I,HR_DOM,60.0,BSL086,HR,12-MAY-26 08:00:07
9519714446,3,1,738,738,O,HR_DOM,P,367,30.0,0.0,1250,5.0,BSL086,31.08,202623,N,BS86,202624,09-JUN-26 00:00:00,,, ,I,HR_DOM,30.0,BSL086,HR,12-MAY-26 08:00:07
9519714446,4,1,738,738,O,HR_DOM,P,367,60.0,0.0,1250,6.0,BSL086,62.16,202623,N,BS86,202624,09-JUN-26 00:00:00,,, ,I,HR_DOM,60.0,BSL086,HR,12-MAY-26 08:00:07
9519676306,3,1,738,738,O,HR_DOM,P,367,60.0,0.0,1250,5.0,BSL086,62.16,202623,N,BS86,202625,09-JUN-26 00:00:00,,, ,I,HR_DOM,60.0,BSL086,HR,12-MAY-26 08:00:07
9519679261,1,1,738,738,O,HR_DOM,A,367,34.0,0.0,1500,4.8,I17020,37.9,202622,N,HR05,202622,03-JUN-26 00:00:00,,,,G,HR_DOM,34.0,I17020,HR,12-MAY-26 08:00:07
9519679261,2,1,738,738,O,HR_DOM,A,367,34.0,0.0,1500,5.0,I17021,35.95,202622,N,HR08,202622,03-JUN-26 00:00:00,,,,G,HR_DOM,34.0,I17021,HR,12-MAY-26 08:00:07
9519679261,3,1,738,738,O,HR_DOM,A,367,34.0,0.0,1500,8.0,I17021,35.95,202622,N,HR08,202623,03-JUN-26 00:00:00,,, ,I,HR_DOM,34.0,I17021,HR,12-MAY-26 08:00:07
9519675426,1,1,738,738,O,HR_DOM,P,367,120.0,0.0,1250,4.0,BSL086,124.32,202623,N,BS86,202624,02-JUN-26 00:00:00,,, ,I,HR_DOM,120.0,BSL086,HR,12-MAY-26 08:00:07
4000539969,1,1,738,738,F,TUBE,L,367,270.0,0.0,1250,2.2,I09496,276.92,202622,N,TU01,202624,23-MAY-26 00:00:00,,,,R,TUBE,270.0,I09496,HR,12-MAY-26 08:00:07
4000539965,3,1,738,738,F,TUBE,L,367,270.0,0.0,1250,2.8,I09496,276.92,202622,N,TU01,202623,24-MAY-26 00:00:00,,,,R,TUBE,270.0,I09496,HR,12-MAY-26 08:00:07
9519758476,7,1,738,738,O,HR_DOM,L,367,210.0,200.81,1250,2.8,I09497,0.0,202622,N,HG01,202623,06-JUN-26 00:00:00,,,,I,HR_DOM,210.0,I09497,HR,12-MAY-26 08:00:07
9519758476,8,1,738,738,O,HR_DOM,L,367,120.0,109.05,1250,3.2,I09497,0.0,202622,N,HG01,202623,25-MAY-26 00:00:00,,,,I,HR_DOM,120.0,I09497,HR,12-MAY-26 08:00:07
9519758476,10,1,738,738,O,HR_DOM,L,367,270.0,0.0,1250,2.5,I09497,279.72,202624,N,HG01,202625,03-JUN-26 00:00:00,,,,I,HR_DOM,270.0,I09497,HR,12-MAY-26 08:00:07
9519758476,11,1,738,738,O,HR_DOM,L,367,240.0,53.68,1250,2.5,I09497,193.03,202625,N,HG01,202626,03-JUN-26 00:00:00,,,,I,HR_DOM,240.0,I09497,HR,12-MAY-26 08:00:07
9519758476,12,1,738,738,O,HR_DOM,L,367,210.0,174.26,1250,2.5,I09497,37.03,202625,N,HG01,202626,13-JUN-26 00:00:00,,,,I,HR_DOM,210.0,I09497,HR,12-MAY-26 08:00:07
4000540490,2,1,738,738,F,TUBE,R,367,120.0,0.0,1250,3.2,THU038,123.08,202626,N,HU38,202627,12-JUN-26 00:00:00,,,,I,TUBE,120.0,THU038,HR,12-MAY-26 08:00:07
9519760615,1,1,738,738,O,HR_DOM,L,367,34.0,0.0,1500,3.2,TIP001,34.87,202623,N,HG34,202625,10-JUN-26 00:00:00,,,,I,HR_DOM,34.0,TIP001,HR,12-MAY-26 08:00:07
9519760615,6,1,738,738,O,HR_DOM,L,367,68.0,0.0,1500,5.5,I09508,70.45,202624,N,HG22,202626,03-JUN-26 00:00:00,,,,I,HR_DOM,68.0,I09508,HR,12-MAY-26 08:00:07
9519722338,11,1,738,738,O,HR_DOM,A,367,102.0,0.0,1500,3.5,I17020,113.71,202623,N,HR05,202624,03-JUN-26 00:00:00,,,,I,HR_DOM,102.0,I17020,HR,12-MAY-26 08:00:07
9519763490,7,1,738,738,O,HR_DOM,L,367,170.0,162.44,1500,3.2,I09497,0.0,202623,N,HG01,202625,09-JUN-26 00:00:00,,,,I,HR_DOM,170.0,I09497,HR,12-MAY-26 08:00:07
9519763490,8,1,738,738,O,HR_DOM,L,367,170.0,166.86,1500,3.5,I09497,3.14,202623,N,HG01,202625,14-MAY-26 00:00:00,,,,I,HR_DOM,170.0,I09497,HR,12-MAY-26 08:00:07
9519763490,9,1,738,738,O,HR_DOM,L,367,170.0,166.19,1500,4.0,I09497,3.81,202623,N,HG01,202625,09-JUN-26 00:00:00,,,,I,HR_DOM,170.0,I09497,HR,12-MAY-26 08:00:07
9519708259,20,1,738,738,O,HR_DOM,A,367,68.0,0.0,1500,8.0,I17021,71.9,202623,N,HR08,202624,03-JUN-26 00:00:00,,,,I,HR_DOM,68.0,I17021,HR,12-MAY-26 08:00:07
4000540223,2,1,738,738,F,HR_DOM,L,367,272.0,86.07,1680,2.9,THG004,196.27,202624,N,HG50,202625,14-MAY-26 00:00:00,,,,I,HR_DOM,272.0,THG004,HR,12-MAY-26 08:00:07
9519748428,2,1,738,738,O,HR_DOM,A,367,34.0,0.0,1500,10.0,I17021,35.95,202622,N,HR08,202624,30-MAY-26 00:00:00,,,,I,HR_DOM,34.0,I17021,HR,12-MAY-26 08:00:07
9519669601,18,1,738,738,O,HR_DOM,A,367,68.0,0.0,1500,11.99,THG038,69.74,202622,N,HG38,202624,03-JUN-26 00:00:00,,,,I,HR_DOM,68.0,THG038,HR,12-MAY-26 08:00:07
4000538871,64,1,738,738,F,ACRM_SLIT,L,727,198.0,0.0,1025,2.5,T01069,203.08,202622,N,SH69,202622,03-JUN-26 00:00:00,,,,R,ACRM_SLIT,198.0,T01069,HR,12-MAY-26 08:00:07
9519749654,1,1,738,743,O,ACRM GP#3 WIDER SOFT,L,C02,83.99,0.0,1235,2.3,T01576,96.6,202620,N,HG02,202624,02-JUN-26 00:00:00,,, ,I,ACRM GP#3 WIDER SOFT,83.99,T01576,HR,12-MAY-26 08:00:07
4000539698,1,1,738,738,F,HR_DOM,C,368,140.0,0.0,1500,10.0,THO015,146.52,202621,N,HO15,202624,25-MAY-26 00:00:00,,, ,Y,HR_DOM,140.0,THO015,HR,12-MAY-26 08:00:07
4000539698,2,1,738,738,F,HR_DOM,C,368,140.0,0.0,1500,10.0,THO015,146.52,202621,N,HO15,202624,26-MAY-26 00:00:00,,, ,Y,HR_DOM,140.0,THO015,HR,12-MAY-26 08:00:07
4000539698,3,1,738,738,F,HR_DOM,C,368,245.0,0.0,1500,8.0,THO015,256.41,202621,N,HO15,202624,26-MAY-26 00:00:00,,, ,Y,HR_DOM,245.0,THO015,HR,12-MAY-26 08:00:07
4000538871,20,1,738,738,F,ACRM_SLIT,L,727,60.0,0.0,925,2.0,TSH067,62.79,202621,N,SH67,202622,03-JUN-26 00:00:00,,,,R,ACRM_SLIT,60.0,TSH067,HR,12-MAY-26 08:00:07
4000538871,6,1,738,738,F,ACRM_SLIT,L,727,40.0,0.0,925,2.0,TSH067,41.86,202621,N,SH67,202622,03-JUN-26 00:00:00,,,,R,ACRM_SLIT,40.0,TSH067,HR,12-MAY-26 08:00:07
4000538871,9,1,738,738,F,ACRM_SLIT,L,727,60.0,0.0,925,2.0,TSH067,62.79,202621,N,SH67,202622,03-JUN-26 00:00:00,,,,R,ACRM_SLIT,60.0,TSH067,HR,12-MAY-26 08:00:07
4000538871,13,1,738,738,F,ACRM_SLIT,L,727,40.0,0.0,925,2.0,TSH067,41.86,202621,N,SH67,202622,03-JUN-26 00:00:00,,,,R,ACRM_SLIT,40.0,TSH067,HR,12-MAY-26 08:00:07
4000538871,14,1,738,738,F,ACRM_SLIT,L,727,40.0,0.0,925,2.0,TSH067,41.86,202621,N,SH67,202622,03-JUN-26 00:00:00,,,,R,ACRM_SLIT,40.0,TSH067,HR,12-MAY-26 08:00:07
4000538871,15,1,738,738,F,ACRM_SLIT,L,727,40.0,0.0,925,2.5,T01069,41.03,202622,N,SH69,202622,03-JUN-26 00:00:00,,,,R,ACRM_SLIT,40.0,T01069,HR,12-MAY-26 08:00:07
4000538871,17,1,738,738,F,ACRM_SLIT,L,727,40.0,0.0,925,2.0,TSH067,41.86,202621,N,SH67,202622,03-JUN-26 00:00:00,,,,R,ACRM_SLIT,40.0,TSH067,HR,12-MAY-26 08:00:07
4000538871,18,1,738,738,F,ACRM_SLIT,L,727,40.0,0.0,925,2.0,TSH067,41.86,202621,N,SH67,202622,03-JUN-26 00:00:00,,,,R,ACRM_SLIT,40.0,TSH067,HR,12-MAY-26 08:00:07
4000538871,1,1,738,738,F,ACRM_SLIT,L,727,66.0,0.0,1025,2.0,TSH067,69.07,202621,N,SH67,202622,03-JUN-26 00:00:00,,,,R,ACRM_SLIT,66.0,TSH067,HR,12-MAY-26 08:00:07
4000538871,2,1,738,738,F,ACRM_SLIT,L,727,40.0,0.0,925,2.0,TSH067,41.86,202621,N,SH67,202622,03-JUN-26 00:00:00,,,,R,ACRM_SLIT,40.0,TSH067,HR,12-MAY-26 08:00:07
4000538871,21,1,738,738,F,ACRM_SLIT,L,727,40.0,0.0,925,2.5,T01069,41.03,202622,N,SH69,202622,03-JUN-26 00:00:00,,,,R,ACRM_SLIT,40.0,T01069,HR,12-MAY-26 08:00:07
4000538871,24,1,738,738,F,ACRM_SLIT,L,727,44.0,0.0,1025,2.0,TSH067,46.05,202621,N,SH67,202622,03-JUN-26 00:00:00,,,,R,ACRM_SLIT,44.0,TSH067,HR,12-MAY-26 08:00:07
4000538871,28,1,738,738,F,ACRM_SLIT,L,727,40.0,0.0,925,2.0,TSH067,41.86,202621,N,SH67,202622,03-JUN-26 00:00:00,,,,R,ACRM_SLIT,40.0,TSH067,HR,12-MAY-26 08:00:07
4000538871,25,1,738,738,F,ACRM_SLIT,L,727,44.0,0.0,1025,2.0,TSH067,46.05,202621,N,SH67,202622,03-JUN-26 00:00:00,,,,R,ACRM_SLIT,44.0,TSH067,HR,12-MAY-26 08:00:07
4000538871,26,1,738,738,F,ACRM_SLIT,L,727,40.0,0.0,925,2.0,TSH067,41.86,202621,N,SH67,202622,03-JUN-26 00:00:00,,,,R,ACRM_SLIT,40.0,TSH067,HR,12-MAY-26 08:00:07
4000539728,1,1,738,738,F,K_TUBE,M,367,120.0,0.0,1250,3.25,S02005,123.08,202620,N,SD30,202622,23-MAY-26 00:00:00,,,,R,K_TUBE,120.0,S02005,HR,12-MAY-26 08:00:07
4000539728,2,1,738,738,F,K_TUBE,L,367,200.0,0.0,1500,3.25,T01579,205.13,202620,N,TU02,202622,25-MAY-26 00:00:00,,, ,R,K_TUBE,200.0,T01579,HR,12-MAY-26 08:00:07
4000539728,5,1,738,738,F,K_TUBE,M,367,60.0,0.0,1250,3.6,S02005,61.54,202620,N,SD30,202622,26-MAY-26 00:00:00,,,,R,K_TUBE,60.0,S02005,HR,12-MAY-26 08:00:07
4000539728,6,1,738,738,F,K_TUBE,L,367,204.0,0.0,1500,3.6,T01579,209.23,202620,N,TU02,202622,25-MAY-26 00:00:00,,,,R,K_TUBE,204.0,T01579,HR,12-MAY-26 08:00:07
4000539728,7,1,738,738,F,K_TUBE,L,367,204.0,0.0,1500,3.6,T01579,209.23,202620,N,TU02,202622,22-MAY-26 00:00:00,,,,R,K_TUBE,204.0,T01579,HR,12-MAY-26 08:00:07
4000539728,8,1,738,738,F,K_TUBE,L,367,272.0,0.0,1500,4.0,T01579,278.97,202620,N,TU02,202622,21-MAY-26 00:00:00,,,,R,K_TUBE,272.0,T01579,HR,12-MAY-26 08:00:07
9519761333,1,1,738,738,O,HR_DOM,L,367,90.0,0.0,1250,4.5,TIP001,92.31,202624,N,HG34,202626,03-JUN-26 00:00:00,,,,I,HR_DOM,90.0,TIP001,HR,12-MAY-26 08:00:07
9519712336,2,1,738,738,O,HR_DOM,A,367,34.0,0.0,1500,8.0,THG038,34.87,202624,N,HG38,202626,03-JUN-26 00:00:00,,,,I,HR_DOM,34.0,THG038,HR,12-MAY-26 08:00:07
9519762160,1,1,738,738,O,HR_DOM,L,367,170.0,29.39,1500,2.6,I09497,145.67,202625,N,HG01,202626,13-JUN-26 00:00:00,,,,I,HR_DOM,170.0,I09497,HR,12-MAY-26 08:00:07
4000538243,4,1,738,738,F,HR_DOM,A,367,102.0,0.0,1500,3.5,THA038,116.24,202619,N,HA38,202622,24-MAY-26 00:00:00,,,,R,HR_DOM,102.0,THA038,HR,12-MAY-26 08:00:07
4000538243,7,1,738,738,F,HR_DOM,A,367,272.0,0.0,1530,3.9,THA038,309.97,202619,N,HA38,202622,23-MAY-26 00:00:00,,,,R,HR_DOM,272.0,THA038,HR,12-MAY-26 08:00:07
4000538243,10,1,738,738,F,HR_DOM,A,367,297.0,0.0,1380,4.4,THA038,338.46,202619,N,HA38,202622,23-MAY-26 00:00:00,,,,R,HR_DOM,297.0,THA038,HR,12-MAY-26 08:00:07
4000538243,12,1,738,738,F,HR_DOM,A,367,60.0,0.0,1250,5.0,THA038,68.38,202619,N,HA38,202622,24-MAY-26 00:00:00,,,,R,HR_DOM,60.0,THA038,HR,12-MAY-26 08:00:07
4000538243,5,1,738,738,F,HR_DOM,A,367,102.0,0.0,1530,3.7,THA038,116.24,202619,N,HA38,202622,24-MAY-26 00:00:00,,,,R,HR_DOM,102.0,THA038,HR,12-MAY-26 08:00:07
4000538243,8,1,738,738,F,HR_DOM,A,367,238.0,0.0,1530,3.9,THA038,271.23,202619,N,HA38,202622,23-MAY-26 00:00:00,,,,R,HR_DOM,238.0,THA038,HR,12-MAY-26 08:00:07
9519723366,1,1,738,738,O,HR_DOM,A,368,210.0,115.59,1560,9.6,THB029,104.5,202621,N,HB29,202623,24-MAY-26 00:00:00,,,,R,HR_DOM,210.0,THB029,HR,12-MAY-26 08:00:07
9519723366,2,1,738,738,O,HR_DOM,A,368,210.0,0.0,1560,9.6,THB029,224.27,202621,N,HB29,202623,24-MAY-26 00:00:00,,,,R,HR_DOM,210.0,THB029,HR,12-MAY-26 08:00:07
4000538119,1,1,738,738,F,HR_SPC,A,367,300.0,0.0,1250,3.3,THA054,334.45,202620,N,HA54,202623,21-MAY-26 00:00:00,,,,B,HR_SPC,300.0,THA054,HR,12-MAY-26 08:00:07
4000538119,2,1,738,738,F,HR_SPC,A,367,210.0,0.0,1250,3.3,THA054,234.11,202620,N,HA54,202623,21-MAY-26 00:00:00,,,,B,HR_SPC,210.0,THA054,HR,12-MAY-26 08:00:07
4000538119,3,1,738,738,F,HR_SPC,A,367,300.0,0.0,1250,3.4,THA054,334.45,202620,N,HA54,202623,21-MAY-26 00:00:00,,,,B,HR_SPC,300.0,THA054,HR,12-MAY-26 08:00:07
4000538119,4,1,738,738,F,HR_SPC,A,367,300.0,0.0,1250,3.4,THA054,334.45,202620,N,HA54,202623,21-MAY-26 00:00:00,,,,B,HR_SPC,300.0,THA054,HR,12-MAY-26 08:00:07
4000538871,27,1,738,738,F,ACRM_SLIT,L,727,44.0,0.0,1025,2.0,TSH067,46.05,202621,N,SH67,202622,03-JUN-26 00:00:00,,,,R,ACRM_SLIT,44.0,TSH067,HR,12-MAY-26 08:00:07
4000538871,29,1,738,738,F,ACRM_SLIT,L,727,44.0,0.0,1025,2.0,TSH067,46.05,202621,N,SH67,202622,03-JUN-26 00:00:00,,,,R,ACRM_SLIT,44.0,TSH067,HR,12-MAY-26 08:00:07
4000538871,30,1,738,738,F,ACRM_SLIT,L,727,40.0,0.0,925,2.0,TSH067,41.86,202621,N,SH67,202622,03-JUN-26 00:00:00,,,,R,ACRM_SLIT,40.0,TSH067,HR,12-MAY-26 08:00:07
4000538871,31,1,738,738,F,ACRM_SLIT,L,727,44.0,0.0,1025,2.0,TSH067,46.05,202621,N,SH67,202622,03-JUN-26 00:00:00,,,,R,ACRM_SLIT,44.0,TSH067,HR,12-MAY-26 08:00:07
4000538871,32,1,738,738,F,ACRM_SLIT,L,727,40.0,0.0,925,2.0,TSH067,41.86,202621,N,SH67,202622,03-JUN-26 00:00:00,,,,R,ACRM_SLIT,40.0,TSH067,HR,12-MAY-26 08:00:07
4000538871,33,1,738,738,F,ACRM_SLIT,L,727,44.0,0.0,1025,2.0,TSH067,46.05,202621,N,SH67,202622,03-JUN-26 00:00:00,,,,R,ACRM_SLIT,44.0,TSH067,HR,12-MAY-26 08:00:07
4000538871,34,1,738,738,F,ACRM_SLIT,L,727,60.0,0.0,925,2.0,TSH067,62.79,202621,N,SH67,202622,03-JUN-26 00:00:00,,,,R,ACRM_SLIT,60.0,TSH067,HR,12-MAY-26 08:00:07
4000538871,37,1,738,738,F,ACRM_SLIT,L,727,66.0,0.0,1025,2.0,TSH067,69.07,202621,N,SH67,202622,03-JUN-26 00:00:00,,,,R,ACRM_SLIT,66.0,TSH067,HR,12-MAY-26 08:00:07
4000538871,38,1,738,738,F,ACRM_SLIT,L,727,60.0,0.0,925,2.0,TSH067,62.79,202621,N,SH67,202622,03-JUN-26 00:00:00,,,,R,ACRM_SLIT,60.0,TSH067,HR,12-MAY-26 08:00:07
4000538871,39,1,738,738,F,ACRM_SLIT,L,727,66.0,0.0,1025,2.0,TSH067,69.07,202621,N,SH67,202622,03-JUN-26 00:00:00,,,,R,ACRM_SLIT,66.0,TSH067,HR,12-MAY-26 08:00:07
4000538871,40,1,738,738,F,ACRM_SLIT,L,727,60.0,0.0,925,2.0,TSH067,62.79,202621,N,SH67,202622,03-JUN-26 00:00:00,,,,R,ACRM_SLIT,60.0,TSH067,HR,12-MAY-26 08:00:07
4000538871,41,1,738,738,F,ACRM_SLIT,L,727,66.0,0.0,1025,2.0,TSH067,69.07,202621,N,SH67,202622,03-JUN-26 00:00:00,,,,R,ACRM_SLIT,66.0,TSH067,HR,12-MAY-26 08:00:07
4000538871,42,1,738,738,F,ACRM_SLIT,L,727,60.0,0.0,925,2.0,TSH067,62.79,202621,N,SH67,202622,03-JUN-26 00:00:00,,,,R,ACRM_SLIT,60.0,TSH067,HR,12-MAY-26 08:00:07
4000538871,43,1,738,738,F,ACRM_SLIT,L,727,66.0,0.0,1025,2.0,TSH067,69.07,202621,N,SH67,202622,03-JUN-26 00:00:00,,,,R,ACRM_SLIT,66.0,TSH067,HR,12-MAY-26 08:00:07
4000538871,44,1,738,738,F,ACRM_SLIT,L,727,120.0,0.0,925,2.0,TSH067,125.59,202621,N,SH67,202622,03-JUN-26 00:00:00,,,,R,ACRM_SLIT,120.0,TSH067,HR,12-MAY-26 08:00:07
4000539728,9,1,738,738,F,K_TUBE,L,367,272.0,0.0,1500,4.0,T01579,278.97,202620,N,TU02,202622,21-MAY-26 00:00:00,,,,R,K_TUBE,272.0,T01579,HR,12-MAY-26 08:00:07
4000539728,10,1,738,738,F,K_TUBE,M,367,60.0,0.0,1250,4.6,S02005,61.54,202620,N,SD30,202622,26-MAY-26 00:00:00,,,,R,K_TUBE,60.0,S02005,HR,12-MAY-26 08:00:07
4000539728,11,1,738,738,F,K_TUBE,L,367,170.0,0.0,1500,4.6,T01579,174.36,202620,N,TU02,202622,22-MAY-26 00:00:00,,,,R,K_TUBE,170.0,T01579,HR,12-MAY-26 08:00:07
4000539728,12,1,738,738,F,K_TUBE,M,367,120.0,0.0,1250,5.0,S02005,123.08,202620,N,SD30,202622,23-MAY-26 00:00:00,,,,R,K_TUBE,120.0,S02005,HR,12-MAY-26 08:00:07
4000539728,13,1,738,738,F,K_TUBE,L,367,204.0,55.6,1500,5.0,T01579,152.27,202620,N,TU02,202622,22-MAY-26 00:00:00,,,,R,K_TUBE,204.0,T01579,HR,12-MAY-26 08:00:07
4000539838,1,1,738,738,F,K_LDP,C,367,186.0,0.0,1280,7.9,THI066,190.77,202621,N,HI66,202623,26-MAY-26 00:00:00,,,,R,K_LDP,186.0,THI066,HR,12-MAY-26 08:00:07
4000539934,4,1,738,738,F,K_LDP,A,367,102.0,50.75,1615,5.1,TIP006,53.62,202620,N,HG42,202622,26-MAY-26 00:00:00,,,,R,K_LDP,102.0,TIP006,HR,12-MAY-26 08:00:07
4000539934,6,1,738,738,F,K_LDP,A,367,136.0,84.93,1530,6.1,THG038,52.38,202620,N,HG38,202622,26-MAY-26 00:00:00,,,,R,K_LDP,136.0,THG038,HR,12-MAY-26 08:00:07
4000539696,1,1,738,738,F,HR_DOM,C,368,140.0,0.0,1500,8.0,THH010,146.52,202620,N,HH10,202623,22-MAY-26 00:00:00,,,,B,HR_DOM,140.0,THH010,HR,12-MAY-26 08:00:07
4000539696,2,1,738,738,F,HR_DOM,C,368,140.0,0.0,1500,8.0,THH010,146.52,202620,N,HH10,202623,22-MAY-26 00:00:00,,,,B,HR_DOM,140.0,THH010,HR,12-MAY-26 08:00:07
4000539696,3,1,738,738,F,HR_DOM,C,368,140.0,0.0,1500,8.0,THH010,146.52,202620,N,HH10,202623,22-MAY-26 00:00:00,,,,B,HR_DOM,140.0,THH010,HR,12-MAY-26 08:00:07
4000539696,5,1,738,738,F,HR_DOM,C,368,70.0,0.0,1500,10.0,THH010,73.26,202620,N,HH10,202623,22-MAY-26 00:00:00,,,,B,HR_DOM,70.0,THH010,HR,12-MAY-26 08:00:07
4000539696,6,1,738,738,F,HR_DOM,C,368,105.0,0.0,1500,10.0,THH010,109.89,202620,N,HH10,202623,22-MAY-26 00:00:00,,,,B,HR_DOM,105.0,THH010,HR,12-MAY-26 08:00:07
4000539696,7,1,738,738,F,HR_DOM,C,368,105.0,0.0,1500,10.0,THH010,109.89,202621,N,HH10,202624,29-MAY-26 00:00:00,,, ,Y,HR_DOM,105.0,THH010,HR,12-MAY-26 08:00:07
4000538809,1,1,738,738,F,HR_DOM,A,368,280.0,0.0,1500,8.0,THH092,293.04,202620,N,HH92,202622,22-MAY-26 00:00:00,,,,B,HR_DOM,280.0,THH092,HR,12-MAY-26 08:00:07
4000538809,2,1,738,738,F,HR_DOM,A,368,210.0,0.0,1500,8.0,THH092,219.78,202620,N,HH92,202622,22-MAY-26 00:00:00,,,,B,HR_DOM,210.0,THH092,HR,12-MAY-26 08:00:07
4000538809,3,1,738,738,F,HR_DOM,A,368,280.0,0.0,1500,10.0,THH092,293.04,202620,N,HH92,202622,22-MAY-26 00:00:00,,,,B,HR_DOM,280.0,THH092,HR,12-MAY-26 08:00:07
4000538809,4,1,738,738,F,HR_DOM,A,368,210.0,0.0,1500,10.0,THH092,219.78,202620,N,HH92,202622,22-MAY-26 00:00:00,,,,B,HR_DOM,210.0,THH092,HR,12-MAY-26 08:00:07
4000539701,1,1,738,738,F,HR_DOM,C,368,280.0,0.0,1500,8.0,THO015,293.04,202621,N,HO15,202624,25-MAY-26 00:00:00,,, ,Y,HR_DOM,280.0,THO015,HR,12-MAY-26 08:00:07
4000539701,2,1,738,738,F,HR_DOM,C,368,35.0,0.0,1500,8.0,THO015,36.63,202621,N,HO15,202624,26-MAY-26 00:00:00,,, ,Y,HR_DOM,35.0,THO015,HR,12-MAY-26 08:00:07
4000539697,1,1,738,738,F,HR_DOM,C,368,140.0,0.0,1500,8.0,THH010,55.13,202621,N,HH10,202624,29-MAY-26 00:00:00,,, ,Y,HR_DOM,140.0,THH010,HR,12-MAY-26 08:00:07
4000539697,2,1,738,738,F,HR_DOM,C,368,105.0,0.0,1500,8.0,THH010,69.21,202621,N,HH10,202624,29-MAY-26 00:00:00,,, ,Y,HR_DOM,105.0,THH010,HR,12-MAY-26 08:00:07
4000539697,3,1,738,738,F,HR_DOM,C,368,105.0,0.0,1500,8.0,THH010,96.44,202621,N,HH10,202624,29-MAY-26 00:00:00,,, ,Y,HR_DOM,105.0,THH010,HR,12-MAY-26 08:00:07
4000538871,46,1,738,738,F,ACRM_SLIT,L,727,88.0,0.0,1025,2.5,T01069,90.26,202622,N,SH69,202622,03-JUN-26 00:00:00,,,,R,ACRM_SLIT,88.0,T01069,HR,12-MAY-26 08:00:07
4000538871,50,1,738,738,F,ACRM_SLIT,L,727,60.0,0.0,925,2.0,TSH067,62.79,202621,N,SH67,202622,03-JUN-26 00:00:00,,,,R,ACRM_SLIT,60.0,TSH067,HR,12-MAY-26 08:00:07
4000538871,47,1,738,738,F,ACRM_SLIT,L,727,88.0,0.0,1025,2.5,T01069,90.26,202622,N,SH69,202622,03-JUN-26 00:00:00,,,,R,ACRM_SLIT,88.0,T01069,HR,12-MAY-26 08:00:07
4000538871,48,1,738,738,F,ACRM_SLIT,L,727,60.0,0.0,925,2.0,TSH067,62.79,202621,N,SH67,202622,03-JUN-26 00:00:00,,,,R,ACRM_SLIT,60.0,TSH067,HR,12-MAY-26 08:00:07
4000538871,49,1,738,738,F,ACRM_SLIT,L,727,160.0,0.0,925,2.0,TSH067,167.45,202621,N,SH67,202622,03-JUN-26 00:00:00,,,,R,ACRM_SLIT,160.0,TSH067,HR,12-MAY-26 08:00:07
4000538871,51,1,738,738,F,ACRM_SLIT,L,727,88.0,0.0,1025,2.0,TSH067,92.1,202621,N,SH67,202622,03-JUN-26 00:00:00,,,,R,ACRM_SLIT,88.0,TSH067,HR,12-MAY-26 08:00:07
4000538871,52,1,738,738,F,ACRM_SLIT,L,727,120.0,0.0,925,2.0,TSH067,125.59,202621,N,SH67,202622,03-JUN-26 00:00:00,,,,R,ACRM_SLIT,120.0,TSH067,HR,12-MAY-26 08:00:07
4000538871,53,1,738,738,F,ACRM_SLIT,L,727,66.0,0.0,1025,2.0,TSH067,69.07,202621,N,SH67,202622,03-JUN-26 00:00:00,,,,R,ACRM_SLIT,66.0,TSH067,HR,12-MAY-26 08:00:07
4000538871,54,1,738,738,F,ACRM_SLIT,L,727,44.0,0.0,1025,2.0,TSH067,46.05,202621,N,SH67,202622,03-JUN-26 00:00:00,,,,R,ACRM_SLIT,44.0,TSH067,HR,12-MAY-26 08:00:07
4000538871,55,1,738,738,F,ACRM_SLIT,L,727,44.0,0.0,1025,2.5,T01069,45.13,202622,N,SH69,202622,03-JUN-26 00:00:00,,,,R,ACRM_SLIT,44.0,T01069,HR,12-MAY-26 08:00:07
4000538871,56,1,738,738,F,ACRM_SLIT,L,727,44.0,0.0,1025,2.5,T01069,45.13,202622,N,SH69,202622,03-JUN-26 00:00:00,,,,R,ACRM_SLIT,44.0,T01069,HR,12-MAY-26 08:00:07
4000538871,61,1,738,738,F,ACRM_SLIT,L,727,44.0,0.0,1025,2.5,T01069,45.13,202622,N,SH69,202622,03-JUN-26 00:00:00,,,,R,ACRM_SLIT,44.0,T01069,HR,12-MAY-26 08:00:07
4000538871,66,1,738,738,F,ACRM_SLIT,L,727,110.0,0.0,1025,2.0,TSH067,115.12,202621,N,SH67,202622,03-JUN-26 00:00:00,,,,R,ACRM_SLIT,110.0,TSH067,HR,12-MAY-26 08:00:07
4000538871,63,1,738,738,F,ACRM_SLIT,L,727,88.0,0.0,1025,2.5,T01069,90.26,202622,N,SH69,202622,03-JUN-26 00:00:00,,,,R,ACRM_SLIT,88.0,T01069,HR,12-MAY-26 08:00:07
9519648553,5,1,738,738,O,HR_DOM,P,367,68.0,24.36,1500,5.0,BSL086,45.21,202623,N,BS86,202624,10-JUN-26 00:00:00,,, ,I,HR_DOM,68.0,BSL086,HR,12-MAY-26 08:00:07
9519734070,6,1,738,738,O,HR_DOM,P,367,34.0,24.72,1500,6.0,BSL086,0.0,202623,N,BS86,202624,09-JUN-26 00:00:00,,, ,I,HR_DOM,34.0,BSL086,HR,12-MAY-26 08:00:07
9519754948,1,1,738,738,O,HR_DOM,R,367,30.0,0.0,1250,4.0,THU038,30.77,202621,N,HU38,202623,01-JUN-26 00:00:00,,,,G,HR_DOM,30.0,THU038,HR,12-MAY-26 08:00:07
4000539465,43,1,738,738,F,HR_DOM,L,367,90.0,0.0,1250,2.0,TIP001,92.31,202620,N,HG34,202621,20-MAY-26 00:00:00,,,,G,HR_DOM,90.0,TIP001,HR,12-MAY-26 08:00:07
4000537846,1,1,738,738,F,HR_SPC,A,367,60.0,23.88,1250,3.4,THA038,43.88,202620,N,HA38,202622,03-JUN-26 00:00:00,,,,R,HR_SPC,60.0,THA038,HR,12-MAY-26 08:00:07
4000537846,2,1,738,738,F,HR_SPC,A,367,60.0,0.0,1250,3.8,THA038,68.38,202620,N,HA38,202622,03-JUN-26 00:00:00,,,,R,HR_SPC,60.0,THA038,HR,12-MAY-26 08:00:07
4000535846,1,1,738,738,F,HR_DOM,A,367,68.0,0.0,1500,12.0,THB028,69.74,202621,N,HB28,202623,29-MAY-26 00:00:00,,,,Y,HR_DOM,68.0,THB028,HR,12-MAY-26 08:00:07
4000535846,2,1,738,738,F,HR_DOM,A,367,66.0,0.0,1400,9.6,THB028,67.69,202621,N,HB28,202623,29-MAY-26 00:00:00,,,,Y,HR_DOM,66.0,THB028,HR,12-MAY-26 08:00:07
4000535846,3,1,738,738,F,HR_DOM,A,367,68.0,0.0,1500,9.6,THB028,69.74,202621,N,HB28,202623,29-MAY-26 00:00:00,,,,Y,HR_DOM,68.0,THB028,HR,12-MAY-26 08:00:07
4000537491,2,1,738,738,F,HR_DOM,A,367,60.0,25.79,1250,5.95,THA016,35.8,202620,N,HA19,202622,21-MAY-26 00:00:00,,,,B,HR_DOM,60.0,THA016,HR,12-MAY-26 08:00:07
4000536713,1,1,738,738,F,HR_DOM,B,367,68.0,0.0,1500,9.7,TSM042,69.74,202621,N,TM42,202622,25-MAY-26 00:00:00,,,,R,HR_DOM,68.0,TSM042,HR,12-MAY-26 08:00:07
4000538871,68,1,738,738,F,ACRM_SLIT,L,727,66.0,0.0,1025,2.5,T01069,67.69,202622,N,SH69,202622,03-JUN-26 00:00:00,,,,R,ACRM_SLIT,66.0,T01069,HR,12-MAY-26 08:00:07
4000538871,78,1,738,738,F,ACRM_SLIT,L,727,88.0,0.0,1025,2.25,T01069,90.26,202622,N,SH69,202622,03-JUN-26 00:00:00,,,,R,ACRM_SLIT,88.0,T01069,HR,12-MAY-26 08:00:07
4000538871,72,1,738,738,F,ACRM_SLIT,L,727,60.0,0.0,925,2.0,TSH067,62.79,202621,N,SH67,202622,03-JUN-26 00:00:00,,,,R,ACRM_SLIT,60.0,TSH067,HR,12-MAY-26 08:00:07
4000538871,73,1,738,738,F,ACRM_SLIT,L,727,110.0,0.0,1025,2.0,TSH067,115.12,202621,N,SH67,202622,03-JUN-26 00:00:00,,,,R,ACRM_SLIT,110.0,TSH067,HR,12-MAY-26 08:00:07
4000538871,75,1,738,738,F,ACRM_SLIT,L,727,88.0,0.0,1025,2.5,T01069,90.26,202622,N,SH69,202622,03-JUN-26 00:00:00,,,,R,ACRM_SLIT,88.0,T01069,HR,12-MAY-26 08:00:07
4000538871,77,1,738,738,F,ACRM_SLIT,L,727,66.0,0.0,1025,2.5,T01069,67.69,202622,N,SH69,202622,03-JUN-26 00:00:00,,,,R,ACRM_SLIT,66.0,T01069,HR,12-MAY-26 08:00:07
4000538871,79,1,738,738,F,ACRM_SLIT,L,727,110.0,0.0,1025,2.5,T01069,112.82,202622,N,SH69,202622,03-JUN-26 00:00:00,,,,R,ACRM_SLIT,110.0,T01069,HR,12-MAY-26 08:00:07
4000538871,80,1,738,738,F,ACRM_SLIT,L,727,88.0,0.0,1025,2.5,T01069,90.26,202622,N,SH69,202622,03-JUN-26 00:00:00,,,,R,ACRM_SLIT,88.0,T01069,HR,12-MAY-26 08:00:07
4000538871,81,1,738,738,F,ACRM_SLIT,L,727,176.0,0.0,1025,2.5,T01069,180.51,202622,N,SH69,202622,03-JUN-26 00:00:00,,,,R,ACRM_SLIT,176.0,T01069,HR,12-MAY-26 08:00:07
4000538871,84,1,738,738,F,ACRM_SLIT,L,727,40.0,0.0,925,2.0,TSH067,41.86,202621,N,SH67,202622,03-JUN-26 00:00:00,,,,R,ACRM_SLIT,40.0,TSH067,HR,12-MAY-26 08:00:07
9519687938,9,1,738,742,O,ACRM CRCA CRS,L,C01,46.0,0.0,1025,2.5,T01320,52.9,202620,N,SH08,202625,01-JUN-26 00:00:00,,, ,G,ACRM CRCA CRS,46.0,T01320,HR,12-MAY-26 08:00:07
4000539465,44,1,738,738,F,HR_DOM,L,367,120.0,0.0,1250,2.4,TIP001,123.08,202620,N,HG34,202621,20-MAY-26 00:00:00,,,,B,HR_DOM,120.0,TIP001,HR,12-MAY-26 08:00:07
4000539465,45,1,738,738,F,HR_DOM,L,367,300.0,0.0,1250,2.01,I09497,310.8,202620,N,HG01,202621,22-MAY-26 00:00:00,,,,B,HR_DOM,300.0,I09497,HR,12-MAY-26 08:00:07
4000539465,1,1,738,738,F,HR_DOM,L,367,300.0,0.0,1250,2.5,TIP001,307.69,202620,N,HG34,202621,21-MAY-26 00:00:00,,,,R,HR_DOM,300.0,TIP001,HR,12-MAY-26 08:00:07
4000539465,2,1,738,738,F,HR_DOM,L,367,210.0,0.0,1250,2.5,TIP001,215.39,202620,N,HG34,202621,28-MAY-26 00:00:00,,,,Y,HR_DOM,210.0,TIP001,HR,12-MAY-26 08:00:07
4000539465,3,1,738,738,F,HR_DOM,A,367,99.0,0.0,1500,3.5,I17020,110.37,202621,N,HR05,202622,21-MAY-26 00:00:00,,,,B,HR_DOM,99.0,I17020,HR,12-MAY-26 08:00:07
4000539465,4,1,738,738,F,HR_DOM,A,367,297.0,0.0,1500,4.8,I17020,331.1,202621,N,HR05,202622,20-MAY-26 00:00:00,,,,B,HR_DOM,297.0,I17020,HR,12-MAY-26 08:00:07
4000539465,5,1,738,738,F,HR_DOM,A,367,33.0,0.0,1500,4.8,I17020,36.79,202621,N,HR05,202622,28-MAY-26 00:00:00,,,,G,HR_DOM,33.0,I17020,HR,12-MAY-26 08:00:07
4000539465,6,1,738,738,F,HR_DOM,A,367,99.0,0.0,1500,4.0,I17020,110.37,202621,N,HR05,202622,21-MAY-26 00:00:00,,,,B,HR_DOM,99.0,I17020,HR,12-MAY-26 08:00:07
4000539465,7,1,738,738,F,HR_DOM,A,367,297.0,0.0,1500,5.0,I17021,314.04,202621,N,HR08,202622,20-MAY-26 00:00:00,,,,B,HR_DOM,297.0,I17021,HR,12-MAY-26 08:00:07
4000539465,8,1,738,738,F,HR_DOM,A,367,297.0,0.0,1500,5.0,I17021,314.04,202621,N,HR08,202622,26-MAY-26 00:00:00,,,,Y,HR_DOM,297.0,I17021,HR,12-MAY-26 08:00:07
4000539465,9,1,738,738,F,HR_DOM,A,367,297.0,0.0,1500,5.0,I17021,314.04,202621,N,HR08,202622,28-MAY-26 00:00:00,,,,G,HR_DOM,297.0,I17021,HR,12-MAY-26 08:00:07
4000539465,10,1,738,738,F,HR_DOM,A,367,99.0,0.0,1500,4.5,I17020,110.37,202621,N,HR05,202622,21-MAY-26 00:00:00,,,,B,HR_DOM,99.0,I17020,HR,12-MAY-26 08:00:07
4000539465,11,1,738,738,F,HR_DOM,A,367,165.0,0.0,1500,6.0,I17021,174.47,202621,N,HR08,202622,21-MAY-26 00:00:00,,,,B,HR_DOM,165.0,I17021,HR,12-MAY-26 08:00:07
4000539465,12,1,738,738,F,HR_DOM,A,367,297.0,0.0,1500,5.8,I17021,314.04,202621,N,HR08,202622,21-MAY-26 00:00:00,,,,B,HR_DOM,297.0,I17021,HR,12-MAY-26 08:00:07
4000539465,13,1,738,738,F,HR_DOM,A,367,297.0,0.0,1500,5.8,I17021,314.04,202621,N,HR08,202622,28-MAY-26 00:00:00,,,,Y,HR_DOM,297.0,I17021,HR,12-MAY-26 08:00:07
9519758476,6,1,738,738,O,HR_DOM,L,367,240.0,151.64,1250,2.5,I09497,89.69,202622,N,HG01,202623,23-MAY-26 00:00:00,,,,R,HR_DOM,240.0,I09497,HR,12-MAY-26 08:00:07
4000540165,1,1,738,738,F,HR_DOM,L,367,288.0,0.0,1540,3.6,THB047,310.93,202624,N,HB47,202626,22-MAY-26 00:00:00,,,,B,HR_DOM,288.0,THB047,HR,12-MAY-26 08:00:07
4000540165,2,1,738,738,F,HR_DOM,L,367,128.0,0.0,1540,3.6,THB047,138.19,202624,N,HB47,202626,27-MAY-26 00:00:00,,,,R,HR_DOM,128.0,THB047,HR,12-MAY-26 08:00:07
9519758851,2,1,738,743,O,ACRM GP#3 WIDER HARD,L,C05,62.0,0.0,1365,1.8,S02149,71.3,202620,N,SF93,202624,03-JUN-26 00:00:00,,, ,I,ACRM GP#3 WIDER HARD,62.0,S02149,HR,12-MAY-26 08:00:07
4000539465,14,1,738,738,F,HR_DOM,A,367,297.0,0.0,1500,7.8,I17021,314.04,202621,N,HR08,202622,26-MAY-26 00:00:00,,,,R,HR_DOM,297.0,I17021,HR,12-MAY-26 08:00:07
4000539465,15,1,738,738,F,HR_DOM,A,367,297.0,0.0,1500,7.8,I17021,314.04,202621,N,HR08,202622,26-MAY-26 00:00:00,,,,Y,HR_DOM,297.0,I17021,HR,12-MAY-26 08:00:07
4000539465,16,1,738,738,F,HR_DOM,A,367,297.0,0.0,1500,7.8,I17021,314.04,202621,N,HR08,202622,26-MAY-26 00:00:00,,,,Y,HR_DOM,297.0,I17021,HR,12-MAY-26 08:00:07
4000539465,17,1,738,738,F,HR_DOM,A,367,165.0,0.0,1500,7.8,I17021,174.47,202621,N,HR08,202622,28-MAY-26 00:00:00,,,,G,HR_DOM,165.0,I17021,HR,12-MAY-26 08:00:07
4000540102,1,1,738,738,F,HR_DOM,L,367,300.0,0.0,1250,2.5,TIP001,307.69,202620,N,HG34,202622,21-MAY-26 00:00:00,,,,R,HR_DOM,300.0,TIP001,HR,12-MAY-26 08:00:07
4000540102,2,1,738,738,F,HR_DOM,L,367,90.0,0.0,1250,2.5,TIP001,92.31,202620,N,HG34,202622,30-MAY-26 00:00:00,,,,G,HR_DOM,90.0,TIP001,HR,12-MAY-26 08:00:07
4000540102,3,1,738,738,F,HR_DOM,A,367,297.0,0.0,1500,4.0,I17020,331.1,202621,N,HR05,202622,21-MAY-26 00:00:00,,,,B,HR_DOM,297.0,I17020,HR,12-MAY-26 08:00:07
4000540102,4,1,738,738,F,HR_DOM,A,367,264.0,0.0,1500,5.0,I17021,279.14,202621,N,HR08,202622,21-MAY-26 00:00:00,,,,B,HR_DOM,264.0,I17021,HR,12-MAY-26 08:00:07
4000539465,18,1,738,738,F,HR_DOM,L,367,300.0,0.0,1250,3.0,TIP001,307.69,202620,N,HG34,202621,20-MAY-26 00:00:00,,,,B,HR_DOM,300.0,TIP001,HR,12-MAY-26 08:00:07
4000539465,19,1,738,738,F,HR_DOM,L,367,240.0,0.0,1250,3.0,TIP001,246.15,202620,N,HG34,202621,28-MAY-26 00:00:00,,,,Y,HR_DOM,240.0,TIP001,HR,12-MAY-26 08:00:07
4000539465,20,1,738,738,F,HR_DOM,L,367,297.0,0.0,1500,2.0,TIP001,304.62,202620,N,HG34,202621,21-MAY-26 00:00:00,,,,R,HR_DOM,297.0,TIP001,HR,12-MAY-26 08:00:07
4000539465,21,1,738,738,F,HR_DOM,L,367,231.0,32.71,1500,2.0,TIP001,203.37,202620,N,HG34,202621,20-MAY-26 00:00:00,,,,B,HR_DOM,231.0,TIP001,HR,12-MAY-26 08:00:07
4000539465,22,1,738,738,F,HR_DOM,L,367,270.0,0.0,1250,1.8,TIP001,276.92,202621,N,HG34,202622,22-MAY-26 00:00:00,,,,B,HR_DOM,270.0,TIP001,HR,12-MAY-26 08:00:07
4000539465,23,1,738,738,F,HR_DOM,A,367,99.0,0.0,1500,3.8,I17020,110.37,202621,N,HR05,202622,21-MAY-26 00:00:00,,,,B,HR_DOM,99.0,I17020,HR,12-MAY-26 08:00:07
4000539465,24,1,738,738,F,HR_DOM,A,367,297.0,0.0,1500,9.8,I17021,314.04,202621,N,HR08,202622,25-MAY-26 00:00:00,,,,R,HR_DOM,297.0,I17021,HR,12-MAY-26 08:00:07
9519761401,1,1,738,738,O,HR_DOM,A,367,68.0,0.0,1500,4.0,I17020,75.81,202624,N,HR05,202625,03-JUN-26 00:00:00,,,,I,HR_DOM,68.0,I17020,HR,12-MAY-26 08:00:07
4000540070,4,1,738,738,F,HR_DOM,A,367,64.0,0.0,1500,6.0,I17021,67.67,202620,N,HR08,202621,25-MAY-26 00:00:00,,,,G,HR_DOM,64.0,I17021,HR,12-MAY-26 08:00:07
4000540070,11,1,738,738,F,HR_DOM,L,367,90.0,0.0,1250,2.0,TIP001,92.31,202620,N,HG34,202621,30-MAY-26 00:00:00,,,,G,HR_DOM,90.0,TIP001,HR,12-MAY-26 08:00:07
4000539465,25,1,738,738,F,HR_DOM,A,367,297.0,0.0,1500,9.8,I17021,314.04,202621,N,HR08,202622,25-MAY-26 00:00:00,,,,R,HR_DOM,297.0,I17021,HR,12-MAY-26 08:00:07
4000539465,26,1,738,738,F,HR_DOM,A,367,297.0,0.0,1500,9.8,I17021,314.04,202621,N,HR08,202622,25-MAY-26 00:00:00,,,,Y,HR_DOM,297.0,I17021,HR,12-MAY-26 08:00:07
4000539465,27,1,738,738,F,HR_DOM,A,367,297.0,0.0,1500,9.8,I17021,314.04,202621,N,HR08,202622,26-MAY-26 00:00:00,,,,G,HR_DOM,297.0,I17021,HR,12-MAY-26 08:00:07
4000539465,28,1,738,738,F,HR_DOM,A,367,33.0,0.0,1500,9.8,I17021,34.89,202621,N,HR08,202622,26-MAY-26 00:00:00,,,,G,HR_DOM,33.0,I17021,HR,12-MAY-26 08:00:07
4000539465,29,1,738,738,F,HR_DOM,L,367,180.0,0.0,1300,2.95,TIP001,184.62,202620,N,HG34,202621,20-MAY-26 00:00:00,,,,B,HR_DOM,180.0,TIP001,HR,12-MAY-26 08:00:07
4000539465,30,1,738,738,F,HR_DOM,L,367,300.0,0.0,1250,2.0,I09497,310.8,202620,N,HG01,202621,14-MAY-26 00:00:00,,,,Y,HR_DOM,300.0,I09497,HR,12-MAY-26 08:00:07
4000539465,31,1,738,738,F,HR_DOM,L,367,300.0,0.0,1250,2.0,I09497,310.8,202620,N,HG01,202621,14-MAY-26 00:00:00,,,,R,HR_DOM,300.0,I09497,HR,12-MAY-26 08:00:07
4000540102,5,1,738,738,F,HR_DOM,A,367,264.0,0.0,1500,6.0,I17021,279.14,202621,N,HR08,202622,21-MAY-26 00:00:00,,,,B,HR_DOM,264.0,I17021,HR,12-MAY-26 08:00:07
4000540102,6,1,738,738,F,HR_DOM,A,367,198.0,0.0,1500,8.0,I17021,209.36,202621,N,HR08,202622,22-MAY-26 00:00:00,,,,B,HR_DOM,198.0,I17021,HR,12-MAY-26 08:00:07
4000540102,7,1,738,738,F,HR_DOM,A,367,165.0,0.0,1500,7.8,I17021,174.47,202621,N,HR08,202622,21-MAY-26 00:00:00,,,,B,HR_DOM,165.0,I17021,HR,12-MAY-26 08:00:07
4000540102,8,1,738,738,F,HR_DOM,A,367,297.0,31.62,1500,3.0,I17020,298.67,202621,N,HR05,202622,21-MAY-26 00:00:00,,,,B,HR_DOM,297.0,I17020,HR,12-MAY-26 08:00:07
4000540102,9,1,738,738,F,HR_DOM,L,367,120.0,0.0,1250,3.0,TIP001,123.08,202620,N,HG34,202622,20-MAY-26 00:00:00,,,,B,HR_DOM,120.0,TIP001,HR,12-MAY-26 08:00:07
4000540102,10,1,738,738,F,HR_DOM,L,367,297.0,0.0,1500,2.0,TIP001,304.62,202620,N,HG34,202622,20-MAY-26 00:00:00,,,,B,HR_DOM,297.0,TIP001,HR,12-MAY-26 08:00:07
4000540102,11,1,738,738,F,HR_DOM,L,367,297.0,0.0,1500,2.0,TIP001,304.62,202620,N,HG34,202622,28-MAY-26 00:00:00,,,,Y,HR_DOM,297.0,TIP001,HR,12-MAY-26 08:00:07
4000540102,12,1,738,738,F,HR_DOM,L,367,165.0,0.0,1500,2.0,TIP001,169.23,202620,N,HG34,202622,30-MAY-26 00:00:00,,,,G,HR_DOM,165.0,TIP001,HR,12-MAY-26 08:00:07
4000540070,9,1,738,738,F,HR_DOM,A,367,128.0,0.0,1500,10.0,I17021,135.34,202620,N,HR08,202621,25-MAY-26 00:00:00,,,,Y,HR_DOM,128.0,I17021,HR,12-MAY-26 08:00:07
9519754820,1,1,738,738,O,HR_DOM,A,367,34.0,0.0,1500,3.8,TIP006,35.22,202623,N,HG42,202625,03-JUN-26 00:00:00,,,,I,HR_DOM,34.0,TIP006,HR,12-MAY-26 08:00:07
9519754820,2,1,738,738,O,HR_DOM,A,367,34.0,0.0,1500,4.8,I17020,37.9,202624,N,HR05,202626,03-JUN-26 00:00:00,,,,I,HR_DOM,34.0,I17020,HR,12-MAY-26 08:00:07
4000540099,1,1,738,738,F,SCRM,I,367,168.0,0.0,1170,3.2,BSL002,175.82,202623,N,BS02,202625,03-JUN-26 00:00:00,,,,G,SCRM,168.0,BSL002,HR,12-MAY-26 08:00:07
4000540099,2,1,738,738,F,SCRM,L,367,124.0,0.0,1600,3.2,BSL011,127.18,202622,N,BS11,202623,03-JUN-26 00:00:00,,,,G,SCRM,124.0,BSL011,HR,12-MAY-26 08:00:07
4000540099,3,1,738,738,F,SCRM,I,367,60.0,0.0,1230,3.2,T01052,62.79,202622,N,SD88,202624,29-MAY-26 00:00:00,,,,Y,SCRM,60.0,T01052,HR,12-MAY-26 08:00:07
4000540099,5,1,738,738,F,SCRM,I,367,90.0,0.0,1340,3.2,T01052,94.19,202622,N,SD88,202624,29-MAY-26 00:00:00,,,,Y,SCRM,90.0,T01052,HR,12-MAY-26 08:00:07
4000540097,1,1,738,738,F,SCRM,H,367,217.0,0.0,1300,3.2,BSL039,222.56,202623,N,BS39,202624,30-MAY-26 00:00:00,,,,Y,SCRM,217.0,BSL039,HR,12-MAY-26 08:00:07
4000540098,1,1,738,738,F,SCRM,L,367,180.0,0.0,1250,3.0,THA023,230.77,202621,N,HA10,202622,30-MAY-26 00:00:00,,,,G,SCRM,180.0,THA023,HR,12-MAY-26 08:00:07
4000540102,13,1,738,738,F,HR_DOM,L,367,90.0,0.0,1250,4.5,TIP001,92.31,202620,N,HG34,202622,20-MAY-26 00:00:00,,,,B,HR_DOM,90.0,TIP001,HR,12-MAY-26 08:00:07
4000540102,14,1,738,738,F,HR_DOM,L,367,198.0,62.13,1500,2.5,TIP001,139.35,202620,N,HG34,202622,20-MAY-26 00:00:00,,,,B,HR_DOM,198.0,TIP001,HR,12-MAY-26 08:00:07
4000540102,15,1,738,738,F,HR_DOM,L,367,90.0,0.0,1250,4.8,TIP001,92.31,202620,N,HG34,202622,20-MAY-26 00:00:00,,,,B,HR_DOM,90.0,TIP001,HR,12-MAY-26 08:00:07
4000540102,16,1,738,738,F,HR_DOM,L,367,90.0,0.0,1250,2.8,TIP001,92.31,202620,N,HG34,202622,28-MAY-26 00:00:00,,,,Y,HR_DOM,90.0,TIP001,HR,12-MAY-26 08:00:07
4000540102,17,1,738,738,F,HR_DOM,L,367,300.0,0.0,1250,1.8,TIP001,307.69,202621,N,HG34,202622,25-MAY-26 00:00:00,,,,R,HR_DOM,300.0,TIP001,HR,12-MAY-26 08:00:07
4000540102,20,1,738,738,F,HR_DOM,L,367,90.0,0.0,1250,6.0,I09508,93.25,202620,N,HG22,202622,28-MAY-26 00:00:00,,,,Y,HR_DOM,90.0,I09508,HR,12-MAY-26 08:00:07
4000539465,32,1,738,738,F,HR_DOM,L,367,90.0,0.0,1250,2.0,I09497,93.24,202620,N,HG01,202621,14-MAY-26 00:00:00,,,,R,HR_DOM,90.0,I09497,HR,12-MAY-26 08:00:07
4000539465,33,1,738,738,F,HR_DOM,A,367,297.0,0.0,1500,11.8,I17021,314.04,202621,N,HR08,202622,22-MAY-26 00:00:00,,,,B,HR_DOM,297.0,I17021,HR,12-MAY-26 08:00:07
4000539465,34,1,738,738,F,HR_DOM,A,367,297.0,0.0,1500,11.8,I17021,314.04,202621,N,HR08,202622,25-MAY-26 00:00:00,,,,R,HR_DOM,297.0,I17021,HR,12-MAY-26 08:00:07
4000539465,35,1,738,738,F,HR_DOM,A,367,297.0,0.0,1500,11.8,I17021,314.04,202621,N,HR08,202622,26-MAY-26 00:00:00,,,,Y,HR_DOM,297.0,I17021,HR,12-MAY-26 08:00:07
4000539465,36,1,738,738,F,HR_DOM,A,367,66.0,0.0,1500,11.8,I17021,69.79,202621,N,HR08,202622,26-MAY-26 00:00:00,,,,G,HR_DOM,66.0,I17021,HR,12-MAY-26 08:00:07
4000539465,37,1,738,738,F,HR_DOM,A,367,297.0,0.0,1500,6.0,I17020,331.1,202621,N,HR05,202622,20-MAY-26 00:00:00,,,,B,HR_DOM,297.0,I17020,HR,12-MAY-26 08:00:07
4000539465,38,1,738,738,F,HR_DOM,A,367,297.0,0.0,1500,6.0,I17020,331.1,202621,N,HR05,202622,28-MAY-26 00:00:00,,,,Y,HR_DOM,297.0,I17020,HR,12-MAY-26 08:00:07
4000539465,39,1,738,738,F,HR_DOM,A,367,198.0,0.0,1500,6.0,I17020,220.74,202621,N,HR05,202622,28-MAY-26 00:00:00,,,,G,HR_DOM,198.0,I17020,HR,12-MAY-26 08:00:07
9519716677,1,1,738,742,O,ACRM CRCA CRS,L,C01,57.99,0.0,1270,2.0,T01320,66.7,202620,N,SH08,202625,03-JUN-26 00:00:00,,, ,I,ACRM CRCA CRS,57.99,T01320,HR,12-MAY-26 08:00:07
4000540098,2,1,738,738,F,SCRM,L,367,93.0,49.32,1290,3.0,THA023,68.65,202621,N,HA10,202622,27-MAY-26 00:00:00,,,,R,SCRM,93.0,THA023,HR,12-MAY-26 08:00:07
4000540095,1,1,738,738,F,HR_DOM,L,367,64.0,0.0,1540,4.0,THB047,69.1,202621,N,HB47,202623,31-MAY-26 00:00:00,,,,G,HR_DOM,64.0,THB047,HR,12-MAY-26 08:00:07
4000540095,2,1,738,738,F,HR_DOM,L,367,64.0,0.0,1515,4.0,THB047,69.1,202621,N,HB47,202623,31-MAY-26 00:00:00,,,,G,HR_DOM,64.0,THB047,HR,12-MAY-26 08:00:07
4000540095,3,1,738,738,F,HR_DOM,L,367,240.0,0.0,1390,4.5,THB047,259.11,202621,N,HB47,202623,26-MAY-26 00:00:00,,,,Y,HR_DOM,240.0,THB047,HR,12-MAY-26 08:00:07
4000540095,4,1,738,738,F,HR_DOM,L,367,64.0,0.0,1540,3.5,THB047,69.1,202621,N,HB47,202623,26-MAY-26 00:00:00,,,,Y,HR_DOM,64.0,THB047,HR,12-MAY-26 08:00:07
4000540095,5,1,738,738,F,HR_DOM,L,367,30.0,0.0,1230,3.7,THB047,32.39,202621,N,HB47,202623,26-MAY-26 00:00:00,,,,Y,HR_DOM,30.0,THB047,HR,12-MAY-26 08:00:07
4000540095,6,1,738,738,F,HR_DOM,L,367,32.0,0.0,1540,3.7,THB047,34.55,202621,N,HB47,202623,31-MAY-26 00:00:00,,,,G,HR_DOM,32.0,THB047,HR,12-MAY-26 08:00:07
4000540095,7,1,738,738,F,HR_DOM,C,367,90.0,0.0,1230,3.2,THB046,108.6,202623,N,HB46,202625,03-JUN-26 00:00:00,,,,G,HR_DOM,90.0,THB046,HR,12-MAY-26 08:00:07
9519751693,2,1,738,742,O,ACRM CRCA CRS,L,C01,146.99,0.0,935,2.8,TSH067,169.039,202619,N,SH67,202625,31-MAY-26 00:00:00,,, ,G,ACRM CRCA CRS,146.99,TSH067,HR,12-MAY-26 08:00:07
9519751693,3,1,738,742,O,ACRM CRCA CRS,L,C01,146.99,0.0,935,2.8,TSH067,169.039,202619,N,SH67,202625,31-MAY-26 00:00:00,,, ,G,ACRM CRCA CRS,146.99,TSH067,HR,12-MAY-26 08:00:07
4000539465,40,1,738,738,F,HR_DOM,L,367,297.0,0.0,1500,4.5,TIP001,304.62,202620,N,HG34,202621,20-MAY-26 00:00:00,,,,B,HR_DOM,297.0,TIP001,HR,12-MAY-26 08:00:07
4000539465,41,1,738,738,F,HR_DOM,L,367,33.0,0.0,1500,4.5,TIP001,33.85,202620,N,HG34,202621,30-MAY-26 00:00:00,,,,G,HR_DOM,33.0,TIP001,HR,12-MAY-26 08:00:07
4000539465,42,1,738,738,F,HR_DOM,L,367,300.0,0.0,1250,2.0,TIP001,307.69,202620,N,HG34,202621,21-MAY-26 00:00:00,,,,Y,HR_DOM,300.0,TIP001,HR,12-MAY-26 08:00:07
4000539696,4,1,738,738,F,HR_DOM,C,368,175.0,0.0,1500,8.0,THH010,183.15,202620,N,HH10,202623,22-MAY-26 00:00:00,,, ,B,HR_DOM,175.0,THH010,HR,12-MAY-26 08:00:07
4000540102,22,1,738,738,F,HR_DOM,A,367,264.0,0.0,1500,12.0,I17021,279.14,202621,N,HR08,202622,25-MAY-26 00:00:00,,,,R,HR_DOM,264.0,I17021,HR,12-MAY-26 08:00:07
4000540102,23,1,738,738,F,HR_DOM,A,367,264.0,0.0,1500,9.8,I17021,279.14,202621,N,HR08,202622,22-MAY-26 00:00:00,,,,B,HR_DOM,264.0,I17021,HR,12-MAY-26 08:00:07
4000540102,24,1,738,738,F,HR_DOM,L,367,300.0,0.0,1250,2.0,I09497,310.8,202620,N,HG01,202622,14-MAY-26 00:00:00,,,,B,HR_DOM,300.0,I09497,HR,12-MAY-26 08:00:07
4000540102,25,1,738,738,F,HR_DOM,L,367,300.0,0.0,1250,2.0,I09497,310.8,202620,N,HG01,202622,14-MAY-26 00:00:00,,,,R,HR_DOM,300.0,I09497,HR,12-MAY-26 08:00:07
4000540102,26,1,738,738,F,HR_DOM,L,367,150.0,0.0,1250,2.0,I09497,155.4,202620,N,HG01,202622,14-MAY-26 00:00:00,,,,R,HR_DOM,150.0,I09497,HR,12-MAY-26 08:00:07
4000540102,27,1,738,738,F,HR_DOM,A,367,297.0,0.0,1500,11.8,I17021,314.04,202621,N,HR08,202622,25-MAY-26 00:00:00,,,,R,HR_DOM,297.0,I17021,HR,12-MAY-26 08:00:07
4000540102,28,1,738,738,F,HR_DOM,A,367,264.0,0.0,1500,10.0,I17021,279.14,202621,N,HR08,202622,22-MAY-26 00:00:00,,,,B,HR_DOM,264.0,I17021,HR,12-MAY-26 08:00:07
4000540102,29,1,738,738,F,HR_DOM,L,367,300.0,0.0,1250,2.0,TIP001,307.69,202620,N,HG34,202622,24-MAY-26 00:00:00,,,,R,HR_DOM,300.0,TIP001,HR,12-MAY-26 08:00:07
4000540102,18,1,738,738,F,HR_DOM,L,367,300.0,0.0,1250,1.8,TIP001,307.69,202621,N,HG34,202622,26-MAY-26 00:00:00,,,,Y,HR_DOM,300.0,TIP001,HR,12-MAY-26 08:00:07
4000540102,30,1,738,738,F,HR_DOM,L,367,300.0,0.0,1250,2.0,TIP001,307.69,202620,N,HG34,202622,28-MAY-26 00:00:00,,,,Y,HR_DOM,300.0,TIP001,HR,12-MAY-26 08:00:07
9519749683,1,1,738,742,F,ACRM CRCA SPM,M,C01,203.0,0.0,1270,3.2,S02005,233.45,202621,N,SD30,202626,03-JUN-26 00:00:00,,, ,I,ACRM CRCA SPM,203.0,S02005,HR,12-MAY-26 08:00:07
9519749683,2,1,738,742,F,ACRM CRCA SPM,M,C01,261.0,0.0,1270,4.0,S02005,300.15,202621,N,SD30,202626,03-JUN-26 00:00:00,,, ,I,ACRM CRCA SPM,261.0,S02005,HR,12-MAY-26 08:00:07
9519751681,1,1,738,742,O,ACRM CRCA CRS,L,C01,196.0,0.0,1235,2.8,TSH067,225.4,202621,N,SH67,202626,03-JUN-26 00:00:00,,, ,I,ACRM CRCA CRS,196.0,TSH067,HR,12-MAY-26 08:00:07
4000539878,1,1,738,738,F,HR_DOM,L,367,272.0,249.74,1680,2.9,THG004,31.74,202620,N,HG50,202622,14-MAY-26 00:00:00,,, ,R,HR_DOM,272.0,THG004,HR,12-MAY-26 08:00:07
4000539878,2,1,738,738,F,HR_DOM,L,367,272.0,249.34,1680,2.9,THG004,31.87,202620,N,HG50,202622,14-MAY-26 00:00:00,,, ,R,HR_DOM,272.0,THG004,HR,12-MAY-26 08:00:07
4000540102,31,1,738,738,F,HR_DOM,L,367,300.0,0.0,1250,2.0,TIP001,307.69,202620,N,HG34,202622,30-MAY-26 00:00:00,,,,G,HR_DOM,300.0,TIP001,HR,12-MAY-26 08:00:07
4000540102,32,1,738,738,F,HR_DOM,L,367,120.0,0.0,1250,2.0,TIP001,123.08,202620,N,HG34,202622,30-MAY-26 00:00:00,,,,G,HR_DOM,120.0,TIP001,HR,12-MAY-26 08:00:07
4000540102,33,1,738,738,F,HR_DOM,L,367,150.0,0.0,1250,2.4,TIP001,153.85,202620,N,HG34,202622,20-MAY-26 00:00:00,,,,B,HR_DOM,150.0,TIP001,HR,12-MAY-26 08:00:07
9519731377,12,1,738,738,O,HR_DOM,P,367,50.221,49.22,1500,6.0,BSL086,0.0,202621,N,BS86,202622,03-JUN-26 00:00:00,,, ,G,HR_DOM,50.221,BSL086,HR,12-MAY-26 08:00:07
9519750701,2,1,738,742,O,ACRM HRPO,L,768,58.0,0.0,1250,2.5,I09497,66.7,202625,N,HG01,202627,09-JUN-26 00:00:00,,,,I,ACRM HRPO,58.0,I09497,HR,12-MAY-26 08:00:07
4000539878,3,1,738,738,F,HR_DOM,L,367,272.0,263.21,1680,2.9,THG004,12.07,202620,N,HG50,202622,26-MAY-26 00:00:00,,, ,R,HR_DOM,272.0,THG004,HR,12-MAY-26 08:00:07
9519758476,9,1,738,738,O,HR_DOM,L,367,270.0,0.0,1250,2.0,I09497,279.72,202622,N,HG01,202623,23-MAY-26 00:00:00,,,,R,HR_DOM,270.0,I09497,HR,12-MAY-26 08:00:07
9519684470,9,1,738,738,O,HR_DOM,A,367,68.0,0.0,1500,4.0,I17020,75.81,202620,N,HR05,202621,20-MAY-26 00:00:00,,,,B,HR_DOM,68.0,I17020,HR,12-MAY-26 08:00:07
9519684470,10,1,738,738,O,HR_DOM,A,367,68.0,0.0,1500,5.0,I17021,71.9,202620,N,HR08,202621,19-MAY-26 00:00:00,,,,B,HR_DOM,68.0,I17021,HR,12-MAY-26 08:00:07
9519684470,12,1,738,738,O,HR_DOM,A,367,68.0,0.0,1500,6.0,I17021,71.9,202620,N,HR08,202621,19-MAY-26 00:00:00,,,,B,HR_DOM,68.0,I17021,HR,12-MAY-26 08:00:07
9519684470,13,1,738,738,O,HR_DOM,A,367,68.0,0.0,1500,8.0,I17021,71.9,202620,N,HR08,202621,19-MAY-26 00:00:00,,,,B,HR_DOM,68.0,I17021,HR,12-MAY-26 08:00:07
9519684470,14,1,738,738,O,HR_DOM,A,367,68.0,0.0,1500,10.0,I17021,71.9,202620,N,HR08,202621,19-MAY-26 00:00:00,,,,B,HR_DOM,68.0,I17021,HR,12-MAY-26 08:00:07
9519759134,6,1,738,738,O,HR_DOM,A,367,136.0,0.0,1500,3.0,I17020,151.62,202623,N,HR05,202624,01-JUN-26 00:00:00,,, ,I,HR_DOM,136.0,I17020,HR,12-MAY-26 08:00:07
9519743680,1,1,738,744,O,ACRM GP#2 PPGL,L,B18,280.0,313.86,1235,2.0,TSF093,322.0,202620,N,SH93,202624,03-JUN-26 00:00:00,,, ,G,ACRM GP#2 PPGL,280.0,TSF093,HR,12-MAY-26 08:00:07
60974973,1,1,738,738,B,SCRM_SPC_SLIT,L,367,240.0,0.0,1235,2.0,T01576,248.64,202622,N,HG02,202623,30-MAY-26 00:00:00,,,,I,SCRM_SPC_SLIT,240.0,T01576,HR,12-MAY-26 08:00:07
60974973,2,1,738,738,B,SCRM_SPC_SLIT,L,367,150.0,0.0,1235,2.0,T01576,155.4,202622,N,HG02,202623,30-MAY-26 00:00:00,,,,I,SCRM_SPC_SLIT,150.0,T01576,HR,12-MAY-26 08:00:07
60974973,3,1,738,738,B,SCRM_SPC_SLIT,L,367,60.0,0.0,1235,2.2,T01576,62.16,202622,N,HG02,202623,30-MAY-26 00:00:00,,,,I,SCRM_SPC_SLIT,60.0,T01576,HR,12-MAY-26 08:00:07
60974973,4,1,738,738,B,SCRM_SPC_SLIT,L,367,270.0,28.64,1270,2.8,T01576,250.05,202622,N,HG02,202623,30-MAY-26 00:00:00,,,,I,SCRM_SPC_SLIT,270.0,T01576,HR,12-MAY-26 08:00:07
9519751659,1,1,738,738,O,HR_DOM,P,367,90.0,0.0,1250,6.0,BSL086,93.24,202622,N,BS86,202623,31-MAY-26 00:00:00,,, ,I,HR_DOM,90.0,BSL086,HR,12-MAY-26 08:00:07
9519753792,3,1,738,738,O,HR_DOM,P,367,60.0,0.0,1250,4.0,I17017,61.54,202622,N,SF52,202623,06-JUN-26 00:00:00,,, ,I,HR_DOM,60.0,I17017,HR,12-MAY-26 08:00:07
4000540240,1,1,738,738,F,SCRM,I,367,279.0,243.72,1600,3.2,T01052,39.36,202622,N,SD88,202625,29-MAY-26 00:00:00,,,,Y,SCRM,279.0,T01052,HR,12-MAY-26 08:00:07
4000540240,2,1,738,738,F,SCRM,I,367,60.0,0.0,1340,3.2,T01052,62.79,202622,N,SD88,202624,29-MAY-26 00:00:00,,,,Y,SCRM,60.0,T01052,HR,12-MAY-26 08:00:07
4000540239,1,1,738,738,F,SCRM,L,367,30.0,0.0,1250,3.0,THA023,38.46,202621,N,HA10,202622,30-MAY-26 00:00:00,,,,G,SCRM,30.0,THA023,HR,12-MAY-26 08:00:07
4000540239,2,1,738,738,F,SCRM,L,367,31.0,0.0,1290,3.0,THA023,39.74,202621,N,HA10,202622,29-MAY-26 00:00:00,,,,Y,SCRM,31.0,THA023,HR,12-MAY-26 08:00:07
4000540237,1,1,738,738,F,HR_DOM,L,367,90.0,27.98,1390,4.5,THB047,66.96,202622,N,HB47,202623,22-MAY-26 00:00:00,,,,B,HR_DOM,90.0,THB047,HR,12-MAY-26 08:00:07
4000540237,2,1,738,738,F,HR_DOM,A,367,56.0,0.0,1325,3.5,THA054,62.43,202623,N,HA54,202625,03-JUN-26 00:00:00,,,,G,HR_DOM,56.0,THA054,HR,12-MAY-26 08:00:07
4000540237,3,1,738,738,F,HR_DOM,L,367,90.0,0.0,1365,4.5,THB047,97.17,202622,N,HB47,202623,25-MAY-26 00:00:00,,,,R,HR_DOM,90.0,THB047,HR,12-MAY-26 08:00:07
4000540237,4,1,738,738,F,HR_DOM,C,367,60.0,0.0,1230,3.2,THB046,72.4,202624,N,HB46,202625,03-JUN-26 00:00:00,,,,G,HR_DOM,60.0,THB046,HR,12-MAY-26 08:00:07
9519673015,1,1,738,743,O,HR_DOM,,C05,124.0,0.0,0,0.0, ,0.0,202620,N,,202624,03-JUN-26 00:00:00,,, ,I,HR_DOM,124.0,,HR,12-MAY-26 08:00:07
9519673015,2,1,738,743,O,HR_DOM,,C05,93.0,0.0,0,0.0, ,0.0,202620,N,,202624,03-JUN-26 00:00:00,,, ,I,HR_DOM,93.0,,HR,12-MAY-26 08:00:07
9519751060,1,1,738,738,O,HR_DOM,L,367,272.0,245.61,1500,2.5,I09497,26.39,202620,N,HG01,202622,14-MAY-26 00:00:00,,,,B,HR_DOM,272.0,I09497,HR,12-MAY-26 08:00:07
9519757897,4,1,738,738,O,HR_DOM,A,367,68.0,0.0,1500,3.0,TIP006,70.45,202622,N,HG42,202623,29-MAY-26 00:00:00,,, ,I,HR_DOM,68.0,TIP006,HR,12-MAY-26 08:00:07
9519759526,1,1,738,738,O,HR_DOM,P,367,290.0,0.0,1220,5.5,BSL017,297.44,202621,N,BS17,202623,29-MAY-26 00:00:00,,, ,G,HR_DOM,290.0,BSL017,HR,12-MAY-26 08:00:07
9519759526,2,1,738,738,O,HR_DOM,S,367,280.0,0.0,1170,2.5,BSL074,287.18,202624,N,BS74,202625,11-JUN-26 00:00:00,,,,I,HR_DOM,280.0,BSL074,HR,12-MAY-26 08:00:07
9519759526,3,1,738,738,O,HR_DOM,S,367,280.0,0.0,1170,2.5,BSL074,287.18,202625,N,BS74,202626,13-JUN-26 00:00:00,,,,I,HR_DOM,280.0,BSL074,HR,12-MAY-26 08:00:07
9519759526,4,1,738,738,O,HR_DOM,S,367,252.0,0.0,1170,2.5,BSL074,258.46,202625,N,BS74,202626,13-JUN-26 00:00:00,,,,I,HR_DOM,252.0,BSL074,HR,12-MAY-26 08:00:07
9519759526,5,1,738,738,O,HR_DOM,S,367,112.0,0.0,1170,2.8,BSL074,114.87,202625,N,BS74,202626,13-JUN-26 00:00:00,,,,I,HR_DOM,112.0,BSL074,HR,12-MAY-26 08:00:07
4000540152,2,1,738,738,F,ACRM_SLIT,L,B69,294.0,0.0,925,2.0,T01576,45.5,202622,N,HG02,202624,03-JUN-26 00:00:00,,,,R,ACRM_SLIT,294.0,T01576,HR,12-MAY-26 08:00:07
4000540152,3,1,738,738,F,ACRM_SLIT,L,B69,126.0,0.0,925,2.0,T01576,130.54,202622,N,HG02,202624,03-JUN-26 00:00:00,,,,R,ACRM_SLIT,126.0,T01576,HR,12-MAY-26 08:00:07
4000540152,5,1,738,738,F,ACRM_SLIT,L,B69,105.0,0.0,925,2.25,T01576,108.78,202622,N,HG02,202624,03-JUN-26 00:00:00,,,,R,ACRM_SLIT,105.0,T01576,HR,12-MAY-26 08:00:07
4000540152,7,1,738,738,F,ACRM_SLIT,L,B69,105.0,0.0,925,2.5,T01576,108.78,202622,N,HG02,202624,03-JUN-26 00:00:00,,,,R,ACRM_SLIT,105.0,T01576,HR,12-MAY-26 08:00:07
9519754310,2,1,738,738,O,HR_DOM,L,367,60.0,0.0,1250,3.0,TIP001,61.54,202623,N,HG34,202625,03-JUN-26 00:00:00,,, ,I,HR_DOM,60.0,TIP001,HR,12-MAY-26 08:00:07
9519754310,4,1,738,738,O,HR_DOM,A,367,34.0,0.0,1500,4.8,TIP006,35.22,202620,N,HG42,202622,25-MAY-26 00:00:00,,,,R,HR_DOM,34.0,TIP006,HR,12-MAY-26 08:00:07
9519754310,5,1,738,738,O,HR_DOM,A,367,34.0,0.0,1500,5.0,TIP006,35.22,202620,N,HG42,202622,25-MAY-26 00:00:00,,,,R,HR_DOM,34.0,TIP006,HR,12-MAY-26 08:00:07
9519754310,6,1,738,738,O,HR_DOM,A,367,34.0,0.0,1500,5.8,TIP006,35.22,202620,N,HG42,202622,25-MAY-26 00:00:00,,,,R,HR_DOM,34.0,TIP006,HR,12-MAY-26 08:00:07
9519754310,8,1,738,738,O,HR_DOM,A,367,34.0,0.0,1500,7.8,THG038,34.87,202620,N,HG38,202622,25-MAY-26 00:00:00,,,,R,HR_DOM,34.0,THG038,HR,12-MAY-26 08:00:07
9519754310,9,1,738,738,O,HR_DOM,A,367,34.0,0.0,1500,8.0,THG038,34.87,202620,N,HG38,202622,25-MAY-26 00:00:00,,,,R,HR_DOM,34.0,THG038,HR,12-MAY-26 08:00:07
9519754310,10,1,738,738,O,HR_DOM,A,367,68.0,0.0,1500,9.8,THG038,69.74,202620,N,HG38,202622,25-MAY-26 00:00:00,,,,R,HR_DOM,68.0,THG038,HR,12-MAY-26 08:00:07
9519754310,11,1,738,738,O,HR_DOM,A,367,34.0,0.0,1500,11.8,THG038,34.87,202620,N,HG38,202622,25-MAY-26 00:00:00,,,,R,HR_DOM,34.0,THG038,HR,12-MAY-26 08:00:07
9519754310,12,1,738,738,O,HR_DOM,A,367,34.0,0.0,1500,12.0,THG038,34.87,202620,N,HG38,202622,25-MAY-26 00:00:00,,,,R,HR_DOM,34.0,THG038,HR,12-MAY-26 08:00:07
9519753062,3,1,738,738,O,HR_DOM,L,367,240.0,0.0,1250,2.01,TIP001,246.15,202622,N,HG34,202624,01-JUN-26 00:00:00,,, ,I,HR_DOM,240.0,TIP001,HR,12-MAY-26 08:00:07
4000540522,4,1,738,738,F,ACRM_SLIT,L,367,270.0,257.85,1255,2.5,T01576,12.59,202623,N,HG02,202624,03-JUN-26 00:00:00,,,,R,ACRM_SLIT,270.0,T01576,HR,12-MAY-26 08:00:07
9519763630,1,1,738,742,Z,HR_DOM,,C01,20.0,0.0,0,0.0, ,0.0,202616,N,,202621,17-MAY-26 00:00:00,,,,B,HR_DOM,20.0,,HR,12-MAY-26 08:00:07
9519764534,2,1,738,743,O,HR_DOM,,B04,29.0,0.0,0,0.0, ,0.0,202625,N,,202628,04-JUN-26 00:00:00,,,,I,HR_DOM,29.0,,HR,12-MAY-26 08:00:07
4000539584,41,1,738,738,F,ACRM_SLIT,L,367,272.0,0.0,1525,2.5,T01576,281.79,202629,N,HG02,202630,13-JUN-26 00:00:00,,,,I,ACRM_SLIT,272.0,T01576,HR,12-MAY-26 08:00:07
4000539584,42,1,738,738,F,ACRM_SLIT,L,367,272.0,0.0,1525,2.5,T01576,281.79,202629,N,HG02,202630,13-JUN-26 00:00:00,,,,I,ACRM_SLIT,272.0,T01576,HR,12-MAY-26 08:00:07
4000539584,49,1,738,738,F,ACRM_SLIT,L,367,272.0,0.0,1440,2.25,S02149,284.67,202629,N,SF93,202630,13-JUN-26 00:00:00,,,,I,ACRM_SLIT,272.0,S02149,HR,12-MAY-26 08:00:07
4000539584,50,1,738,738,F,ACRM_SLIT,L,367,272.0,0.0,1440,2.5,S02149,284.67,202629,N,SF93,202630,13-JUN-26 00:00:00,,,,I,ACRM_SLIT,272.0,S02149,HR,12-MAY-26 08:00:07
4000539612,1,1,738,738,F,KCRM,A,367,300.0,0.0,1250,2.0,THR099,317.21,202621,N,HR99,202623,28-MAY-26 00:00:00,,,,G,KCRM,300.0,THR099,HR,12-MAY-26 08:00:07
4000539612,2,1,738,738,F,KCRM,A,367,210.0,0.0,1250,2.0,THR099,222.05,202621,N,HR99,202623,01-JUN-26 00:00:00,,,,G,KCRM,210.0,THR099,HR,12-MAY-26 08:00:07
4000539612,3,1,738,738,F,KCRM,A,367,300.0,0.0,1250,2.0,THR099,317.21,202621,N,HR99,202623,28-MAY-26 00:00:00,,,,G,KCRM,300.0,THR099,HR,12-MAY-26 08:00:07
4000540917,4,1,738,738,F,SCRM,I,367,240.0,0.0,1230,3.2,T01052,251.18,202623,N,SD88,202625,03-JUN-26 00:00:00,,,,G,SCRM,240.0,T01052,HR,12-MAY-26 08:00:07
4000540917,5,1,738,738,F,SCRM,I,367,280.0,0.0,1170,3.2,T01052,293.04,202623,N,SD88,202625,30-MAY-26 00:00:00,,,,Y,SCRM,280.0,T01052,HR,12-MAY-26 08:00:07
4000540917,6,1,738,738,F,SCRM,I,367,196.0,0.0,1170,3.2,T01052,205.13,202623,N,SD88,202625,03-JUN-26 00:00:00,,,,G,SCRM,196.0,T01052,HR,12-MAY-26 08:00:07
4000540917,7,1,738,738,F,SCRM,I,367,300.0,0.0,1340,3.2,T01052,313.97,202623,N,SD88,202625,03-JUN-26 00:00:00,,,,G,SCRM,300.0,T01052,HR,12-MAY-26 08:00:07
4000540917,8,1,738,738,F,SCRM,I,367,30.0,0.0,1340,3.2,T01052,31.4,202623,N,SD88,202625,03-JUN-26 00:00:00,,,,G,SCRM,30.0,T01052,HR,12-MAY-26 08:00:07
4000540914,1,1,738,738,F,HR_DOM,C,367,60.0,0.0,1230,4.0,THB046,72.4,202625,N,HB46,202626,03-JUN-26 00:00:00,,,,G,HR_DOM,60.0,THB046,HR,12-MAY-26 08:00:07
4000540914,2,1,738,738,F,HR_DOM,A,367,26.0,0.0,1325,3.4,THA054,28.99,202624,N,HA54,202626,03-JUN-26 00:00:00,,,,G,HR_DOM,26.0,THA054,HR,12-MAY-26 08:00:07
4000540914,3,1,738,738,F,HR_DOM,L,367,30.0,0.0,1390,4.5,THB047,32.39,202623,N,HB47,202624,05-JUN-26 00:00:00,,,,G,HR_DOM,30.0,THB047,HR,12-MAY-26 08:00:07
4000540914,4,1,738,738,F,HR_DOM,A,367,140.0,0.0,1325,3.5,THA054,156.08,202624,N,HA54,202626,03-JUN-26 00:00:00,,,,G,HR_DOM,140.0,THA054,HR,12-MAY-26 08:00:07
4000540916,1,1,738,738,F,SCRM,L,367,60.0,0.0,1250,3.2,THA023,76.92,202622,N,HA10,202623,27-MAY-26 00:00:00,,,,G,SCRM,60.0,THA023,HR,12-MAY-26 08:00:07
4000540916,2,1,738,738,F,SCRM,L,367,93.0,0.0,1290,3.0,THA023,119.23,202622,N,HA10,202623,30-MAY-26 00:00:00,,,,Y,SCRM,93.0,THA023,HR,12-MAY-26 08:00:07
4000540916,3,1,738,738,F,SCRM,L,367,30.0,0.0,1250,3.6,THA023,38.46,202622,N,HA10,202623,27-MAY-26 00:00:00,,,,G,SCRM,30.0,THA023,HR,12-MAY-26 08:00:07
9519760168,1,1,738,738,O,HR_DOM,A,367,34.0,0.0,1500,5.0,I17021,35.95,202624,N,HR08,202625,03-JUN-26 00:00:00,,,,I,HR_DOM,34.0,I17021,HR,12-MAY-26 08:00:07
4000540815,1,1,738,738,F,SCRM,H,367,155.0,0.0,1300,3.2,BSL039,158.97,202624,N,BS39,202625,05-JUN-26 00:00:00,,,,G,SCRM,155.0,BSL039,HR,12-MAY-26 08:00:07
4000540816,1,1,738,738,F,SCRM,L,367,60.0,0.0,1250,3.6,THA023,76.92,202622,N,HA10,202623,27-MAY-26 00:00:00,,,,G,SCRM,60.0,THA023,HR,12-MAY-26 08:00:07
4000540523,4,1,738,738,F,ACRM_SLIT,L,B69,294.0,0.0,925,2.5,T01576,304.58,202622,N,HG02,202624,03-JUN-26 00:00:00,,,,R,ACRM_SLIT,294.0,T01576,HR,12-MAY-26 08:00:07
4000540523,1,1,738,738,F,ACRM_SLIT,L,B69,294.0,0.0,925,2.0,T01576,304.58,202622,N,HG02,202624,03-JUN-26 00:00:00,,,,R,ACRM_SLIT,294.0,T01576,HR,12-MAY-26 08:00:07
4000540523,2,1,738,738,F,ACRM_SLIT,L,B69,126.0,0.0,925,2.0,T01576,130.54,202622,N,HG02,202624,03-JUN-26 00:00:00,,,,R,ACRM_SLIT,126.0,T01576,HR,12-MAY-26 08:00:07
4000540523,3,1,738,738,F,ACRM_SLIT,L,B69,294.0,0.0,925,2.25,T01576,304.58,202622,N,HG02,202624,03-JUN-26 00:00:00,,,,R,ACRM_SLIT,294.0,T01576,HR,12-MAY-26 08:00:07
9519750888,1,1,738,738,O,HR_DOM,T,367,594.0,0.0,1390,6.4,BSL061,609.23,202621,N,BS61,202623,26-MAY-26 00:00:00,,,,R,HR_DOM,594.0,BSL061,HR,12-MAY-26 08:00:07
4000540206,1,1,738,738,F,KCRM,A,367,99.999,0.0,1250,5.0,THA042,103.6,202622,N,HB42,202624,27-MAY-26 00:00:00,,, ,R,KCRM,99.999,THA042,HR,12-MAY-26 08:00:07
4000540206,2,1,738,738,F,KCRM,A,367,149.999,0.0,1250,6.0,THA042,155.4,202622,N,HB42,202624,27-MAY-26 00:00:00,,, ,R,KCRM,149.999,THA042,HR,12-MAY-26 08:00:07
9519760168,2,1,738,738,O,HR_DOM,A,367,34.0,0.0,1500,8.0,I17021,35.95,202624,N,HR08,202625,03-JUN-26 00:00:00,,,,I,HR_DOM,34.0,I17021,HR,12-MAY-26 08:00:07
4000540913,1,1,738,738,F,HR_DOM,A,367,32.0,0.0,1500,8.0,I17021,33.84,202622,N,HR08,202622,03-JUN-26 00:00:00,,,,G,HR_DOM,32.0,I17021,HR,12-MAY-26 08:00:07
9519772808,1,1,738,743,O,HR_DOM,,B04,270.0,0.0,0,0.0, ,0.0,202621,N,,202625,03-JUN-26 00:00:00,,,,I,HR_DOM,270.0,,HR,12-MAY-26 08:00:07
9519772808,2,1,738,743,O,HR_DOM,,B04,150.0,0.0,0,0.0, ,0.0,202620,N,,202625,31-MAY-26 00:00:00,,,,G,HR_DOM,150.0,,HR,12-MAY-26 08:00:07
4000540569,1,1,738,738,F,TUBE,C,367,124.0,0.0,1280,7.9,THI066,127.18,202625,N,HI66,202626,04-JUN-26 00:00:00,,,,I,TUBE,124.0,THI066,HR,12-MAY-26 08:00:07
4000540678,1,1,738,738,F,KCRM,L,367,297.0,0.0,1400,3.2,T01576,307.69,202622,N,HG02,202624,03-JUN-26 00:00:00,,,,I,KCRM,297.0,T01576,HR,12-MAY-26 08:00:07
4000540250,27,1,738,738,F,SCRM,L,367,60.0,0.0,1270,2.5,THO066,61.54,202622,N,HO66,202623,03-JUN-26 00:00:00,,,,I,SCRM,60.0,THO066,HR,12-MAY-26 08:00:07
4000540250,28,1,738,738,F,SCRM,L,367,60.0,0.0,1270,3.2,THO066,61.54,202622,N,HO66,202623,30-MAY-26 00:00:00,,,,I,SCRM,60.0,THO066,HR,12-MAY-26 08:00:07
9519751127,8,1,738,738,O,HR_DOM,L,368,70.0,0.0,1500,8.0,UNB092,75.53,202621,N,UN92,202624,03-JUN-26 00:00:00,,,,I,HR_DOM,70.0,UNB092,HR,12-MAY-26 08:00:07
9519751127,1,1,738,738,O,HR_DOM,L,691,30.0,0.0,1250,2.0,TIP001,31.4,202621,N,HG34,202624,03-JUN-26 00:00:00,,,,I,HR_DOM,30.0,TIP001,HR,12-MAY-26 08:00:07
9519751127,2,1,738,738,O,HR_DOM,L,368,60.0,0.0,1250,8.0,UNB092,64.74,202621,N,UN92,202624,29-MAY-26 00:00:00,,,,I,HR_DOM,60.0,UNB092,HR,12-MAY-26 08:00:07
9519751127,3,1,738,738,O,HR_DOM,A,368,70.0,0.0,1500,16.0,UNB094,77.12,202621,N,UN94,202624,03-JUN-26 00:00:00,,,,I,HR_DOM,70.0,UNB094,HR,12-MAY-26 08:00:07
9519751127,4,1,738,738,O,HR_DOM,A,368,70.0,0.0,1500,20.0,UNB094,77.12,202621,N,UN94,202624,03-JUN-26 00:00:00,,,,I,HR_DOM,70.0,UNB094,HR,12-MAY-26 08:00:07
9519751127,5,1,738,738,O,HR_DOM,L,368,30.0,0.0,1250,10.0,UNB092,32.37,202621,N,UN92,202624,03-JUN-26 00:00:00,,,,I,HR_DOM,30.0,UNB092,HR,12-MAY-26 08:00:07
9519751127,6,1,738,738,O,HR_DOM,L,368,35.0,0.0,1500,10.0,UNB092,37.76,202621,N,UN92,202624,29-MAY-26 00:00:00,,,,I,HR_DOM,35.0,UNB092,HR,12-MAY-26 08:00:07
9519751127,7,1,738,738,O,HR_DOM,L,368,30.0,0.0,1250,12.0,UNB092,32.37,202621,N,UN92,202624,29-MAY-26 00:00:00,,,,I,HR_DOM,30.0,UNB092,HR,12-MAY-26 08:00:07
4000540602,1,1,738,738,F,SCRM,A,367,30.0,0.0,1265,2.5,THR099,31.72,202622,N,HR99,202623,06-JUN-26 00:00:00,,,,I,SCRM,30.0,THR099,HR,12-MAY-26 08:00:07
4000540602,2,1,738,738,F,SCRM,A,367,60.0,0.0,1265,3.0,THR099,63.44,202622,N,HR99,202623,06-JUN-26 00:00:00,,,,I,SCRM,60.0,THR099,HR,12-MAY-26 08:00:07
4000540602,5,1,738,738,F,SCRM,L,367,30.0,0.0,1250,2.2,THB001,30.77,202622,N,HR01,202623,06-JUN-26 00:00:00,,,,I,SCRM,30.0,THB001,HR,12-MAY-26 08:00:07
4000540602,6,1,738,738,F,SCRM,L,367,30.0,0.0,1250,2.3,THB001,30.77,202622,N,HR01,202623,06-JUN-26 00:00:00,,,,I,SCRM,30.0,THB001,HR,12-MAY-26 08:00:07
9519759462,1,1,738,738,O,HR_DOM,A,367,272.0,0.0,1500,6.0,I17020,303.23,202620,N,HR05,202622,24-MAY-26 00:00:00,,,,R,HR_DOM,272.0,I17020,HR,12-MAY-26 08:00:07
9519759462,2,1,738,738,O,HR_DOM,A,367,102.0,0.0,1500,5.0,I17021,107.85,202620,N,HR08,202622,25-MAY-26 00:00:00,,,,R,HR_DOM,102.0,I17021,HR,12-MAY-26 08:00:07
9519759887,1,1,738,738,O,HR_DOM,L,367,68.0,0.0,1500,11.99,UNB092,71.9,202622,N,UN92,202624,03-JUN-26 00:00:00,,, ,I,HR_DOM,68.0,UNB092,HR,12-MAY-26 08:00:07
9519759887,2,1,738,738,O,HR_DOM,A,367,204.0,0.0,1500,16.0,UNB020,211.34,202622,N,UN20,202624,07-JUN-26 00:00:00,,, ,I,HR_DOM,204.0,UNB020,HR,12-MAY-26 08:00:07
9519759887,3,1,738,738,O,HR_DOM,A,367,170.0,50.49,1500,20.0,UNB020,124.34,202622,N,UN20,202624,31-MAY-26 00:00:00,,, ,I,HR_DOM,170.0,UNB020,HR,12-MAY-26 08:00:07
9519759887,4,1,738,738,O,HR_DOM,A,367,68.0,0.0,1500,19.8,UNB094,73.41,202622,N,UN94,202624,03-JUN-26 00:00:00,,, ,I,HR_DOM,68.0,UNB094,HR,12-MAY-26 08:00:07
9519683060,3,1,738,738,O,HR_DOM,A,367,68.0,24.59,1500,4.0,TIP006,44.97,202620,N,HG42,202621,20-MAY-26 00:00:00,,,,B,HR_DOM,68.0,TIP006,HR,12-MAY-26 08:00:07
9519772808,3,1,738,743,O,HR_DOM,,B04,189.0,0.0,0,0.0, ,0.0,202621,N,,202625,03-JUN-26 00:00:00,,,,I,HR_DOM,189.0,,HR,12-MAY-26 08:00:07
9519769945,4,1,738,743,O,HR_DOM,,B04,290.0,0.0,0,0.0, ,0.0,202626,N,,202628,03-JUN-26 00:00:00,,,,I,HR_DOM,290.0,,HR,12-MAY-26 08:00:07
9519769945,1,1,738,743,O,HR_DOM,,B04,290.0,0.0,0,0.0, ,0.0,202626,N,,202628,03-JUN-26 00:00:00,,,,I,HR_DOM,290.0,,HR,12-MAY-26 08:00:07
9519769945,2,1,738,743,O,HR_DOM,,B04,290.0,0.0,0,0.0, ,0.0,202626,N,,202628,03-JUN-26 00:00:00,,,,I,HR_DOM,290.0,,HR,12-MAY-26 08:00:07
9519769945,3,1,738,743,O,HR_DOM,,B04,290.0,0.0,0,0.0, ,0.0,202626,N,,202628,03-JUN-26 00:00:00,,,,I,HR_DOM,290.0,,HR,12-MAY-26 08:00:07
9519768286,1,1,738,744,O,HR_DOM,,B18,84.0,0.0,0,0.0, ,0.0,202622,N,,202625,03-JUN-26 00:00:00,,,,I,HR_DOM,84.0,,HR,12-MAY-26 08:00:07
9519774448,1,1,738,738,O,HR_DOM,A,367,34.0,0.0,1500,3.0,I17020,37.9,202623,N,HR05,202625,03-JUN-26 00:00:00,,,,I,HR_DOM,34.0,I17020,HR,12-MAY-26 08:00:07
9519774448,2,1,738,738,O,HR_DOM,A,367,68.0,0.0,1500,3.0,I17020,75.81,202624,N,HR05,202626,03-JUN-26 00:00:00,,,,I,HR_DOM,68.0,I17020,HR,12-MAY-26 08:00:07
4000540786,1,1,738,738,F,SCRM_SPC_SLIT,L,367,279.0,260.0,1300,2.0,T01576,22.38,202623,N,HG02,202624,03-JUN-26 00:00:00,,,,I,SCRM_SPC_SLIT,279.0,T01576,HR,12-MAY-26 08:00:07
4000540786,2,1,738,738,F,SCRM_SPC_SLIT,L,367,279.0,259.08,1300,2.0,T01576,22.13,202623,N,HG02,202624,03-JUN-26 00:00:00,,,,I,SCRM_SPC_SLIT,279.0,T01576,HR,12-MAY-26 08:00:07
4000540787,1,1,738,738,F,SCRM_SPC_SLIT,L,367,217.0,201.25,1300,2.0,T01576,17.21,202623,N,HG02,202624,03-JUN-26 00:00:00,,,,I,SCRM_SPC_SLIT,217.0,T01576,HR,12-MAY-26 08:00:07
4000540787,2,1,738,738,F,SCRM_SPC_SLIT,L,367,217.0,144.13,1300,2.2,T01576,72.87,202623,N,HG02,202624,03-JUN-26 00:00:00,,,,I,SCRM_SPC_SLIT,217.0,T01576,HR,12-MAY-26 08:00:07
4000540787,3,1,738,738,F,SCRM_SPC_SLIT,L,367,279.0,57.71,1300,2.5,T01576,229.26,202623,N,HG02,202624,03-JUN-26 00:00:00,,,,I,SCRM_SPC_SLIT,279.0,T01576,HR,12-MAY-26 08:00:07
4000540787,4,1,738,738,F,SCRM_SPC_SLIT,L,367,124.0,0.0,1300,2.8,T01576,128.46,202623,N,HG02,202624,03-JUN-26 00:00:00,,,,I,SCRM_SPC_SLIT,124.0,T01576,HR,12-MAY-26 08:00:07
4000540602,7,1,738,738,F,SCRM,L,367,34.0,0.0,1500,2.5,THB001,34.87,202622,N,HR01,202623,05-JUN-26 00:00:00,,,,I,SCRM,34.0,THB001,HR,12-MAY-26 08:00:07
4000540602,8,1,738,738,F,SCRM,L,367,62.0,0.0,1300,2.95,TIP001,63.59,202622,N,HG34,202623,30-MAY-26 00:00:00,,,,I,SCRM,62.0,TIP001,HR,12-MAY-26 08:00:07
4000540602,9,1,738,738,F,SCRM,L,367,30.0,0.0,1250,3.0,THB001,30.77,202622,N,HR01,202623,06-JUN-26 00:00:00,,,,I,SCRM,30.0,THB001,HR,12-MAY-26 08:00:07
4000540602,15,1,738,738,F,SCRM,L,367,62.0,0.0,1290,3.6,THO066,63.59,202622,N,HO66,202623,06-JUN-26 00:00:00,,,,I,SCRM,62.0,THO066,HR,12-MAY-26 08:00:07
4000540602,10,1,738,738,F,SCRM,L,367,30.0,0.0,1250,3.2,THB001,30.77,202622,N,HR01,202623,06-JUN-26 00:00:00,,,,I,SCRM,30.0,THB001,HR,12-MAY-26 08:00:07
4000540602,12,1,738,738,F,SCRM,L,367,60.0,0.0,1270,3.6,THO066,61.54,202622,N,HO66,202623,03-JUN-26 00:00:00,,,,I,SCRM,60.0,THO066,HR,12-MAY-26 08:00:07
4000540602,13,1,738,738,F,SCRM,L,367,60.0,0.0,1270,3.6,THO066,61.54,202622,N,HO66,202623,03-JUN-26 00:00:00,,,,I,SCRM,60.0,THO066,HR,12-MAY-26 08:00:07
4000540602,14,1,738,738,F,SCRM,L,367,90.0,0.0,1270,3.6,THO066,92.31,202622,N,HO66,202623,03-JUN-26 00:00:00,,,,I,SCRM,90.0,THO066,HR,12-MAY-26 08:00:07
4000540602,16,1,738,738,F,SCRM,L,367,62.0,0.0,1290,3.6,THO066,63.59,202622,N,HO66,202623,06-JUN-26 00:00:00,,,,I,SCRM,62.0,THO066,HR,12-MAY-26 08:00:07
4000540602,17,1,738,738,F,SCRM,L,367,62.0,0.0,1290,3.6,THO066,63.59,202622,N,HO66,202623,06-JUN-26 00:00:00,,,,I,SCRM,62.0,THO066,HR,12-MAY-26 08:00:07
4000540602,27,1,738,738,F,SCRM,L,367,30.0,0.0,1250,2.8,THB001,30.77,202622,N,HR01,202623,06-JUN-26 00:00:00,,,,I,SCRM,30.0,THB001,HR,12-MAY-26 08:00:07
4000540602,18,1,738,738,F,SCRM,L,367,62.0,0.0,1290,3.6,THO066,63.59,202622,N,HO66,202623,06-JUN-26 00:00:00,,,,I,SCRM,62.0,THO066,HR,12-MAY-26 08:00:07
4000540602,19,1,738,738,F,SCRM,L,367,60.0,0.0,1260,3.6,THO066,61.54,202622,N,HO66,202623,06-JUN-26 00:00:00,,,,I,SCRM,60.0,THO066,HR,12-MAY-26 08:00:07
4000540602,20,1,738,738,F,SCRM,L,367,34.0,0.0,1500,4.5,THB001,34.87,202622,N,HR01,202623,05-JUN-26 00:00:00,,,,I,SCRM,34.0,THB001,HR,12-MAY-26 08:00:07
4000540602,21,1,738,738,F,SCRM,L,367,60.0,0.0,1260,4.5,THO066,61.54,202622,N,HO66,202623,06-JUN-26 00:00:00,,,,I,SCRM,60.0,THO066,HR,12-MAY-26 08:00:07
9519683060,1,1,738,738,O,HR_DOM,A,367,68.0,62.32,1500,2.5,UNB042,0.0,202620,N,UN42,202621,22-MAY-26 00:00:00,,,,B,HR_DOM,68.0,UNB042,HR,12-MAY-26 08:00:07
9519739562,1,1,738,738,O,HR_DOM,L,367,300.0,0.0,1235,2.0,T01576,310.8,202622,N,HG02,202622,03-JUN-26 00:00:00,,,,G,HR_DOM,300.0,T01576,HR,12-MAY-26 08:00:07
9519739562,2,1,738,738,O,HR_DOM,L,367,300.0,0.0,1235,2.0,T01576,310.8,202622,N,HG02,202622,03-JUN-26 00:00:00,,,,G,HR_DOM,300.0,T01576,HR,12-MAY-26 08:00:07
9519739562,3,1,738,738,O,HR_DOM,L,367,300.0,0.0,1235,2.0,T01576,310.8,202622,N,HG02,202622,03-JUN-26 00:00:00,,,,G,HR_DOM,300.0,T01576,HR,12-MAY-26 08:00:07
9519739562,4,1,738,738,O,HR_DOM,L,367,300.0,0.0,1235,2.0,T01576,310.8,202622,N,HG02,202622,03-JUN-26 00:00:00,,,,G,HR_DOM,300.0,T01576,HR,12-MAY-26 08:00:07
9519739562,5,1,738,738,O,HR_DOM,L,367,290.0,0.0,1230,2.2,T01576,300.44,202622,N,HG02,202622,03-JUN-26 00:00:00,,,,G,HR_DOM,290.0,T01576,HR,12-MAY-26 08:00:07
9519739562,6,1,738,738,O,HR_DOM,L,367,290.0,0.0,1230,2.2,T01576,300.44,202622,N,HG02,202622,03-JUN-26 00:00:00,,,,G,HR_DOM,290.0,T01576,HR,12-MAY-26 08:00:07
9519759226,2,1,738,738,O,HR_DOM,L,367,30.0,0.0,1250,2.5,TIP001,30.77,202624,N,HG34,202626,03-JUN-26 00:00:00,,,,I,HR_DOM,30.0,TIP001,HR,12-MAY-26 08:00:07
9519759226,16,1,738,738,O,HR_DOM,A,367,68.0,0.0,1500,4.0,I17020,75.81,202624,N,HR05,202626,03-JUN-26 00:00:00,,,,I,HR_DOM,68.0,I17020,HR,12-MAY-26 08:00:07
9519759226,20,1,738,738,O,HR_DOM,A,367,68.0,0.0,1500,6.0,I17021,71.9,202625,N,HR08,202627,03-JUN-26 00:00:00,,,,I,HR_DOM,68.0,I17021,HR,12-MAY-26 08:00:07
4000540722,8,1,738,738,F,ACRM_SLIT,L,367,300.0,85.84,1255,2.5,T01576,222.76,202625,N,HG02,202626,12-JUN-26 00:00:00,,,,I,ACRM_SLIT,300.0,T01576,HR,12-MAY-26 08:00:07
4000540722,6,1,738,738,F,ACRM_SLIT,L,367,300.0,85.61,1255,2.25,T01576,223.0,202625,N,HG02,202626,12-JUN-26 00:00:00,,,,I,ACRM_SLIT,300.0,T01576,HR,12-MAY-26 08:00:07
9519711786,1,1,738,738,O,HR_DOM,A,367,68.0,53.27,1500,2.5,UNB042,33.71,202623,N,UN42,202625,03-JUN-26 00:00:00,,, ,I,HR_DOM,68.0,UNB042,HR,12-MAY-26 08:00:07
4000540602,22,1,738,738,F,SCRM,L,367,60.0,0.0,1250,3.0,THB001,61.54,202622,N,HR01,202623,06-JUN-26 00:00:00,,,,I,SCRM,60.0,THB001,HR,12-MAY-26 08:00:07
4000540602,24,1,738,738,F,SCRM,L,367,60.0,0.0,1250,2.2,THB001,61.54,202622,N,HR01,202623,06-JUN-26 00:00:00,,,,I,SCRM,60.0,THB001,HR,12-MAY-26 08:00:07
4000540602,11,1,738,738,F,SCRM,L,367,93.0,0.0,1290,3.5,THO066,95.39,202622,N,HO66,202623,06-JUN-26 00:00:00,,,,I,SCRM,93.0,THO066,HR,12-MAY-26 08:00:07
9519732050,2,1,738,738,O,HR_DOM,L,B69,120.0,0.0,1250,2.0,THR085,129.56,202624,N,HR85,202626,03-JUN-26 00:00:00,,,,I,HR_DOM,120.0,THR085,HR,12-MAY-26 08:00:07
9519732050,1,1,738,738,O,HR_DOM,L,B69,120.0,0.0,1250,1.6,THR085,129.56,202624,N,HR85,202626,03-JUN-26 00:00:00,,,,I,HR_DOM,120.0,THR085,HR,12-MAY-26 08:00:07
9519732050,3,1,738,738,O,HR_DOM,L,B69,90.0,0.0,1250,2.5,THR085,97.17,202624,N,HR85,202626,03-JUN-26 00:00:00,,,,I,HR_DOM,90.0,THR085,HR,12-MAY-26 08:00:07
9519732050,6,1,738,738,O,HR_DOM,L,B69,30.0,0.0,1250,4.0,THR085,32.39,202624,N,HR85,202626,03-JUN-26 00:00:00,,,,I,HR_DOM,30.0,THR085,HR,12-MAY-26 08:00:07
9519746678,2,1,738,738,O,HR_DOM,L,691,30.0,0.0,1250,2.0,TIP001,31.4,202625,N,HG34,202628,03-JUN-26 00:00:00,,,,I,HR_DOM,30.0,TIP001,HR,12-MAY-26 08:00:07
9519746678,4,1,738,738,O,HR_DOM,A,368,35.0,0.0,1500,8.0,THG038,36.63,202625,N,HG38,202628,10-JUN-26 00:00:00,,,,I,HR_DOM,35.0,THG038,HR,12-MAY-26 08:00:07
9519746678,5,1,738,738,O,HR_DOM,A,368,35.0,0.0,1500,10.0,THG038,36.63,202625,N,HG38,202628,10-JUN-26 00:00:00,,,,I,HR_DOM,35.0,THG038,HR,12-MAY-26 08:00:07
9519746678,6,1,738,738,O,HR_DOM,A,368,35.0,0.0,1500,11.9,THG038,36.63,202625,N,HG38,202628,10-JUN-26 00:00:00,,,,I,HR_DOM,35.0,THG038,HR,12-MAY-26 08:00:07
9519722198,2,1,738,738,O,HR_DOM,L,691,30.0,0.0,1250,2.0,TIP001,31.4,202625,N,HG34,202627,03-JUN-26 00:00:00,,,,I,HR_DOM,30.0,TIP001,HR,12-MAY-26 08:00:07
4000539935,7,1,738,738,F,KCRM,L,367,272.0,0.0,1440,2.0,T01576,281.79,202621,N,HG02,202623,28-MAY-26 00:00:00,,,,G,KCRM,272.0,T01576,HR,12-MAY-26 08:00:07
4000539935,4,1,738,738,F,KCRM,L,367,272.0,0.0,1440,2.0,T01576,281.79,202621,N,HG02,202623,29-MAY-26 00:00:00,,,,G,KCRM,272.0,T01576,HR,12-MAY-26 08:00:07
4000539935,5,1,738,738,F,KCRM,L,367,272.0,0.0,1440,2.0,T01576,281.79,202621,N,HG02,202623,29-MAY-26 00:00:00,,,,G,KCRM,272.0,T01576,HR,12-MAY-26 08:00:07
4000539935,1,1,738,738,F,KCRM,L,367,272.0,0.0,1440,2.0,T01576,281.79,202621,N,HG02,202623,29-MAY-26 00:00:00,,,,G,KCRM,272.0,T01576,HR,12-MAY-26 08:00:07
4000539935,2,1,738,738,F,KCRM,L,367,272.0,0.0,1440,2.0,T01576,281.79,202621,N,HG02,202623,02-JUN-26 00:00:00,,,,G,KCRM,272.0,T01576,HR,12-MAY-26 08:00:07
4000539935,3,1,738,738,F,KCRM,L,367,272.0,0.0,1440,2.0,T01576,281.79,202621,N,HG02,202623,02-JUN-26 00:00:00,,,,G,KCRM,272.0,T01576,HR,12-MAY-26 08:00:07
4000539935,6,1,738,738,F,KCRM,L,367,272.0,0.0,1440,2.0,T01576,281.79,202621,N,HG02,202623,29-MAY-26 00:00:00,,,,G,KCRM,272.0,T01576,HR,12-MAY-26 08:00:07
4000539980,1,1,738,738,F,KCRM,L,367,272.0,0.0,1550,2.0,T01576,281.79,202622,N,HG02,202624,06-JUN-26 00:00:00,,,,I,KCRM,272.0,T01576,HR,12-MAY-26 08:00:07
4000540162,1,1,738,738,F,KCRM,L,367,272.0,0.0,1550,2.2,T01576,281.79,202622,N,HG02,202624,06-JUN-26 00:00:00,,,,I,KCRM,272.0,T01576,HR,12-MAY-26 08:00:07
4000539963,1,1,738,738,F,TUBE,L,367,270.0,0.0,1250,2.5,I09496,276.92,202625,N,TU01,202626,09-JUN-26 00:00:00,,,,I,TUBE,270.0,I09496,HR,12-MAY-26 08:00:07
4000539860,1,1,738,738,F,TUBE,R,367,30.0,0.0,1250,4.6,THU038,30.77,202621,N,HU38,202622,03-JUN-26 00:00:00,,,,R,TUBE,30.0,THU038,HR,12-MAY-26 08:00:07
4000539989,1,1,738,738,F,KCRM,L,367,300.0,0.0,1235,2.0,T01576,310.8,202622,N,HG02,202624,06-JUN-26 00:00:00,,,,I,KCRM,300.0,T01576,HR,12-MAY-26 08:00:07
9519739562,7,1,738,738,O,HR_DOM,L,367,290.0,0.0,1230,2.2,T01576,300.44,202622,N,HG02,202622,03-JUN-26 00:00:00,,,,G,HR_DOM,290.0,T01576,HR,12-MAY-26 08:00:07
9519739562,8,1,738,738,O,HR_DOM,L,367,290.0,0.0,1230,2.2,T01576,300.44,202622,N,HG02,202622,02-JUN-26 00:00:00,,,,G,HR_DOM,290.0,T01576,HR,12-MAY-26 08:00:07
9519739562,11,1,738,738,O,HR_DOM,L,367,232.0,0.0,1230,2.5,T01576,240.35,202623,N,HG02,202623,03-JUN-26 00:00:00,,,,I,HR_DOM,232.0,T01576,HR,12-MAY-26 08:00:07
9519739562,12,1,738,738,O,HR_DOM,L,367,29.0,0.0,1230,2.2,T01576,30.04,202622,N,HG02,202622,03-JUN-26 00:00:00,,,,G,HR_DOM,29.0,T01576,HR,12-MAY-26 08:00:07
9519739562,9,1,738,738,O,HR_DOM,L,367,290.0,0.0,1230,2.5,T01576,300.44,202623,N,HG02,202623,03-JUN-26 00:00:00,,,,I,HR_DOM,290.0,T01576,HR,12-MAY-26 08:00:07
9519739562,10,1,738,738,O,HR_DOM,L,367,290.0,0.0,1230,2.5,T01576,300.44,202623,N,HG02,202623,03-JUN-26 00:00:00,,,,I,HR_DOM,290.0,T01576,HR,12-MAY-26 08:00:07
9519678384,3,1,738,742,O,ACRM CRCA CRS,L,C01,46.0,0.0,1025,3.2,T01320,52.9,202623,N,SH08,202628,03-JUN-26 00:00:00,,,,I,ACRM CRCA CRS,46.0,T01320,HR,12-MAY-26 08:00:07
9519678384,4,1,738,742,O,ACRM CRCA CRS,L,C01,46.0,0.0,1025,2.8,T01320,52.9,202623,N,SH08,202628,03-JUN-26 00:00:00,,,,I,ACRM CRCA CRS,46.0,T01320,HR,12-MAY-26 08:00:07
9519678384,5,1,738,742,O,ACRM CRCA SPM,L,C01,58.0,0.0,1250,2.8,T01320,66.7,202620,N,SH08,202624,03-JUN-26 00:00:00,,,,I,ACRM CRCA SPM,58.0,T01320,HR,12-MAY-26 08:00:07
9519741817,1,1,738,738,O,HR_DOM,A,367,34.0,0.0,1500,16.0,UNB020,35.22,202622,N,UN20,202623,05-JUN-26 00:00:00,,, ,I,HR_DOM,34.0,UNB020,HR,12-MAY-26 08:00:07
9519683070,9,1,738,738,O,HR_DOM,A,367,34.0,0.0,1500,16.0,UNB020,35.22,202621,N,UN20,202622,23-MAY-26 00:00:00,,,,R,HR_DOM,34.0,UNB020,HR,12-MAY-26 08:00:07
9519758851,1,1,738,743,O,ACRM GP#3 WIDER HARD,L,C05,93.0,0.0,1365,2.25,S02149,106.95,202624,N,SF93,202628,07-JUN-26 00:00:00,,,,I,ACRM GP#3 WIDER HARD,93.0,S02149,HR,12-MAY-26 08:00:07
9519758851,4,1,738,743,O,ACRM GP#3 WIDER HARD,L,C05,62.0,0.0,1365,2.5,S02149,71.3,202628,N,SF93,202632,10-JUN-26 00:00:00,,,,I,ACRM GP#3 WIDER HARD,62.0,S02149,HR,12-MAY-26 08:00:07
9519758851,5,1,738,743,O,ACRM GP#3 WIDER HARD,L,C05,62.0,0.0,1365,2.25,S02149,71.3,202628,N,SF93,202632,10-JUN-26 00:00:00,,,,I,ACRM GP#3 WIDER HARD,62.0,S02149,HR,12-MAY-26 08:00:07
4000540722,5,1,738,738,F,ACRM_SLIT,L,367,300.0,258.41,1255,2.25,T01576,43.68,202625,N,HG02,202626,13-JUN-26 00:00:00,,,,I,ACRM_SLIT,300.0,T01576,HR,12-MAY-26 08:00:07
4000540722,7,1,738,738,F,ACRM_SLIT,L,367,300.0,256.87,1255,2.5,T01576,44.68,202625,N,HG02,202626,13-JUN-26 00:00:00,,,,I,ACRM_SLIT,300.0,T01576,HR,12-MAY-26 08:00:07
9519731945,2,1,738,738,O,HR_DOM,L,B69,120.0,27.96,1250,2.0,TIP001,94.4,202624,N,HG34,202626,03-JUN-26 00:00:00,,,,I,HR_DOM,120.0,TIP001,HR,12-MAY-26 08:00:07
9519731945,1,1,738,738,O,HR_DOM,L,B69,120.0,0.0,1250,1.6,TIP001,123.08,202624,N,HG34,202626,03-JUN-26 00:00:00,,,,I,HR_DOM,120.0,TIP001,HR,12-MAY-26 08:00:07
9519762500,1,1,738,743,O,ACRM GP#2 NON TBSPL,L,B03,140.0,0.0,1235,2.2,S02149,161.0,202621,N,SF93,202625,03-JUN-26 00:00:00,,,,I,ACRM GP#2 NON TBSPL,140.0,S02149,HR,12-MAY-26 08:00:07
9519762500,2,1,738,743,O,ACRM GP#2 NON TBSPL,L,B03,168.0,0.0,1235,2.2,S02149,193.2,202621,N,SF93,202625,03-JUN-26 00:00:00,,,,I,ACRM GP#2 NON TBSPL,168.0,S02149,HR,12-MAY-26 08:00:07
9519726193,1,1,738,738,O,HR_DOM,A,368,35.0,0.0,1500,6.0,I17020,39.82,202624,N,HR05,202626,09-JUN-26 00:00:00,,,,I,HR_DOM,35.0,I17020,HR,12-MAY-26 08:00:07
9519751382,1,1,738,738,O,HR_DOM,L,B69,150.0,0.0,1250,1.6,TIP001,153.85,202621,N,HG34,202624,29-MAY-26 00:00:00,,,,I,HR_DOM,150.0,TIP001,HR,12-MAY-26 08:00:07
9519751382,2,1,738,738,O,HR_DOM,L,B69,150.0,56.12,1250,2.0,TIP001,96.29,202621,N,HG34,202624,29-MAY-26 00:00:00,,,,I,HR_DOM,150.0,TIP001,HR,12-MAY-26 08:00:07
9519689559,7,1,738,738,O,HR_DOM,L,367,30.0,0.0,1250,5.0,TIP001,30.77,202628,N,HG34,202629,14-JUN-26 00:00:00,,,,I,HR_DOM,30.0,TIP001,HR,12-MAY-26 08:00:07
9519763241,1,1,738,738,O,HR_DOM,L,367,280.0,0.0,1465,3.27,TIP001,287.18,202624,N,HG34,202625,10-JUN-26 00:00:00,,,,I,HR_DOM,280.0,TIP001,HR,12-MAY-26 08:00:07
9519763241,2,1,738,738,O,HR_DOM,L,367,210.0,0.0,1465,3.27,TIP001,215.39,202624,N,HG34,202625,10-JUN-26 00:00:00,,,,I,HR_DOM,210.0,TIP001,HR,12-MAY-26 08:00:07
9519674976,1,1,738,738,O,HR_DOM,L,B69,90.0,0.0,1250,2.0,THR085,97.17,202623,N,HR85,202625,03-JUN-26 00:00:00,,,,I,HR_DOM,90.0,THR085,HR,12-MAY-26 08:00:07
9519674976,2,1,738,738,O,HR_DOM,L,B69,105.0,0.0,1500,2.0,THR085,113.36,202623,N,HR85,202625,03-JUN-26 00:00:00,,,,I,HR_DOM,105.0,THR085,HR,12-MAY-26 08:00:07
9519716161,5,1,738,742,O,ACRM CRCA CRS,L,C01,52.0,0.0,1135,2.8,T01320,59.8,202623,N,SH08,202628,03-JUN-26 00:00:00,,,,I,ACRM CRCA CRS,52.0,T01320,HR,12-MAY-26 08:00:07
9519733942,5,1,738,738,O,HR_DOM,R,367,60.0,0.0,1250,3.15,THU038,61.54,202622,N,HU38,202623,31-MAY-26 00:00:00,,,,I,HR_DOM,60.0,THU038,HR,12-MAY-26 08:00:07
9519733942,6,1,738,738,O,HR_DOM,R,367,60.0,0.0,1250,4.0,THU038,61.54,202622,N,HU38,202623,06-JUN-26 00:00:00,,,,I,HR_DOM,60.0,THU038,HR,12-MAY-26 08:00:07
9519733942,7,1,738,738,O,HR_DOM,R,367,60.0,0.0,1250,5.0,THU037,68.38,202622,N,HU37,202623,06-JUN-26 00:00:00,,,,I,HR_DOM,60.0,THU037,HR,12-MAY-26 08:00:07
9519759631,1,1,738,738,O,HR_DOM,P,367,60.0,0.0,1250,2.0,BSL017,61.54,202621,N,BS17,202623,01-JUN-26 00:00:00,,, ,G,HR_DOM,60.0,BSL017,HR,12-MAY-26 08:00:07
9519759631,2,1,738,738,O,HR_DOM,P,367,150.0,0.0,1250,2.9,BSL017,153.85,202621,N,BS17,202622,26-MAY-26 00:00:00,,,,R,HR_DOM,150.0,BSL017,HR,12-MAY-26 08:00:07
9519759602,2,1,738,738,O,HR_DOM,S,367,272.0,0.0,1515,2.5,BSL074,278.97,202625,N,BS74,202626,13-JUN-26 00:00:00,,,,I,HR_DOM,272.0,BSL074,HR,12-MAY-26 08:00:07
9519759602,1,1,738,738,O,HR_DOM,S,367,272.0,0.0,1515,2.5,BSL074,278.97,202625,N,BS74,202626,13-JUN-26 00:00:00,,,,I,HR_DOM,272.0,BSL074,HR,12-MAY-26 08:00:07
9519759602,3,1,738,738,O,HR_DOM,S,367,272.0,0.0,1515,2.5,BSL074,278.97,202625,N,BS74,202626,13-JUN-26 00:00:00,,,,I,HR_DOM,272.0,BSL074,HR,12-MAY-26 08:00:07
9519760155,1,1,738,738,O,HR_DOM,L,367,90.0,0.0,1250,1.8,TIP001,92.31,202622,N,HG34,202624,03-JUN-26 00:00:00,,, ,I,HR_DOM,90.0,TIP001,HR,12-MAY-26 08:00:07
9519760155,4,1,738,738,O,HR_DOM,L,367,60.0,0.0,1250,2.2,TIP001,61.54,202622,N,HG34,202624,03-JUN-26 00:00:00,,, ,I,HR_DOM,60.0,TIP001,HR,12-MAY-26 08:00:07
9519760155,5,1,738,738,O,HR_DOM,L,367,150.0,0.0,1250,2.5,TIP001,153.85,202622,N,HG34,202624,31-MAY-26 00:00:00,,, ,I,HR_DOM,150.0,TIP001,HR,12-MAY-26 08:00:07
9519760155,6,1,738,738,O,HR_DOM,L,367,60.0,0.0,1250,2.8,TIP001,61.54,202622,N,HG34,202624,03-JUN-26 00:00:00,,, ,I,HR_DOM,60.0,TIP001,HR,12-MAY-26 08:00:07
9519760155,7,1,738,738,O,HR_DOM,L,367,90.0,0.0,1250,3.0,TIP001,92.31,202622,N,HG34,202624,03-JUN-26 00:00:00,,, ,I,HR_DOM,90.0,TIP001,HR,12-MAY-26 08:00:07
4000535777,1,1,738,738,F,HR_DOM,A,367,245.0,0.0,1465,9.6,THB029,256.41,202624,N,HB29,202625,05-JUN-26 00:00:00,,,,I,HR_DOM,245.0,THB029,HR,12-MAY-26 08:00:07
9519752987,1,1,738,743,F,HR_DOM,,C02,112.0,0.0,0,0.0, ,0.0,202622,N,,202626,04-JUN-26 00:00:00,,,,I,HR_DOM,112.0,,HR,12-MAY-26 08:00:07
9519752987,2,1,738,743,F,HR_DOM,,C02,56.0,0.0,0,0.0, ,0.0,202622,N,,202626,05-JUN-26 00:00:00,,,,I,HR_DOM,56.0,,HR,12-MAY-26 08:00:07
9519752987,3,1,738,743,F,HR_DOM,,C02,28.0,0.0,0,0.0, ,0.0,202622,N,,202626,06-JUN-26 00:00:00,,,,I,HR_DOM,28.0,,HR,12-MAY-26 08:00:07
4000540533,1,1,738,738,F,TUBE,L,367,279.0,0.0,1300,3.7,I09497,289.04,202625,N,HG01,202626,09-JUN-26 00:00:00,,,,I,TUBE,279.0,I09497,HR,12-MAY-26 08:00:07
4000540533,2,1,738,738,F,TUBE,L,367,279.0,0.0,1300,3.7,I09497,289.04,202625,N,HG01,202626,09-JUN-26 00:00:00,,,,I,TUBE,279.0,I09497,HR,12-MAY-26 08:00:07
9519763098,1,1,738,743,O,ACRM GP#2 BGL,L,B04,290.0,199.47,1265,2.8,TSF093,333.5,202624,N,SH93,202628,03-JUN-26 00:00:00,,,,I,ACRM GP#2 BGL,290.0,TSF093,HR,12-MAY-26 08:00:07
9519763098,2,1,738,743,O,ACRM GP#2 BGL,L,B04,290.0,0.0,1265,2.8,TSF093,333.5,202624,N,SH93,202628,03-JUN-26 00:00:00,,,,I,ACRM GP#2 BGL,290.0,TSF093,HR,12-MAY-26 08:00:07
9519763098,3,1,738,743,O,ACRM GP#2 BGL,L,B04,290.0,28.54,1265,2.8,TSF093,333.5,202624,N,SH93,202628,03-JUN-26 00:00:00,,,,I,ACRM GP#2 BGL,290.0,TSF093,HR,12-MAY-26 08:00:07
9519763098,4,1,738,743,O,ACRM GP#2 BGL,L,B04,290.0,200.15,1265,2.8,TSF093,333.5,202624,N,SH93,202628,03-JUN-26 00:00:00,,,,I,ACRM GP#2 BGL,290.0,TSF093,HR,12-MAY-26 08:00:07
4000540895,1,1,738,738,F,K_TUBE,L,367,120.0,0.0,1250,1.95,T01579,123.08,202624,N,TU02,202626,03-JUN-26 00:00:00,,,,I,K_TUBE,120.0,T01579,HR,12-MAY-26 08:00:07
4000540895,3,1,738,738,F,K_TUBE,L,367,270.0,0.0,1250,2.0,T01579,276.92,202624,N,TU02,202626,03-JUN-26 00:00:00,,,,I,K_TUBE,270.0,T01579,HR,12-MAY-26 08:00:07
4000540895,5,1,738,738,F,K_TUBE,L,367,210.0,0.0,1250,2.8,T01579,215.39,202624,N,TU02,202626,03-JUN-26 00:00:00,,,,I,K_TUBE,210.0,T01579,HR,12-MAY-26 08:00:07
9519674976,3,1,738,738,O,HR_DOM,L,B69,90.0,57.17,1250,2.5,THR085,35.44,202623,N,HR85,202625,03-JUN-26 00:00:00,,,,I,HR_DOM,90.0,THR085,HR,12-MAY-26 08:00:07
4000540648,1,1,738,738,F,HR_DOM,L,367,60.0,0.0,1275,3.2,THB047,64.78,202622,N,HB47,202623,22-MAY-26 00:00:00,,,,B,HR_DOM,60.0,THB047,HR,12-MAY-26 08:00:07
4000540648,2,1,738,738,F,HR_DOM,L,367,224.0,26.27,1230,3.9,THB047,214.89,202622,N,HB47,202623,27-MAY-26 00:00:00,,,,R,HR_DOM,224.0,THB047,HR,12-MAY-26 08:00:07
4000540648,3,1,738,738,F,HR_DOM,L,367,180.0,0.0,1390,4.5,THB047,194.33,202622,N,HB47,202623,05-JUN-26 00:00:00,,,,G,HR_DOM,180.0,THB047,HR,12-MAY-26 08:00:07
4000540648,4,1,738,738,F,HR_DOM,L,367,60.0,26.22,1230,3.7,THB047,37.89,202622,N,HB47,202623,29-MAY-26 00:00:00,,,,Y,HR_DOM,60.0,THB047,HR,12-MAY-26 08:00:07
4000540648,5,1,738,738,F,HR_DOM,L,367,150.0,0.0,1365,4.5,THB047,161.94,202622,N,HB47,202623,26-MAY-26 00:00:00,,,,Y,HR_DOM,150.0,THB047,HR,12-MAY-26 08:00:07
9519760155,8,1,738,738,O,HR_DOM,L,367,90.0,0.0,1250,3.8,TIP001,92.31,202622,N,HG34,202624,03-JUN-26 00:00:00,,, ,I,HR_DOM,90.0,TIP001,HR,12-MAY-26 08:00:07
9519760155,9,1,738,738,O,HR_DOM,L,367,90.0,0.0,1250,4.0,TIP001,92.31,202622,N,HG34,202624,03-JUN-26 00:00:00,,, ,I,HR_DOM,90.0,TIP001,HR,12-MAY-26 08:00:07
9519760155,10,1,738,738,O,HR_DOM,L,367,90.0,0.0,1250,5.0,I09508,93.24,202622,N,HG22,202624,03-JUN-26 00:00:00,,, ,I,HR_DOM,90.0,I09508,HR,12-MAY-26 08:00:07
9519760155,11,1,738,738,O,HR_DOM,L,367,90.0,53.4,1250,5.5,I09508,65.58,202622,N,HG22,202624,03-JUN-26 00:00:00,,, ,I,HR_DOM,90.0,I09508,HR,12-MAY-26 08:00:07
9519760187,1,1,738,738,O,HR_DOM,P,367,30.0,0.0,1250,2.5,I17022,30.77,202622,N,HR07,202623,06-JUN-26 00:00:00,,, ,I,HR_DOM,30.0,I17022,HR,12-MAY-26 08:00:07
9519760187,2,1,738,738,O,HR_DOM,P,367,30.0,0.0,1250,3.0,I17022,30.77,202622,N,HR07,202623,06-JUN-26 00:00:00,,, ,I,HR_DOM,30.0,I17022,HR,12-MAY-26 08:00:07
9519703636,1,1,738,742,O,ACRM CRCA CRS,L,C01,87.0,0.0,1250,2.5,T01320,100.05,202628,N,SH08,202632,05-JUN-26 00:00:00,,,,I,ACRM CRCA CRS,87.0,T01320,HR,12-MAY-26 08:00:07
9519687938,11,1,738,742,O,ACRM CRCA CRS,L,C01,46.0,0.0,1025,2.8,T01320,52.9,202623,N,SH08,202628,03-JUN-26 00:00:00,,,,I,ACRM CRCA CRS,46.0,T01320,HR,12-MAY-26 08:00:07
9519687938,13,1,738,742,O,ACRM CRCA CRS,L,C01,63.0,0.0,935,2.8,T01320,72.45,202623,N,SH08,202628,03-JUN-26 00:00:00,,,,I,ACRM CRCA CRS,63.0,T01320,HR,12-MAY-26 08:00:07
9519687938,14,1,738,742,O,ACRM CRCA CRS,L,C01,42.0,0.0,1025,2.8,T01320,48.3,202623,N,SH08,202628,03-JUN-26 00:00:00,,,,I,ACRM CRCA CRS,42.0,T01320,HR,12-MAY-26 08:00:07
9519687938,15,1,738,742,O,ACRM CRCA CRS,L,C01,46.0,0.0,1025,2.8,T01320,52.9,202623,N,SH08,202628,03-JUN-26 00:00:00,,,,I,ACRM CRCA CRS,46.0,T01320,HR,12-MAY-26 08:00:07
9519687938,16,1,738,742,O,ACRM CRCA CRS,L,C01,42.0,0.0,935,3.2,T01320,48.3,202623,N,SH08,202628,03-JUN-26 00:00:00,,,,I,ACRM CRCA CRS,42.0,T01320,HR,12-MAY-26 08:00:07
9519687938,17,1,738,742,O,ACRM CRCA CRS,L,C01,69.0,0.0,1025,3.2,T01320,79.35,202623,N,SH08,202628,03-JUN-26 00:00:00,,,,I,ACRM CRCA CRS,69.0,T01320,HR,12-MAY-26 08:00:07
9519687938,19,1,738,742,O,ACRM CRCA CRS,L,C01,42.0,0.0,935,3.2,T01320,48.3,202623,N,SH08,202628,03-JUN-26 00:00:00,,,,I,ACRM CRCA CRS,42.0,T01320,HR,12-MAY-26 08:00:07
4000539728,4,1,738,738,F,K_TUBE,C,367,60.0,24.27,1250,3.6,BSL094,36.65,202621,N,BS94,202623,23-MAY-26 00:00:00,,,,R,K_TUBE,60.0,BSL094,HR,12-MAY-26 08:00:07
9519751329,1,1,738,738,O,HR_DOM,A,367,68.0,0.0,1500,6.0,TIP006,70.45,202621,N,HG42,202622,02-JUN-26 00:00:00,,,,G,HR_DOM,68.0,TIP006,HR,12-MAY-26 08:00:07
9519753169,2,1,738,738,O,HR_DOM,L,367,68.0,0.0,1500,3.0,TIP001,69.74,202622,N,HG34,202624,07-JUN-26 00:00:00,,,,I,HR_DOM,68.0,TIP001,HR,12-MAY-26 08:00:07
9519753169,3,1,738,738,O,HR_DOM,L,367,68.0,0.0,1500,4.0,TIP001,69.74,202622,N,HG34,202624,07-JUN-26 00:00:00,,,,I,HR_DOM,68.0,TIP001,HR,12-MAY-26 08:00:07
4000539869,1,1,738,738,F,HR_DOM,C,367,30.0,0.0,1230,3.2,THB046,36.2,202623,N,HB46,202624,03-JUN-26 00:00:00,,,,G,HR_DOM,30.0,THB046,HR,12-MAY-26 08:00:07
4000539934,2,1,738,738,F,K_LDP,A,367,272.0,150.62,1525,7.4,THG038,124.49,202621,N,HG38,202623,29-MAY-26 00:00:00,,,,G,K_LDP,272.0,THG038,HR,12-MAY-26 08:00:07
4000539934,3,1,738,738,F,K_LDP,A,367,136.0,114.9,1525,7.4,THG038,21.64,202621,N,HG38,202623,02-JUN-26 00:00:00,,,,G,K_LDP,136.0,THG038,HR,12-MAY-26 08:00:07
4000539871,1,1,738,738,F,SCRM,I,367,90.0,0.0,1270,3.2,T01052,94.19,202622,N,SD88,202624,31-MAY-26 00:00:00,,,,G,SCRM,90.0,T01052,HR,12-MAY-26 08:00:07
9519763098,5,1,738,743,O,ACRM GP#2 BGL,L,B04,58.0,0.0,1265,2.8,TSF093,66.7,202624,N,SH93,202628,03-JUN-26 00:00:00,,,,I,ACRM GP#2 BGL,58.0,TSF093,HR,12-MAY-26 08:00:07
9519690033,2,1,738,738,O,HR_DOM,L,691,90.0,0.0,1250,2.0,TIP001,94.19,202623,N,HG34,202625,03-JUN-26 00:00:00,,,,I,HR_DOM,90.0,TIP001,HR,12-MAY-26 08:00:07
9519690033,3,1,738,738,O,HR_DOM,L,691,30.0,0.0,1250,2.4,TIP001,31.4,202623,N,HG34,202625,03-JUN-26 00:00:00,,,,I,HR_DOM,30.0,TIP001,HR,12-MAY-26 08:00:07
9519690033,4,1,738,738,O,HR_DOM,L,691,30.0,0.0,1250,4.0,TIP001,31.4,202623,N,HG34,202625,03-JUN-26 00:00:00,,,,I,HR_DOM,30.0,TIP001,HR,12-MAY-26 08:00:07
9519759708,1,1,738,742,O,HR_DOM,,C01,46.0,0.0,0,0.0, ,0.0,202622,N,,202627,03-JUN-26 00:00:00,,,,I,HR_DOM,46.0,,HR,12-MAY-26 08:00:07
9519759861,2,1,738,742,O,HR_DOM,,C01,29.0,0.0,0,0.0, ,0.0,202634,N,,202638,23-AUG-26 00:00:00,,,,I,HR_DOM,29.0,,HR,12-MAY-26 08:00:07
9519759102,1,1,738,743,O,ACRM GP#3 NARROW,L,C02,104.99,0.0,925,2.0,T01576,120.75,202622,N,HG02,202626,03-JUN-26 00:00:00,,, ,I,ACRM GP#3 NARROW,104.99,T01576,HR,12-MAY-26 08:00:07
9519759102,2,1,738,743,O,ACRM GP#3 NARROW,L,C02,105.0,0.0,925,2.0,T01576,120.75,202622,N,HG02,202626,03-JUN-26 00:00:00,,,,I,ACRM GP#3 NARROW,105.0,T01576,HR,12-MAY-26 08:00:07
4000540895,6,1,738,738,F,K_TUBE,L,367,210.0,0.0,1250,2.8,T01579,215.39,202624,N,TU02,202626,03-JUN-26 00:00:00,,,,I,K_TUBE,210.0,T01579,HR,12-MAY-26 08:00:07
4000540895,7,1,738,738,F,K_TUBE,L,367,210.0,0.0,1250,3.0,T01579,215.39,202624,N,TU02,202626,03-JUN-26 00:00:00,,,,I,K_TUBE,210.0,T01579,HR,12-MAY-26 08:00:07
4000540895,8,1,738,738,F,K_TUBE,L,367,210.0,0.0,1250,3.25,T01579,215.39,202624,N,TU02,202626,03-JUN-26 00:00:00,,,,I,K_TUBE,210.0,T01579,HR,12-MAY-26 08:00:07
4000540895,9,1,738,738,F,K_TUBE,L,367,270.0,0.0,1250,3.6,T01579,276.92,202624,N,TU02,202626,03-JUN-26 00:00:00,,,,I,K_TUBE,270.0,T01579,HR,12-MAY-26 08:00:07
4000540895,10,1,738,738,F,K_TUBE,L,367,270.0,0.0,1250,3.6,T01579,276.92,202624,N,TU02,202626,03-JUN-26 00:00:00,,,,I,K_TUBE,270.0,T01579,HR,12-MAY-26 08:00:07
4000540895,12,1,738,738,F,K_TUBE,L,367,270.0,0.0,1250,4.0,T01579,276.92,202624,N,TU02,202626,03-JUN-26 00:00:00,,,,I,K_TUBE,270.0,T01579,HR,12-MAY-26 08:00:07
4000540895,4,1,738,738,F,K_TUBE,L,367,210.0,0.0,1250,2.5,T01579,215.39,202624,N,TU02,202626,03-JUN-26 00:00:00,,,,I,K_TUBE,210.0,T01579,HR,12-MAY-26 08:00:07
4000540895,2,1,738,738,F,K_TUBE,L,367,270.0,0.0,1250,2.0,T01579,276.92,202624,N,TU02,202626,03-JUN-26 00:00:00,,,,I,K_TUBE,270.0,T01579,HR,12-MAY-26 08:00:07
4000540895,11,1,738,738,F,K_TUBE,L,367,270.0,0.0,1250,4.0,T01579,276.92,202624,N,TU02,202626,03-JUN-26 00:00:00,,,,I,K_TUBE,270.0,T01579,HR,12-MAY-26 08:00:07
4000540895,13,1,738,738,F,K_TUBE,L,367,150.0,0.0,1250,4.0,T01579,153.85,202624,N,TU02,202626,03-JUN-26 00:00:00,,,,I,K_TUBE,150.0,T01579,HR,12-MAY-26 08:00:07
4000540895,14,1,738,738,F,K_TUBE,L,367,210.0,0.0,1250,5.0,T01579,215.39,202624,N,TU02,202626,03-JUN-26 00:00:00,,,,I,K_TUBE,210.0,T01579,HR,12-MAY-26 08:00:07
4000539617,4,1,738,738,F,K_LDP,A,367,308.0,0.0,1250,4.6,TTU070,315.9,202620,N,TU70,202622,20-MAY-26 00:00:00,,, ,B,K_LDP,308.0,TTU070,HR,12-MAY-26 08:00:07
4000539617,1,1,738,738,F,K_LDP,A,367,185.0,28.48,1250,3.2,TTU070,160.53,202620,N,TU70,202622,21-MAY-26 00:00:00,,, ,B,K_LDP,185.0,TTU070,HR,12-MAY-26 08:00:07
4000539617,2,1,738,738,F,K_LDP,A,367,308.0,28.01,1250,3.7,TTU070,287.17,202620,N,TU70,202622,20-MAY-26 00:00:00,,, ,B,K_LDP,308.0,TTU070,HR,12-MAY-26 08:00:07
4000539617,3,1,738,738,F,K_LDP,A,367,308.0,0.0,1250,4.6,TTU070,315.9,202620,N,TU70,202622,20-MAY-26 00:00:00,,, ,B,K_LDP,308.0,TTU070,HR,12-MAY-26 08:00:07
4000539617,5,1,738,738,F,K_LDP,A,367,215.0,0.0,1250,4.6,TTU070,220.51,202620,N,TU70,202622,20-MAY-26 00:00:00,,, ,B,K_LDP,215.0,TTU070,HR,12-MAY-26 08:00:07
9519679627,4,1,738,738,O,HR_DOM,L,691,60.0,0.0,1250,2.5,TIP001,62.79,202624,N,HG34,202626,03-JUN-26 00:00:00,,,,I,HR_DOM,60.0,TIP001,HR,12-MAY-26 08:00:07
9519679627,5,1,738,738,O,HR_DOM,L,691,150.0,0.0,1250,3.0,TIP001,156.99,202621,N,HG34,202623,27-MAY-26 00:00:00,,,,I,HR_DOM,150.0,TIP001,HR,12-MAY-26 08:00:07
4000540651,1,1,738,738,F,SCRM,I,367,84.0,0.0,1170,3.2,BSL002,87.91,202623,N,BS02,202625,03-JUN-26 00:00:00,,,,G,SCRM,84.0,BSL002,HR,12-MAY-26 08:00:07
4000540651,2,1,738,738,F,SCRM,I,367,124.0,0.0,1530,3.2,T01052,129.78,202622,N,SD88,202624,03-JUN-26 00:00:00,,,,G,SCRM,124.0,T01052,HR,12-MAY-26 08:00:07
4000540651,3,1,738,738,F,SCRM,I,367,186.0,0.0,1600,3.2,T01052,194.66,202623,N,SD88,202625,30-MAY-26 00:00:00,,,,Y,SCRM,186.0,T01052,HR,12-MAY-26 08:00:07
4000540651,4,1,738,738,F,SCRM,I,367,300.0,0.0,1340,3.2,T01052,313.97,202623,N,SD88,202625,29-MAY-26 00:00:00,,,,Y,SCRM,300.0,T01052,HR,12-MAY-26 08:00:07
4000540651,5,1,738,738,F,SCRM,I,367,300.0,0.0,1340,3.2,T01052,313.97,202623,N,SD88,202625,30-MAY-26 00:00:00,,,,Y,SCRM,300.0,T01052,HR,12-MAY-26 08:00:07
4000540651,6,1,738,738,F,SCRM,I,367,240.0,0.0,1340,3.2,T01052,251.18,202623,N,SD88,202625,03-JUN-26 00:00:00,,,,G,SCRM,240.0,T01052,HR,12-MAY-26 08:00:07
9519764444,1,1,738,743,O,ACRM GP#3 NARROW,L,C02,46.0,0.0,1025,2.0,S02149,52.9,202623,N,SF93,202627,03-JUN-26 00:00:00,,,,I,ACRM GP#3 NARROW,46.0,S02149,HR,12-MAY-26 08:00:07
9519764444,2,1,738,743,O,ACRM GP#3 NARROW,L,C02,42.0,0.0,925,2.0,S02149,48.3,202623,N,SF93,202627,03-JUN-26 00:00:00,,,,I,ACRM GP#3 NARROW,42.0,S02149,HR,12-MAY-26 08:00:07
4000540642,1,1,738,738,F,KCRM,H,367,142.5,0.0,1300,3.5,S02015,146.15,202623,N,SH64,202624,04-JUN-26 00:00:00,,,,G,KCRM,142.5,S02015,HR,12-MAY-26 08:00:07
4000539871,2,1,738,738,F,SCRM,I,367,60.0,0.0,1230,3.2,T01052,62.79,202622,N,SD88,202624,29-MAY-26 00:00:00,,,,Y,SCRM,60.0,T01052,HR,12-MAY-26 08:00:07
4000539871,3,1,738,738,F,SCRM,I,367,31.0,0.0,1600,3.2,T01052,32.44,202622,N,SD88,202624,29-MAY-26 00:00:00,,,,Y,SCRM,31.0,T01052,HR,12-MAY-26 08:00:07
9519671329,1,1,738,738,O,HR_DOM,L,B69,240.0,140.49,1250,1.6,TIP001,102.06,202623,N,HG34,202626,03-JUN-26 00:00:00,,,,I,HR_DOM,240.0,TIP001,HR,12-MAY-26 08:00:07
9519674641,3,1,738,738,O,HR_DOM,A,368,70.0,0.0,1500,8.0,I17021,75.53,202623,N,HR08,202626,03-JUN-26 00:00:00,,,,I,HR_DOM,70.0,I17021,HR,12-MAY-26 08:00:07
9519674641,4,1,738,738,O,HR_DOM,A,368,70.0,0.0,1500,10.0,I17021,75.53,202623,N,HR08,202626,03-JUN-26 00:00:00,,,,I,HR_DOM,70.0,I17021,HR,12-MAY-26 08:00:07
4000539877,1,1,738,738,F,HR_DOM,L,367,270.0,0.0,1250,2.2,THG004,285.49,202620,N,HG50,202622,24-MAY-26 00:00:00,,, ,R,HR_DOM,270.0,THG004,HR,12-MAY-26 08:00:07
4000539877,2,1,738,738,F,HR_DOM,L,367,270.0,0.0,1275,2.9,THG004,285.49,202620,N,HG50,202622,24-MAY-26 00:00:00,,, ,R,HR_DOM,270.0,THG004,HR,12-MAY-26 08:00:07
4000539635,4,1,738,738,F,K_LDP,A,367,300.0,0.0,1250,7.4,TTU073,307.69,202620,N,TU73,202622,20-MAY-26 00:00:00,,,,B,K_LDP,300.0,TTU073,HR,12-MAY-26 08:00:07
4000539635,5,1,738,738,F,K_LDP,A,367,217.0,0.0,1300,8.4,TTU073,222.56,202620,N,TU73,202622,20-MAY-26 00:00:00,,,,B,K_LDP,217.0,TTU073,HR,12-MAY-26 08:00:07
4000539635,6,1,738,738,F,K_LDP,A,367,300.0,0.0,1250,9.05,TTU073,307.69,202620,N,TU73,202622,20-MAY-26 00:00:00,,,,B,K_LDP,300.0,TTU073,HR,12-MAY-26 08:00:07
4000539635,7,1,738,738,F,K_LDP,A,367,300.0,0.0,1250,9.05,TTU073,307.69,202620,N,TU73,202622,20-MAY-26 00:00:00,,,,B,K_LDP,300.0,TTU073,HR,12-MAY-26 08:00:07
4000539635,10,1,738,738,F,K_LDP,A,367,300.0,0.0,1250,9.25,TTU073,307.69,202620,N,TU73,202622,20-MAY-26 00:00:00,,,,B,K_LDP,300.0,TTU073,HR,12-MAY-26 08:00:07
4000539951,2,1,738,738,F,HR_DOM,L,367,60.0,0.0,1250,2.2,THG004,63.44,202620,N,HG50,202622,25-MAY-26 00:00:00,,, ,R,HR_DOM,60.0,THG004,HR,12-MAY-26 08:00:07
9519751060,3,1,738,738,O,HR_DOM,S,367,102.0,89.97,1515,2.5,BSL074,12.34,202621,N,BS74,202623,01-JUN-26 00:00:00,,,,G,HR_DOM,102.0,BSL074,HR,12-MAY-26 08:00:07
4000539737,1,1,738,738,F,K_LDP,A,367,279.0,0.0,1300,5.3,TTU073,286.15,202620,N,TU73,202622,20-MAY-26 00:00:00,,,,B,K_LDP,279.0,TTU073,HR,12-MAY-26 08:00:07
4000538123,1,1,738,738,F,K_LDP,C,367,215.0,0.0,1250,7.9,THI065,220.51,202620,N,HI65,202622,20-MAY-26 00:00:00,,, ,B,K_LDP,215.0,THI065,HR,12-MAY-26 08:00:07
4000538123,3,1,738,738,F,K_LDP,C,367,215.0,0.0,1250,7.9,THI065,220.51,202620,N,HI65,202622,20-MAY-26 00:00:00,,, ,B,K_LDP,215.0,THI065,HR,12-MAY-26 08:00:07
4000538123,6,1,738,738,F,K_LDP,C,367,223.0,0.0,1280,9.5,THI066,228.72,202620,N,HI66,202622,20-MAY-26 00:00:00,,, ,B,K_LDP,223.0,THI066,HR,12-MAY-26 08:00:07
4000538123,7,1,738,738,F,K_LDP,C,367,223.0,0.0,1280,9.5,THI066,228.72,202620,N,HI66,202622,20-MAY-26 00:00:00,,, ,B,K_LDP,223.0,THI066,HR,12-MAY-26 08:00:07
4000540642,2,1,738,738,F,KCRM,H,367,228.0,0.0,1300,2.5,S02015,233.85,202623,N,SH64,202624,04-JUN-26 00:00:00,,,,G,KCRM,228.0,S02015,HR,12-MAY-26 08:00:07
4000540650,1,1,738,738,F,SCRM,H,367,155.0,0.0,1300,3.2,BSL039,158.97,202623,N,BS39,202625,30-MAY-26 00:00:00,,,,Y,SCRM,155.0,BSL039,HR,12-MAY-26 08:00:07
9519760929,7,1,738,744,O,ACRM GP#2 PPGL,L,B18,28.0,0.0,1235,2.0,TSF093,32.2,202625,N,SH93,202628,04-JUN-26 00:00:00,,,,I,ACRM GP#2 PPGL,28.0,TSF093,HR,12-MAY-26 08:00:07
9519677058,4,1,738,738,O,HR_DOM,A,367,102.0,0.0,1500,10.0,THG038,104.62,202622,N,HG38,202623,30-MAY-26 00:00:00,,, ,I,HR_DOM,102.0,THG038,HR,12-MAY-26 08:00:07
9519680753,4,1,738,738,O,HR_DOM,P,367,120.0,0.0,1250,5.0,BSL086,124.32,202622,N,BS86,202623,06-JUN-26 00:00:00,,, ,I,HR_DOM,120.0,BSL086,HR,12-MAY-26 08:00:07
9519759877,2,1,738,738,O,HR_DOM,B,367,68.0,0.0,1500,6.0,I17480,69.74,202622,N,SH35,202623,29-MAY-26 00:00:00,,, ,Y,HR_DOM,68.0,I17480,HR,12-MAY-26 08:00:07
9519760604,2,1,738,738,O,HR_DOM,L,367,60.0,0.0,1250,2.5,TIP001,61.54,202622,N,HG34,202624,03-JUN-26 00:00:00,,, ,I,HR_DOM,60.0,TIP001,HR,12-MAY-26 08:00:07
9519760604,3,1,738,738,O,HR_DOM,L,367,60.0,0.0,1250,2.8,TIP001,61.54,202622,N,HG34,202624,03-JUN-26 00:00:00,,, ,I,HR_DOM,60.0,TIP001,HR,12-MAY-26 08:00:07
9519760604,4,1,738,738,O,HR_DOM,L,367,60.0,0.0,1250,3.5,TIP001,61.54,202622,N,HG34,202624,03-JUN-26 00:00:00,,, ,I,HR_DOM,60.0,TIP001,HR,12-MAY-26 08:00:07
9519760604,5,1,738,738,O,HR_DOM,L,367,60.0,0.0,1250,3.8,TIP001,61.54,202622,N,HG34,202624,03-JUN-26 00:00:00,,, ,I,HR_DOM,60.0,TIP001,HR,12-MAY-26 08:00:07
9519760604,6,1,738,738,O,HR_DOM,P,367,60.0,0.0,1250,5.0,BSL086,62.16,202622,N,BS86,202624,07-JUN-26 00:00:00,,, ,I,HR_DOM,60.0,BSL086,HR,12-MAY-26 08:00:07
9519760604,10,1,738,738,O,HR_DOM,P,367,30.0,0.0,1250,6.0,BSL086,31.08,202622,N,BS86,202624,07-JUN-26 00:00:00,,, ,I,HR_DOM,30.0,BSL086,HR,12-MAY-26 08:00:07
9519760615,14,1,738,738,O,HR_DOM,A,367,102.0,0.0,1500,12.0,UNB020,105.67,202622,N,UN20,202624,08-JUN-26 00:00:00,,, ,I,HR_DOM,102.0,UNB020,HR,12-MAY-26 08:00:07
9519760615,15,1,738,738,O,HR_DOM,A,367,68.0,0.0,1500,16.0,UNB020,70.45,202622,N,UN20,202624,07-JUN-26 00:00:00,,, ,I,HR_DOM,68.0,UNB020,HR,12-MAY-26 08:00:07
9519760615,16,1,738,738,O,HR_DOM,A,367,102.0,0.0,1500,20.0,UNB020,105.67,202622,N,UN20,202624,08-JUN-26 00:00:00,,, ,I,HR_DOM,102.0,UNB020,HR,12-MAY-26 08:00:07
9519674641,5,1,738,738,O,HR_DOM,A,368,70.0,0.0,1500,12.0,I17021,75.53,202623,N,HR08,202626,03-JUN-26 00:00:00,,,,I,HR_DOM,70.0,I17021,HR,12-MAY-26 08:00:07
9519658455,2,1,738,738,O,HR_DOM,L,368,60.0,0.0,1250,6.0,I09508,63.43,202624,N,HG22,202626,03-JUN-26 00:00:00,,,,I,HR_DOM,60.0,I09508,HR,12-MAY-26 08:00:07
4000540533,4,1,738,738,F,TUBE,L,367,270.0,0.0,1250,4.9,I09490,276.93,202621,N,HG08,202622,25-MAY-26 00:00:00,,,,R,TUBE,270.0,I09490,HR,12-MAY-26 08:00:07
4000540533,5,1,738,738,F,TUBE,L,367,279.0,46.88,1300,4.1,I09490,238.08,202621,N,HG08,202622,27-MAY-26 00:00:00,,,,R,TUBE,279.0,I09490,HR,12-MAY-26 08:00:07
4000540533,6,1,738,738,F,TUBE,L,367,279.0,93.57,1300,4.1,I09490,190.19,202621,N,HG08,202622,27-MAY-26 00:00:00,,,,R,TUBE,279.0,I09490,HR,12-MAY-26 08:00:07
4000540380,3,1,738,738,F,TUBE,L,367,270.0,0.0,1250,2.2,I09497,279.72,202624,N,HG01,202625,23-MAY-26 00:00:00,,,,R,TUBE,270.0,I09497,HR,12-MAY-26 08:00:07
4000540380,2,1,738,738,F,TUBE,L,367,270.0,256.72,1250,2.2,I09497,37.29,202624,N,HG01,202625,03-JUN-26 00:00:00,,,,I,TUBE,270.0,I09497,HR,12-MAY-26 08:00:07
4000540380,4,1,738,738,F,TUBE,L,367,270.0,0.0,1250,2.2,I09497,279.72,202624,N,HG01,202625,23-MAY-26 00:00:00,,,,R,TUBE,270.0,I09497,HR,12-MAY-26 08:00:07
9519679258,4,1,738,738,O,HR_DOM,L,691,30.0,0.0,1250,4.0,THR085,33.05,202623,N,HR85,202626,03-JUN-26 00:00:00,,,,I,HR_DOM,30.0,THR085,HR,12-MAY-26 08:00:07
9519679258,1,1,738,738,O,HR_DOM,L,691,60.0,0.0,1250,2.0,THR085,66.1,202623,N,HR85,202626,03-JUN-26 00:00:00,,,,I,HR_DOM,60.0,THR085,HR,12-MAY-26 08:00:07
9519679258,2,1,738,738,O,HR_DOM,L,691,30.0,0.0,1250,2.5,THR085,33.05,202623,N,HR85,202626,03-JUN-26 00:00:00,,,,I,HR_DOM,30.0,THR085,HR,12-MAY-26 08:00:07
4000538123,2,1,738,738,F,K_LDP,C,367,215.0,0.0,1250,7.9,THI065,220.51,202620,N,HI65,202622,20-MAY-26 00:00:00,,, ,B,K_LDP,215.0,THI065,HR,12-MAY-26 08:00:07
4000538123,5,1,738,738,F,K_LDP,C,367,223.0,0.0,1280,9.5,THI066,228.72,202620,N,HI66,202622,20-MAY-26 00:00:00,,, ,B,K_LDP,223.0,THI066,HR,12-MAY-26 08:00:07
4000539727,3,1,738,738,F,K_TUBE,L,367,210.0,189.02,1250,2.0,T01576,26.18,202620,N,HG02,202622,25-MAY-26 00:00:00,,,,R,K_TUBE,210.0,T01576,HR,12-MAY-26 08:00:07
4000539727,5,1,738,738,F,K_TUBE,L,367,210.0,0.0,1250,2.0,T01576,217.56,202620,N,HG02,202622,24-MAY-26 00:00:00,,,,R,K_TUBE,210.0,T01576,HR,12-MAY-26 08:00:07
4000539727,6,1,738,738,F,K_TUBE,M,367,120.0,0.0,1250,2.5,S02005,123.08,202620,N,SD30,202622,25-MAY-26 00:00:00,,,,R,K_TUBE,120.0,S02005,HR,12-MAY-26 08:00:07
4000539727,7,1,738,738,F,K_TUBE,L,367,209.0,0.0,1500,2.5,T01579,214.36,202620,N,TU02,202622,24-MAY-26 00:00:00,,, ,R,K_TUBE,209.0,T01579,HR,12-MAY-26 08:00:07
4000539727,9,1,738,738,F,K_TUBE,L,367,209.0,0.0,1500,2.8,T01579,214.36,202620,N,TU02,202622,24-MAY-26 00:00:00,,, ,R,K_TUBE,209.0,T01579,HR,12-MAY-26 08:00:07
4000539727,10,1,738,738,F,K_TUBE,L,367,209.0,0.0,1500,2.8,T01579,214.36,202620,N,TU02,202622,24-MAY-26 00:00:00,,, ,R,K_TUBE,209.0,T01579,HR,12-MAY-26 08:00:07
4000539727,11,1,738,738,F,K_TUBE,A,367,124.0,96.75,1250,2.9,UNB034,28.23,202620,N,UN34,202622,21-MAY-26 00:00:00,,, ,B,K_TUBE,124.0,UNB034,HR,12-MAY-26 08:00:07
4000539727,12,1,738,738,F,K_TUBE,A,367,124.0,24.03,1250,3.0,UNB034,103.58,202620,N,UN34,202622,21-MAY-26 00:00:00,,, ,B,K_TUBE,124.0,UNB034,HR,12-MAY-26 08:00:07
4000539727,14,1,738,738,F,K_TUBE,M,367,120.0,0.0,1250,3.0,S02005,123.08,202620,N,SD30,202622,25-MAY-26 00:00:00,,,,R,K_TUBE,120.0,S02005,HR,12-MAY-26 08:00:07
4000539727,15,1,738,738,F,K_TUBE,L,367,174.0,0.0,1500,3.0,T01579,178.46,202620,N,TU02,202622,22-MAY-26 00:00:00,,, ,R,K_TUBE,174.0,T01579,HR,12-MAY-26 08:00:07
4000539727,4,1,738,738,F,K_TUBE,L,367,210.0,123.21,1250,2.0,T01576,94.35,202620,N,HG02,202622,24-MAY-26 00:00:00,,,,R,K_TUBE,210.0,T01576,HR,12-MAY-26 08:00:07
4000539727,1,1,738,738,F,K_TUBE,L,367,209.0,0.0,1500,2.0,T01579,214.36,202620,N,TU02,202622,25-MAY-26 00:00:00,,, ,R,K_TUBE,209.0,T01579,HR,12-MAY-26 08:00:07
4000539727,2,1,738,738,F,K_TUBE,L,367,209.0,0.0,1500,2.0,T01579,214.36,202620,N,TU02,202622,24-MAY-26 00:00:00,,, ,R,K_TUBE,209.0,T01579,HR,12-MAY-26 08:00:07
9519759771,4,1,738,738,O,HR_DOM,L,367,30.0,0.0,1250,2.0,T01576,30.41,202623,N,HG02,202625,10-JUN-26 00:00:00,,,,I,HR_DOM,30.0,T01576,HR,12-MAY-26 08:00:07
9519759771,1,1,738,738,O,HR_DOM,L,367,300.0,0.0,1250,2.5,TIP001,307.69,202624,N,HG34,202626,03-JUN-26 00:00:00,,,,I,HR_DOM,300.0,TIP001,HR,12-MAY-26 08:00:07
9519759771,2,1,738,738,O,HR_DOM,L,367,30.0,0.0,1250,3.0,TIP001,30.77,202622,N,HG34,202624,03-JUN-26 00:00:00,,,,I,HR_DOM,30.0,TIP001,HR,12-MAY-26 08:00:07
9519759771,3,1,738,738,O,HR_DOM,L,367,30.0,0.0,1250,1.8,TIP001,30.77,202622,N,HG34,202624,03-JUN-26 00:00:00,,,,I,HR_DOM,30.0,TIP001,HR,12-MAY-26 08:00:07
9519759771,5,1,738,738,O,HR_DOM,A,367,34.0,0.0,1500,19.8,UNB094,36.71,202624,N,UN94,202626,03-JUN-26 00:00:00,,,,I,HR_DOM,34.0,UNB094,HR,12-MAY-26 08:00:07
9519759771,6,1,738,738,O,HR_DOM,L,367,150.0,0.0,1250,2.5,T01576,155.4,202624,N,HG02,202626,12-JUN-26 00:00:00,,,,I,HR_DOM,150.0,T01576,HR,12-MAY-26 08:00:07
9519759771,7,1,738,738,O,HR_DOM,L,367,150.0,0.0,1250,2.0,TIP001,153.85,202624,N,HG34,202626,03-JUN-26 00:00:00,,,,I,HR_DOM,150.0,TIP001,HR,12-MAY-26 08:00:07
9519759771,8,1,738,738,O,HR_DOM,L,367,300.0,0.0,1250,2.5,TIP001,307.69,202624,N,HG34,202626,03-JUN-26 00:00:00,,,,I,HR_DOM,300.0,TIP001,HR,12-MAY-26 08:00:07
4000539448,3,1,738,738,F,HR_DOM,L,367,60.0,0.0,1250,1.9,UNB098,63.44,202621,N,UN98,202623,27-MAY-26 00:00:00,,,,G,HR_DOM,60.0,UNB098,HR,12-MAY-26 08:00:07
4000539448,4,1,738,738,F,HR_DOM,L,367,150.0,0.0,1250,2.0,UNB098,158.6,202621,N,UN98,202623,27-MAY-26 00:00:00,,,,G,HR_DOM,150.0,UNB098,HR,12-MAY-26 08:00:07
9519755290,1,1,738,738,O,EXPORT,,367,510.0,0.0,1250,2.0,THX075,523.08,202621,N,HX75,202622,29-MAY-26 00:00:00,,, ,Y,EXPORT,510.0,THX075,HR,12-MAY-26 08:00:07
9519755290,2,1,738,738,O,EXPORT,,367,930.0,0.0,1250,2.2,THX075,953.85,202621,N,HX75,202622,29-MAY-26 00:00:00,,, ,Y,EXPORT,930.0,THX075,HR,12-MAY-26 08:00:07
9519755290,3,1,738,738,O,EXPORT,,367,930.0,0.0,1250,2.4,THX075,953.85,202621,N,HX75,202622,29-MAY-26 00:00:00,,, ,Y,EXPORT,930.0,THX075,HR,12-MAY-26 08:00:07
9519755290,4,1,738,738,O,EXPORT,,367,210.0,0.0,1250,2.5,THX075,215.39,202621,N,HX75,202622,29-MAY-26 00:00:00,,, ,Y,EXPORT,210.0,THX075,HR,12-MAY-26 08:00:07
4000540381,1,1,738,738,F,TUBE,L,367,270.0,255.59,1250,2.2,I09490,14.78,202624,N,HG08,202625,03-JUN-26 00:00:00,,,,I,TUBE,270.0,I09490,HR,12-MAY-26 08:00:07
4000540381,2,1,738,738,F,TUBE,L,367,270.0,219.35,1250,2.2,I09490,52.03,202624,N,HG08,202625,03-JUN-26 00:00:00,,,,I,TUBE,270.0,I09490,HR,12-MAY-26 08:00:07
4000540381,4,1,738,738,F,TUBE,L,367,270.0,182.84,1250,2.2,I09490,89.4,202624,N,HG08,202625,03-JUN-26 00:00:00,,,,I,TUBE,270.0,I09490,HR,12-MAY-26 08:00:07
4000540381,3,1,738,738,F,TUBE,L,367,270.0,202.99,1250,2.2,I09490,140.62,202624,N,HG08,202625,28-MAY-26 00:00:00,,,,R,TUBE,270.0,I09490,HR,12-MAY-26 08:00:07
9519677397,1,1,738,738,O,HR_DOM,L,B69,210.0,0.0,1250,1.6,THR085,226.72,202624,N,HR85,202626,03-JUN-26 00:00:00,,,,I,HR_DOM,210.0,THR085,HR,12-MAY-26 08:00:07
9519677397,2,1,738,738,O,HR_DOM,L,B69,210.0,0.0,1250,1.6,THR085,226.72,202624,N,HR85,202626,03-JUN-26 00:00:00,,,,I,HR_DOM,210.0,THR085,HR,12-MAY-26 08:00:07
9519677397,3,1,738,738,O,HR_DOM,L,B69,60.0,28.5,1250,1.8,THR085,35.55,202624,N,HR85,202626,03-JUN-26 00:00:00,,,,I,HR_DOM,60.0,THR085,HR,12-MAY-26 08:00:07
9519675519,1,1,738,738,O,HR_DOM,L,B69,210.0,0.0,1250,1.6,THR085,226.72,202624,N,HR85,202626,03-JUN-26 00:00:00,,,,I,HR_DOM,210.0,THR085,HR,12-MAY-26 08:00:07
9519671002,1,1,738,738,O,HR_DOM,L,691,60.0,0.0,1250,2.0,TIP001,62.79,202623,N,HG34,202626,03-JUN-26 00:00:00,,,,I,HR_DOM,60.0,TIP001,HR,12-MAY-26 08:00:07
9519671002,2,1,738,738,O,HR_DOM,L,691,70.0,0.0,1500,2.0,TIP001,73.26,202623,N,HG34,202626,08-JUN-26 00:00:00,,,,I,HR_DOM,70.0,TIP001,HR,12-MAY-26 08:00:07
9519679213,2,1,738,738,O,HR_DOM,L,691,60.0,0.0,1250,2.0,THR085,66.1,202623,N,HR85,202626,03-JUN-26 00:00:00,,,,I,HR_DOM,60.0,THR085,HR,12-MAY-26 08:00:07
4000539694,3,1,738,738,F,K_LDP,L,367,210.0,216.46,1455,4.95,I09497,21.09,202620,N,HG01,202622,26-MAY-26 00:00:00,,,,R,K_LDP,210.0,I09497,HR,12-MAY-26 08:00:07
4000539694,4,1,738,738,F,K_LDP,L,367,170.0,77.67,1415,4.45,I09497,95.65,202620,N,HG01,202622,26-MAY-26 00:00:00,,,,R,K_LDP,170.0,I09497,HR,12-MAY-26 08:00:07
4000539678,6,1,738,738,F,K_TUBE,M,367,120.0,0.0,1250,3.0,S02005,123.08,202620,N,SD30,202622,25-MAY-26 00:00:00,,,,R,K_TUBE,120.0,S02005,HR,12-MAY-26 08:00:07
4000539678,1,1,738,738,F,K_TUBE,A,367,124.0,0.0,1250,2.9,UNB034,128.46,202620,N,UN34,202622,20-MAY-26 00:00:00,,, ,B,K_TUBE,124.0,UNB034,HR,12-MAY-26 08:00:07
4000539678,2,1,738,738,F,K_TUBE,A,367,62.0,24.19,1250,3.0,UNB034,58.54,202620,N,UN34,202622,21-MAY-26 00:00:00,,, ,B,K_TUBE,62.0,UNB034,HR,12-MAY-26 08:00:07
4000539678,5,1,738,738,F,K_TUBE,M,367,120.0,0.0,1250,2.5,S02005,123.08,202620,N,SD30,202622,25-MAY-26 00:00:00,,,,R,K_TUBE,120.0,S02005,HR,12-MAY-26 08:00:07
4000539678,7,1,738,738,F,K_TUBE,M,367,120.0,0.0,1250,3.25,S02005,123.08,202620,N,SD30,202622,23-MAY-26 00:00:00,,,,R,K_TUBE,120.0,S02005,HR,12-MAY-26 08:00:07
4000539678,8,1,738,738,F,K_TUBE,M,367,60.0,0.0,1250,3.6,S02005,61.54,202620,N,SD30,202622,26-MAY-26 00:00:00,,,,R,K_TUBE,60.0,S02005,HR,12-MAY-26 08:00:07
4000539678,9,1,738,738,F,K_TUBE,M,367,60.0,0.0,1250,4.6,S02005,61.54,202620,N,SD30,202622,26-MAY-26 00:00:00,,,,R,K_TUBE,60.0,S02005,HR,12-MAY-26 08:00:07
4000539678,10,1,738,738,F,K_TUBE,M,367,60.0,0.0,1250,5.0,S02005,61.54,202620,N,SD30,202622,26-MAY-26 00:00:00,,,,R,K_TUBE,60.0,S02005,HR,12-MAY-26 08:00:07
9519751879,1,1,738,738,O,HR_DOM,L,367,150.0,0.0,1250,2.0,TIP001,153.85,202621,N,HG34,202623,31-MAY-26 00:00:00,,,,G,HR_DOM,150.0,TIP001,HR,12-MAY-26 08:00:07
9519751879,2,1,738,738,O,HR_DOM,L,367,90.0,0.0,1250,1.6,TIP001,92.31,202621,N,HG34,202623,31-MAY-26 00:00:00,,,,G,HR_DOM,90.0,TIP001,HR,12-MAY-26 08:00:07
9519751879,3,1,738,738,O,HR_DOM,L,367,60.0,0.0,1250,1.6,TIP001,61.54,202624,N,HG34,202626,03-JUN-26 00:00:00,,,,I,HR_DOM,60.0,TIP001,HR,12-MAY-26 08:00:07
9519686817,1,1,738,738,O,HR_DOM,A,367,102.0,78.01,1440,13.8,THA041,23.99,202620,N,HA14,202622,23-MAY-26 00:00:00,,,,R,HR_DOM,102.0,THA041,HR,12-MAY-26 08:00:07
4000540722,1,1,738,738,F,ACRM_SLIT,L,367,300.0,287.69,1255,2.0,T01576,12.75,202625,N,HG02,202626,13-JUN-26 00:00:00,,,,I,ACRM_SLIT,300.0,T01576,HR,12-MAY-26 08:00:07
4000540722,2,1,738,738,F,ACRM_SLIT,L,367,300.0,258.08,1255,2.0,T01576,44.91,202625,N,HG02,202626,13-JUN-26 00:00:00,,,,I,ACRM_SLIT,300.0,T01576,HR,12-MAY-26 08:00:07
4000540722,3,1,738,738,F,ACRM_SLIT,L,367,300.0,85.35,1255,2.0,T01576,223.26,202625,N,HG02,202626,12-JUN-26 00:00:00,,,,I,ACRM_SLIT,300.0,T01576,HR,12-MAY-26 08:00:07
4000540722,4,1,738,738,F,ACRM_SLIT,L,367,150.0,57.36,1255,2.0,T01576,96.57,202625,N,HG02,202626,13-JUN-26 00:00:00,,,,I,ACRM_SLIT,150.0,T01576,HR,12-MAY-26 08:00:07
9519769014,10,1,738,738,O,HR_DOM,L,367,136.0,114.86,1500,2.0,I09490,21.68,202626,N,HG08,202627,14-JUN-26 00:00:00,,,,I,HR_DOM,136.0,I09490,HR,12-MAY-26 08:00:07
9519769014,1,1,738,738,O,HR_DOM,L,367,136.0,116.71,1500,3.2,I09490,19.79,202622,N,HG08,202623,31-MAY-26 00:00:00,,,,I,HR_DOM,136.0,I09490,HR,12-MAY-26 08:00:07
9519769014,3,1,738,738,O,HR_DOM,L,367,170.0,113.83,1500,2.5,I09490,57.27,202622,N,HG08,202623,14-MAY-26 00:00:00,,,,I,HR_DOM,170.0,I09490,HR,12-MAY-26 08:00:07
9519769014,6,1,738,738,O,HR_DOM,L,367,28.0,0.0,1150,2.4,I09490,24.41,202622,N,HG08,202623,14-MAY-26 00:00:00,,,,I,HR_DOM,28.0,I09490,HR,12-MAY-26 08:00:07
9519755258,1,1,738,738,O,EXPORT,,367,510.0,0.0,1250,2.0,THX075,523.08,202620,N,HX75,202621,21-MAY-26 00:00:00,,, ,B,EXPORT,510.0,THX075,HR,12-MAY-26 08:00:07
9519755258,2,1,738,738,O,EXPORT,,367,930.0,0.0,1250,2.2,THX075,953.85,202620,N,HX75,202621,21-MAY-26 00:00:00,,, ,B,EXPORT,930.0,THX075,HR,12-MAY-26 08:00:07
9519755258,4,1,738,738,O,EXPORT,,367,210.0,0.0,1250,2.5,THX075,215.39,202620,N,HX75,202621,21-MAY-26 00:00:00,,, ,B,EXPORT,210.0,THX075,HR,12-MAY-26 08:00:07
9519755258,3,1,738,738,O,EXPORT,,367,930.0,0.0,1250,2.4,THX075,953.85,202620,N,HX75,202621,21-MAY-26 00:00:00,,, ,B,EXPORT,930.0,THX075,HR,12-MAY-26 08:00:07
9519755288,1,1,738,738,O,EXPORT,,367,510.0,0.0,1250,2.0,THX075,523.08,202621,N,HX75,202622,29-MAY-26 00:00:00,,, ,Y,EXPORT,510.0,THX075,HR,12-MAY-26 08:00:07
9519755288,2,1,738,738,O,EXPORT,,367,930.0,0.0,1250,2.2,THX075,953.85,202621,N,HX75,202622,28-MAY-26 00:00:00,,, ,Y,EXPORT,930.0,THX075,HR,12-MAY-26 08:00:07
9519755288,3,1,738,738,O,EXPORT,,367,930.0,0.0,1250,2.4,THX075,953.85,202621,N,HX75,202622,29-MAY-26 00:00:00,,, ,Y,EXPORT,930.0,THX075,HR,12-MAY-26 08:00:07
9519755288,4,1,738,738,O,EXPORT,,367,210.0,0.0,1250,2.5,THX075,215.39,202621,N,HX75,202622,29-MAY-26 00:00:00,,, ,Y,EXPORT,210.0,THX075,HR,12-MAY-26 08:00:07
9519759463,1,1,738,738,O,HR_DOM,L,367,120.0,0.0,1250,3.0,TIP001,123.08,202620,N,HG34,202622,25-MAY-26 00:00:00,,,,R,HR_DOM,120.0,TIP001,HR,12-MAY-26 08:00:07
9519647561,7,1,738,742,O,ACRM CRCA CRS,L,C01,23.0,0.0,1025,4.0,T01320,26.45,202622,N,SH08,202628,03-JUN-26 00:00:00,,,,I,ACRM CRCA CRS,23.0,T01320,HR,12-MAY-26 08:00:07
9519760282,1,1,738,738,O,HR_DOM,A,367,34.0,0.0,1500,3.0,TIP006,35.22,202620,N,HG42,202622,25-MAY-26 00:00:00,,,,R,HR_DOM,34.0,TIP006,HR,12-MAY-26 08:00:07
9519731377,16,1,738,738,O,HR_DOM,P,367,60.0,0.0,1250,5.0,BSL086,62.16,202622,N,BS86,202623,31-MAY-26 00:00:00,,, ,I,HR_DOM,60.0,BSL086,HR,12-MAY-26 08:00:07
9519731377,17,1,738,738,O,HR_DOM,P,367,60.0,0.0,1250,6.0,BSL086,62.16,202622,N,BS86,202623,31-MAY-26 00:00:00,,, ,I,HR_DOM,60.0,BSL086,HR,12-MAY-26 08:00:07
9519760829,1,1,738,738,O,HR_DOM,L,367,300.0,0.0,1275,2.9,THG004,317.21,202620,N,HG50,202621,24-MAY-26 00:00:00,,, ,R,HR_DOM,300.0,THG004,HR,12-MAY-26 08:00:07
9519769014,7,1,738,738,O,HR_DOM,L,367,58.0,0.0,1200,2.4,I09490,59.49,202622,N,HG08,202623,31-MAY-26 00:00:00,,,,I,HR_DOM,58.0,I09490,HR,12-MAY-26 08:00:07
9519769014,8,1,738,738,O,HR_DOM,L,367,96.0,76.67,1325,2.4,I09490,19.83,202622,N,HG08,202623,31-MAY-26 00:00:00,,,,I,HR_DOM,96.0,I09490,HR,12-MAY-26 08:00:07
9519769014,12,1,738,738,O,HR_DOM,L,367,204.0,144.47,1525,2.0,I09490,55.68,202622,N,HG08,202623,14-MAY-26 00:00:00,,,,I,HR_DOM,204.0,I09490,HR,12-MAY-26 08:00:07
9519684367,45,1,738,738,O,HR_DOM,L,367,272.0,28.9,1500,4.0,T01576,251.85,202621,N,HG02,202622,27-MAY-26 00:00:00,,,,G,HR_DOM,272.0,T01576,HR,12-MAY-26 08:00:07
4000539990,1,1,738,738,F,KCRM,L,367,210.0,0.0,1265,2.0,BSL011,215.39,202622,N,BS11,202624,06-JUN-26 00:00:00,,,,I,KCRM,210.0,BSL011,HR,12-MAY-26 08:00:07
4000540250,1,1,738,738,F,SCRM,L,367,30.0,0.0,1250,2.0,THB001,30.77,202622,N,HR01,202623,06-JUN-26 00:00:00,,,,I,SCRM,30.0,THB001,HR,12-MAY-26 08:00:07
4000540250,2,1,738,738,F,SCRM,L,367,30.0,0.0,1250,2.0,TIP001,30.77,202622,N,HG34,202623,30-MAY-26 00:00:00,,,,I,SCRM,30.0,TIP001,HR,12-MAY-26 08:00:07
4000540250,3,1,738,738,F,SCRM,L,367,60.0,0.0,1250,2.01,THB001,61.54,202622,N,HR01,202623,06-JUN-26 00:00:00,,,,I,SCRM,60.0,THB001,HR,12-MAY-26 08:00:07
4000540250,4,1,738,738,F,SCRM,L,367,60.0,0.0,1250,2.01,TIP001,61.54,202622,N,HG34,202623,03-JUN-26 00:00:00,,,,I,SCRM,60.0,TIP001,HR,12-MAY-26 08:00:07
4000540250,8,1,738,738,F,SCRM,L,367,30.0,0.0,1250,2.0,TIP001,30.77,202622,N,HG34,202623,30-MAY-26 00:00:00,,,,I,SCRM,30.0,TIP001,HR,12-MAY-26 08:00:07
4000540250,29,1,738,738,F,SCRM,L,367,180.0,0.0,1250,2.0,TIP001,184.62,202622,N,HG34,202623,27-MAY-26 00:00:00,,,,I,SCRM,180.0,TIP001,HR,12-MAY-26 08:00:07
4000540250,9,1,738,738,F,SCRM,L,367,30.0,0.0,1250,2.0,THB001,30.77,202622,N,HR01,202623,06-JUN-26 00:00:00,,,,I,SCRM,30.0,THB001,HR,12-MAY-26 08:00:07
4000540250,21,1,738,738,F,SCRM,L,367,60.0,0.0,1250,2.0,THB001,61.54,202622,N,HR01,202623,06-JUN-26 00:00:00,,,,I,SCRM,60.0,THB001,HR,12-MAY-26 08:00:07
4000540250,26,1,738,738,F,SCRM,L,367,60.0,0.0,1250,2.0,THB001,61.54,202622,N,HR01,202623,06-JUN-26 00:00:00,,,,I,SCRM,60.0,THB001,HR,12-MAY-26 08:00:07
4000540250,30,1,738,738,F,SCRM,A,367,60.0,0.0,1265,2.0,THR099,63.44,202622,N,HR99,202623,06-JUN-26 00:00:00,,,,I,SCRM,60.0,THR099,HR,12-MAY-26 08:00:07
4000540602,3,1,738,738,F,SCRM,L,367,60.0,0.0,1250,2.0,THB001,61.54,202622,N,HR01,202623,06-JUN-26 00:00:00,,,,I,SCRM,60.0,THB001,HR,12-MAY-26 08:00:07
4000540602,4,1,738,738,F,SCRM,L,367,30.0,0.0,1250,2.0,TIP001,30.77,202622,N,HG34,202623,30-MAY-26 00:00:00,,,,I,SCRM,30.0,TIP001,HR,12-MAY-26 08:00:07
4000540602,23,1,738,738,F,SCRM,L,367,90.0,0.0,1250,2.0,THB001,92.31,202622,N,HR01,202623,05-JUN-26 00:00:00,,,,I,SCRM,90.0,THB001,HR,12-MAY-26 08:00:07
4000540602,25,1,738,738,F,SCRM,L,367,60.0,0.0,1250,2.0,THB001,61.54,202622,N,HR01,202623,06-JUN-26 00:00:00,,,,I,SCRM,60.0,THB001,HR,12-MAY-26 08:00:07
4000540602,26,1,738,738,F,SCRM,L,367,60.0,0.0,1250,2.0,TIP001,61.54,202622,N,HG34,202623,03-JUN-26 00:00:00,,,,I,SCRM,60.0,TIP001,HR,12-MAY-26 08:00:07
4000539989,2,1,738,738,F,KCRM,L,367,300.0,0.0,1235,2.0,T01576,310.8,202622,N,HG02,202624,31-MAY-26 00:00:00,,,,I,KCRM,300.0,T01576,HR,12-MAY-26 08:00:07
4000539584,18,1,738,738,F,ACRM_SLIT,L,367,272.0,0.0,1525,2.25,T01576,281.79,202629,N,HG02,202630,13-JUN-26 00:00:00,,,,I,ACRM_SLIT,272.0,T01576,HR,12-MAY-26 08:00:07
4000539989,3,1,738,738,F,KCRM,L,367,300.0,0.0,1235,2.0,T01576,310.8,202622,N,HG02,202624,31-MAY-26 00:00:00,,,,I,KCRM,300.0,T01576,HR,12-MAY-26 08:00:07
4000539989,4,1,738,738,F,KCRM,L,367,300.0,0.0,1235,2.0,T01576,310.8,202622,N,HG02,202624,31-MAY-26 00:00:00,,,,I,KCRM,300.0,T01576,HR,12-MAY-26 08:00:07
4000539989,5,1,738,738,F,KCRM,L,367,300.0,0.0,1235,2.0,T01576,310.8,202622,N,HG02,202624,06-JUN-26 00:00:00,,,,I,KCRM,300.0,T01576,HR,12-MAY-26 08:00:07
4000539989,10,1,738,738,F,KCRM,L,367,300.0,0.0,1245,2.0,T01576,310.8,202622,N,HG02,202624,06-JUN-26 00:00:00,,,,I,KCRM,300.0,T01576,HR,12-MAY-26 08:00:07
9519768062,1,1,738,738,O,HR_DOM,P,367,60.0,0.0,1250,3.2,BSL017,61.54,202623,N,BS17,202625,03-JUN-26 00:00:00,,,,I,HR_DOM,60.0,BSL017,HR,12-MAY-26 08:00:07
9519768062,2,1,738,738,O,HR_DOM,P,367,30.0,0.0,1250,4.0,BSL017,30.77,202623,N,BS17,202625,03-JUN-26 00:00:00,,,,I,HR_DOM,30.0,BSL017,HR,12-MAY-26 08:00:07
9519768062,3,1,738,738,O,HR_DOM,P,367,60.0,0.0,1250,4.8,BSL017,61.54,202623,N,BS17,202625,03-JUN-26 00:00:00,,,,I,HR_DOM,60.0,BSL017,HR,12-MAY-26 08:00:07
9519768062,4,1,738,738,O,HR_DOM,P,367,300.0,0.0,1250,6.0,BSL017,307.69,202625,N,BS17,202627,03-JUN-26 00:00:00,,,,I,HR_DOM,300.0,BSL017,HR,12-MAY-26 08:00:07
4000540803,1,1,738,738,F,HR_DOM,L,367,60.0,0.0,1275,3.2,THB047,64.78,202622,N,HB47,202624,05-JUN-26 00:00:00,,,,G,HR_DOM,60.0,THB047,HR,12-MAY-26 08:00:07
4000540803,2,1,738,738,F,HR_DOM,L,367,96.0,0.0,1230,3.9,THB047,103.64,202622,N,HB47,202624,05-JUN-26 00:00:00,,,,G,HR_DOM,96.0,THB047,HR,12-MAY-26 08:00:07
4000540803,3,1,738,738,F,HR_DOM,A,367,84.0,0.0,1250,2.3,THA038,95.73,202623,N,HA38,202626,03-JUN-26 00:00:00,,,,G,HR_DOM,84.0,THA038,HR,12-MAY-26 08:00:07
4000540803,4,1,738,738,F,HR_DOM,L,367,30.0,0.0,1390,4.5,THB047,32.39,202622,N,HB47,202624,05-JUN-26 00:00:00,,,,G,HR_DOM,30.0,THB047,HR,12-MAY-26 08:00:07
4000540803,5,1,738,738,F,HR_DOM,L,367,90.0,0.0,1230,3.7,THB047,97.17,202622,N,HB47,202624,05-JUN-26 00:00:00,,,,G,HR_DOM,90.0,THB047,HR,12-MAY-26 08:00:07
4000540804,1,1,738,738,F,SCRM,I,367,60.0,0.0,1230,3.2,T01052,62.79,202623,N,SD88,202625,03-JUN-26 00:00:00,,,,G,SCRM,60.0,T01052,HR,12-MAY-26 08:00:07
4000540804,2,1,738,738,F,SCRM,I,367,84.0,0.0,1170,3.2,T01052,87.91,202623,N,SD88,202625,30-MAY-26 00:00:00,,,,Y,SCRM,84.0,T01052,HR,12-MAY-26 08:00:07
4000540804,4,1,738,738,F,SCRM,I,367,124.0,0.0,1600,3.2,T01052,129.78,202623,N,SD88,202625,03-JUN-26 00:00:00,,,,G,SCRM,124.0,T01052,HR,12-MAY-26 08:00:07
4000539989,11,1,738,738,F,KCRM,L,367,210.0,88.72,1245,2.0,T01576,125.65,202622,N,HG02,202624,07-JUN-26 00:00:00,,,,I,KCRM,210.0,T01576,HR,12-MAY-26 08:00:07
4000539584,19,1,738,738,F,ACRM_SLIT,L,367,272.0,0.0,1525,2.25,T01576,281.79,202629,N,HG02,202630,13-JUN-26 00:00:00,,,,I,ACRM_SLIT,272.0,T01576,HR,12-MAY-26 08:00:07
4000539584,20,1,738,738,F,ACRM_SLIT,L,367,272.0,0.0,1525,2.25,T01576,281.79,202629,N,HG02,202630,13-JUN-26 00:00:00,,,,I,ACRM_SLIT,272.0,T01576,HR,12-MAY-26 08:00:07
4000539584,28,1,738,738,F,ACRM_SLIT,L,367,272.0,0.0,1525,2.25,T01576,281.79,202629,N,HG02,202630,13-JUN-26 00:00:00,,,,I,ACRM_SLIT,272.0,T01576,HR,12-MAY-26 08:00:07
4000539584,4,1,738,738,F,ACRM_SLIT,L,367,272.0,0.0,1525,2.0,T01576,281.79,202629,N,HG02,202630,13-JUN-26 00:00:00,,,,I,ACRM_SLIT,272.0,T01576,HR,12-MAY-26 08:00:07
4000539584,13,1,738,738,F,ACRM_SLIT,L,367,272.0,232.92,1525,2.25,T01576,40.49,202629,N,HG02,202630,15-JUN-26 00:00:00,,,,I,ACRM_SLIT,272.0,T01576,HR,12-MAY-26 08:00:07
4000539584,8,1,738,738,F,ACRM_SLIT,L,367,272.0,0.0,1525,2.0,T01576,281.79,202629,N,HG02,202630,13-JUN-26 00:00:00,,,,I,ACRM_SLIT,272.0,T01576,HR,12-MAY-26 08:00:07
4000539584,17,1,738,738,F,ACRM_SLIT,L,367,272.0,0.0,1525,2.25,T01576,281.79,202629,N,HG02,202630,13-JUN-26 00:00:00,,,,I,ACRM_SLIT,272.0,T01576,HR,12-MAY-26 08:00:07
4000539584,22,1,738,738,F,ACRM_SLIT,L,367,272.0,0.0,1525,2.25,T01576,281.79,202629,N,HG02,202630,13-JUN-26 00:00:00,,,,I,ACRM_SLIT,272.0,T01576,HR,12-MAY-26 08:00:07
4000539584,27,1,738,738,F,ACRM_SLIT,L,367,272.0,0.0,1525,2.25,T01576,281.79,202629,N,HG02,202630,13-JUN-26 00:00:00,,,,I,ACRM_SLIT,272.0,T01576,HR,12-MAY-26 08:00:07
4000539584,46,1,738,738,F,ACRM_SLIT,L,367,272.0,0.0,1440,2.0,S02149,284.67,202629,N,SF93,202630,13-JUN-26 00:00:00,,,,I,ACRM_SLIT,272.0,S02149,HR,12-MAY-26 08:00:07
4000539584,35,1,738,738,F,ACRM_SLIT,L,367,272.0,0.0,1525,2.3,T01576,281.79,202629,N,HG02,202630,13-JUN-26 00:00:00,,,,I,ACRM_SLIT,272.0,T01576,HR,12-MAY-26 08:00:07
4000539584,3,1,738,738,F,ACRM_SLIT,L,367,272.0,0.0,1525,2.0,T01576,281.79,202629,N,HG02,202630,13-JUN-26 00:00:00,,,,I,ACRM_SLIT,272.0,T01576,HR,12-MAY-26 08:00:07
4000539584,5,1,738,738,F,ACRM_SLIT,L,367,272.0,0.0,1525,2.0,T01576,281.79,202629,N,HG02,202630,13-JUN-26 00:00:00,,,,I,ACRM_SLIT,272.0,T01576,HR,12-MAY-26 08:00:07
9519743996,2,1,738,738,O,HR_DOM,L,367,240.0,0.0,1250,1.6,I09497,248.64,202625,N,HG01,202626,03-JUN-26 00:00:00,,,,I,HR_DOM,240.0,I09497,HR,12-MAY-26 08:00:07
4000540759,1,1,738,738,F,HR_DOM,L,367,30.0,0.0,1250,2.0,TIP001,30.77,202621,N,HG34,202622,25-MAY-26 00:00:00,,,,G,HR_DOM,30.0,TIP001,HR,12-MAY-26 08:00:07
4000540804,3,1,738,738,F,SCRM,I,367,279.0,0.0,1600,3.2,T01052,291.99,202623,N,SD88,202625,03-JUN-26 00:00:00,,,,G,SCRM,279.0,T01052,HR,12-MAY-26 08:00:07
4000539584,6,1,738,738,F,ACRM_SLIT,L,367,272.0,29.09,1525,2.0,T01576,251.66,202629,N,HG02,202630,14-JUN-26 00:00:00,,,,I,ACRM_SLIT,272.0,T01576,HR,12-MAY-26 08:00:07
4000539584,7,1,738,738,F,ACRM_SLIT,L,367,272.0,0.0,1525,2.0,T01576,281.79,202629,N,HG02,202630,13-JUN-26 00:00:00,,,,I,ACRM_SLIT,272.0,T01576,HR,12-MAY-26 08:00:07
4000539584,9,1,738,738,F,ACRM_SLIT,L,367,272.0,0.0,1525,2.0,T01576,281.79,202629,N,HG02,202630,13-JUN-26 00:00:00,,,,I,ACRM_SLIT,272.0,T01576,HR,12-MAY-26 08:00:07
4000539584,10,1,738,738,F,ACRM_SLIT,L,367,272.0,0.0,1525,2.25,T01576,281.79,202629,N,HG02,202630,13-JUN-26 00:00:00,,,,I,ACRM_SLIT,272.0,T01576,HR,12-MAY-26 08:00:07
4000539584,11,1,738,738,F,ACRM_SLIT,L,367,272.0,0.0,1525,2.25,T01576,281.79,202629,N,HG02,202630,13-JUN-26 00:00:00,,,,I,ACRM_SLIT,272.0,T01576,HR,12-MAY-26 08:00:07
4000539584,14,1,738,738,F,ACRM_SLIT,L,367,272.0,0.0,1525,2.25,T01576,281.79,202629,N,HG02,202630,13-JUN-26 00:00:00,,,,I,ACRM_SLIT,272.0,T01576,HR,12-MAY-26 08:00:07
4000539584,15,1,738,738,F,ACRM_SLIT,L,367,272.0,0.0,1525,2.25,T01576,281.79,202629,N,HG02,202630,13-JUN-26 00:00:00,,,,I,ACRM_SLIT,272.0,T01576,HR,12-MAY-26 08:00:07
4000539584,16,1,738,738,F,ACRM_SLIT,L,367,272.0,0.0,1525,2.25,T01576,281.79,202629,N,HG02,202630,13-JUN-26 00:00:00,,,,I,ACRM_SLIT,272.0,T01576,HR,12-MAY-26 08:00:07
4000539584,12,1,738,738,F,ACRM_SLIT,L,367,272.0,0.0,1525,2.25,T01576,281.79,202629,N,HG02,202630,13-JUN-26 00:00:00,,,,I,ACRM_SLIT,272.0,T01576,HR,12-MAY-26 08:00:07
4000539584,23,1,738,738,F,ACRM_SLIT,L,367,272.0,0.0,1525,2.25,T01576,281.79,202629,N,HG02,202630,13-JUN-26 00:00:00,,,,I,ACRM_SLIT,272.0,T01576,HR,12-MAY-26 08:00:07
4000539584,24,1,738,738,F,ACRM_SLIT,L,367,272.0,0.0,1525,2.25,T01576,281.79,202629,N,HG02,202630,13-JUN-26 00:00:00,,,,I,ACRM_SLIT,272.0,T01576,HR,12-MAY-26 08:00:07
4000539584,25,1,738,738,F,ACRM_SLIT,L,367,272.0,0.0,1525,2.25,T01576,281.79,202629,N,HG02,202630,13-JUN-26 00:00:00,,,,I,ACRM_SLIT,272.0,T01576,HR,12-MAY-26 08:00:07
4000539584,26,1,738,738,F,ACRM_SLIT,L,367,272.0,0.0,1525,2.25,T01576,281.79,202629,N,HG02,202630,13-JUN-26 00:00:00,,,,I,ACRM_SLIT,272.0,T01576,HR,12-MAY-26 08:00:07
4000539584,21,1,738,738,F,ACRM_SLIT,L,367,272.0,0.0,1525,2.25,T01576,281.79,202629,N,HG02,202630,13-JUN-26 00:00:00,,,,I,ACRM_SLIT,272.0,T01576,HR,12-MAY-26 08:00:07
4000539584,31,1,738,738,F,ACRM_SLIT,L,367,272.0,0.0,1525,2.25,T01576,281.79,202629,N,HG02,202630,13-JUN-26 00:00:00,,,,I,ACRM_SLIT,272.0,T01576,HR,12-MAY-26 08:00:07
4000540777,1,1,738,738,F,HR_SPC,L,367,300.0,131.39,1250,5.0,Q17015,172.95,202625,N,HD06,202626,13-JUN-26 00:00:00,,,,I,HR_SPC,300.0,Q17015,HR,12-MAY-26 08:00:07
9519662842,1,1,738,744,O,HR_DOM,,B18,112.0,0.0,0,0.0, ,0.0,202622,N,,202626,03-JUN-26 00:00:00,,,,I,HR_DOM,112.0,,HR,12-MAY-26 08:00:07
9519754684,3,1,738,744,O,HR_DOM,,B17,28.0,0.0,0,0.0, ,0.0,202620,N,,202623,03-JUN-26 00:00:00,,,,I,HR_DOM,28.0,,HR,12-MAY-26 08:00:07
9519764534,1,1,738,743,O,HR_DOM,,B04,290.0,0.0,0,0.0, ,0.0,202625,N,,202628,03-JUN-26 00:00:00,,,,I,HR_DOM,290.0,,HR,12-MAY-26 08:00:07
4000539584,32,1,738,738,F,ACRM_SLIT,L,367,272.0,0.0,1525,2.25,T01576,281.79,202629,N,HG02,202630,13-JUN-26 00:00:00,,,,I,ACRM_SLIT,272.0,T01576,HR,12-MAY-26 08:00:07
4000539584,33,1,738,738,F,ACRM_SLIT,L,367,272.0,0.0,1525,2.25,T01576,281.79,202629,N,HG02,202630,13-JUN-26 00:00:00,,,,I,ACRM_SLIT,272.0,T01576,HR,12-MAY-26 08:00:07
4000539584,29,1,738,738,F,ACRM_SLIT,L,367,272.0,0.0,1525,2.25,T01576,281.79,202629,N,HG02,202630,13-JUN-26 00:00:00,,,,I,ACRM_SLIT,272.0,T01576,HR,12-MAY-26 08:00:07
4000539584,34,1,738,738,F,ACRM_SLIT,L,367,272.0,0.0,1525,2.25,T01576,281.79,202629,N,HG02,202630,13-JUN-26 00:00:00,,,,I,ACRM_SLIT,272.0,T01576,HR,12-MAY-26 08:00:07
4000539584,30,1,738,738,F,ACRM_SLIT,L,367,272.0,0.0,1525,2.25,T01576,281.79,202629,N,HG02,202630,13-JUN-26 00:00:00,,,,I,ACRM_SLIT,272.0,T01576,HR,12-MAY-26 08:00:07
4000539584,44,1,738,738,F,ACRM_SLIT,L,367,272.0,0.0,1440,2.0,S02149,284.67,202629,N,SF93,202630,14-JUN-26 00:00:00,,,,I,ACRM_SLIT,272.0,S02149,HR,12-MAY-26 08:00:07
4000539584,45,1,738,738,F,ACRM_SLIT,L,367,272.0,0.0,1440,2.0,S02149,284.67,202629,N,SF93,202630,14-JUN-26 00:00:00,,,,I,ACRM_SLIT,272.0,S02149,HR,12-MAY-26 08:00:07
4000539584,47,1,738,738,F,ACRM_SLIT,L,367,272.0,0.0,1440,2.25,S02149,284.67,202629,N,SF93,202630,13-JUN-26 00:00:00,,,,I,ACRM_SLIT,272.0,S02149,HR,12-MAY-26 08:00:07
4000539584,48,1,738,738,F,ACRM_SLIT,L,367,272.0,0.0,1440,2.25,S02149,284.67,202629,N,SF93,202630,13-JUN-26 00:00:00,,,,I,ACRM_SLIT,272.0,S02149,HR,12-MAY-26 08:00:07
4000539584,36,1,738,738,F,ACRM_SLIT,L,367,272.0,0.0,1525,2.3,T01576,281.79,202629,N,HG02,202630,13-JUN-26 00:00:00,,,,I,ACRM_SLIT,272.0,T01576,HR,12-MAY-26 08:00:07
4000539584,37,1,738,738,F,ACRM_SLIT,L,367,272.0,0.0,1525,2.3,T01576,281.79,202629,N,HG02,202630,13-JUN-26 00:00:00,,,,I,ACRM_SLIT,272.0,T01576,HR,12-MAY-26 08:00:07
4000539584,38,1,738,738,F,ACRM_SLIT,L,367,272.0,0.0,1525,2.3,T01576,281.79,202629,N,HG02,202630,13-JUN-26 00:00:00,,,,I,ACRM_SLIT,272.0,T01576,HR,12-MAY-26 08:00:07
4000539584,39,1,738,738,F,ACRM_SLIT,L,367,272.0,0.0,1525,2.3,T01576,281.79,202629,N,HG02,202630,13-JUN-26 00:00:00,,,,I,ACRM_SLIT,272.0,T01576,HR,12-MAY-26 08:00:07
4000539584,40,1,738,738,F,ACRM_SLIT,L,367,272.0,0.0,1525,2.3,T01576,281.79,202629,N,HG02,202630,13-JUN-26 00:00:00,,,,I,ACRM_SLIT,272.0,T01576,HR,12-MAY-26 08:00:07
4000540917,1,1,738,738,F,SCRM,I,367,300.0,0.0,1270,3.2,T01052,313.97,202623,N,SD88,202625,03-JUN-26 00:00:00,,,,G,SCRM,300.0,T01052,HR,12-MAY-26 08:00:07
4000540917,2,1,738,738,F,SCRM,I,367,150.0,0.0,1270,3.2,T01052,156.99,202623,N,SD88,202625,03-JUN-26 00:00:00,,,,G,SCRM,150.0,T01052,HR,12-MAY-26 08:00:07
4000540917,3,1,738,738,F,SCRM,I,367,300.0,0.0,1230,3.2,T01052,313.97,202623,N,SD88,202625,03-JUN-26 00:00:00,,,,G,SCRM,300.0,T01052,HR,12-MAY-26 08:00:07
4000540777,2,1,738,738,F,HR_SPC,L,367,300.0,0.0,1250,6.0,Q17015,307.7,202625,N,HD06,202626,13-JUN-26 00:00:00,,,,I,HR_SPC,300.0,Q17015,HR,12-MAY-26 08:00:07
9519732119,2,1,738,738,O,HR_DOM,L,368,30.0,0.0,1250,12.0,UNB092,32.37,202624,N,UN92,202626,03-JUN-26 00:00:00,,,,I,HR_DOM,30.0,UNB092,HR,12-MAY-26 08:00:07
9519732119,3,1,738,738,O,HR_DOM,A,368,30.0,0.0,1250,16.0,UNB094,33.05,202624,N,UN94,202626,03-JUN-26 00:00:00,,,,I,HR_DOM,30.0,UNB094,HR,12-MAY-26 08:00:07
9519732119,5,1,738,738,O,HR_DOM,A,368,30.0,0.0,1250,20.0,UNB094,33.05,202624,N,UN94,202626,03-JUN-26 00:00:00,,,,I,HR_DOM,30.0,UNB094,HR,12-MAY-26 08:00:07
9519732119,6,1,738,738,O,HR_DOM,A,368,60.0,0.0,1250,20.0,UNB094,66.1,202624,N,UN94,202626,03-JUN-26 00:00:00,,,,I,HR_DOM,60.0,UNB094,HR,12-MAY-26 08:00:07
9519695272,1,1,738,738,O,HR_DOM,L,B77,90.0,0.0,1250,1.6,THR085,99.15,202622,N,HR85,202626,03-JUN-26 00:00:00,,,,I,HR_DOM,90.0,THR085,HR,12-MAY-26 08:00:07
9519695272,4,1,738,738,O,HR_DOM,L,B77,34.0,0.0,1500,2.0,THR085,37.46,202622,N,HR85,202626,03-JUN-26 00:00:00,,,,I,HR_DOM,34.0,THR085,HR,12-MAY-26 08:00:07
9519695272,5,1,738,738,O,HR_DOM,L,B77,34.0,0.0,1500,2.5,THR085,37.46,202622,N,HR85,202626,03-JUN-26 00:00:00,,,,I,HR_DOM,34.0,THR085,HR,12-MAY-26 08:00:07
9519695272,3,1,738,738,O,HR_DOM,L,B77,34.0,0.0,1500,2.0,THR085,37.46,202622,N,HR85,202626,03-JUN-26 00:00:00,,,,I,HR_DOM,34.0,THR085,HR,12-MAY-26 08:00:07
9519687292,5,1,738,738,O,HR_DOM,A,368,35.0,0.0,1500,20.0,UNB094,38.56,202624,N,UN94,202626,03-JUN-26 00:00:00,,,,I,HR_DOM,35.0,UNB094,HR,12-MAY-26 08:00:07
9519687292,4,1,738,738,O,HR_DOM,A,368,35.0,0.0,1500,16.0,UNB094,38.56,202624,N,UN94,202626,03-JUN-26 00:00:00,,,,I,HR_DOM,35.0,UNB094,HR,12-MAY-26 08:00:07
9519689415,2,1,738,738,O,HR_DOM,L,691,150.0,0.0,1250,2.0,TIP001,156.99,202624,N,HG34,202626,03-JUN-26 00:00:00,,,,I,HR_DOM,150.0,TIP001,HR,12-MAY-26 08:00:07
9519689415,4,1,738,738,O,HR_DOM,L,691,30.0,0.0,1250,4.0,TIP001,31.4,202624,N,HG34,202626,03-JUN-26 00:00:00,,,,I,HR_DOM,30.0,TIP001,HR,12-MAY-26 08:00:07
9519689415,5,1,738,738,O,HR_DOM,L,368,30.0,0.0,1250,5.0,TIP001,21.08,202624,N,HG34,202626,09-JUN-26 00:00:00,,,,I,HR_DOM,30.0,TIP001,HR,12-MAY-26 08:00:07
9519760615,8,1,738,738,O,HR_DOM,L,367,68.0,0.0,1500,6.0,I09508,70.45,202625,N,HG22,202627,03-JUN-26 00:00:00,,,,I,HR_DOM,68.0,I09508,HR,12-MAY-26 08:00:07
9519760604,1,1,738,738,O,HR_DOM,L,367,90.0,0.0,1250,2.0,TIP001,92.31,202623,N,HG34,202625,03-JUN-26 00:00:00,,,,I,HR_DOM,90.0,TIP001,HR,12-MAY-26 08:00:07
4000540337,2,1,738,738,F,HR_DOM,L,367,210.0,0.0,1250,1.8,I09497,217.56,202621,N,HG01,202622,28-MAY-26 00:00:00,,,,Y,HR_DOM,210.0,I09497,HR,12-MAY-26 08:00:07
4000540337,4,1,738,738,F,HR_DOM,L,367,272.0,271.45,1500,2.5,I09497,0.55,202626,N,HG01,202627,14-MAY-26 00:00:00,,,,I,HR_DOM,272.0,I09497,HR,12-MAY-26 08:00:07
4000540340,1,1,738,738,F,HR_DOM,L,367,300.0,0.0,1250,2.0,TIP001,307.69,202621,N,HG34,202622,26-MAY-26 00:00:00,,,,G,HR_DOM,300.0,TIP001,HR,12-MAY-26 08:00:07
4000540340,2,1,738,738,F,HR_DOM,L,367,210.0,0.0,1250,2.0,TIP001,215.39,202624,N,HG34,202625,03-JUN-26 00:00:00,,,,I,HR_DOM,210.0,TIP001,HR,12-MAY-26 08:00:07
4000540340,3,1,738,738,F,HR_DOM,L,367,210.0,0.0,1250,1.6,I09497,217.56,202623,N,HG01,202624,26-MAY-26 00:00:00,,,,R,HR_DOM,210.0,I09497,HR,12-MAY-26 08:00:07
4000540340,4,1,738,738,F,HR_DOM,L,367,210.0,0.0,1250,1.8,I09497,217.56,202625,N,HG01,202626,13-JUN-26 00:00:00,,,,I,HR_DOM,210.0,I09497,HR,12-MAY-26 08:00:07
9519677397,5,1,738,738,O,HR_DOM,L,B69,210.0,0.0,1250,2.0,THR085,226.72,202624,N,HR85,202626,03-JUN-26 00:00:00,,,,I,HR_DOM,210.0,THR085,HR,12-MAY-26 08:00:07
9519722587,1,1,738,738,O,HR_DOM,A,368,70.0,0.0,1500,10.0,THG038,73.26,202623,N,HG38,202626,08-JUN-26 00:00:00,,,,I,HR_DOM,70.0,THG038,HR,12-MAY-26 08:00:07
9519722587,2,1,738,738,O,HR_DOM,A,368,35.0,0.0,1500,16.0,UNB020,37.0,202623,N,UN20,202626,08-JUN-26 00:00:00,,,,I,HR_DOM,35.0,UNB020,HR,12-MAY-26 08:00:07
9519722587,3,1,738,738,O,HR_DOM,A,368,70.0,0.0,1500,20.0,UNB020,74.0,202623,N,UN20,202626,08-JUN-26 00:00:00,,,,I,HR_DOM,70.0,UNB020,HR,12-MAY-26 08:00:07
9519682358,1,1,738,738,O,HR_DOM,L,B77,60.0,0.0,1250,1.6,THR085,66.1,202623,N,HR85,202626,03-JUN-26 00:00:00,,,,I,HR_DOM,60.0,THR085,HR,12-MAY-26 08:00:07
9519682358,2,1,738,738,O,HR_DOM,L,B77,60.0,0.0,1250,2.0,THR085,66.1,202623,N,HR85,202626,03-JUN-26 00:00:00,,,,I,HR_DOM,60.0,THR085,HR,12-MAY-26 08:00:07
9519682358,3,1,738,738,O,HR_DOM,L,B77,30.0,0.0,1250,4.0,THR085,33.05,202623,N,HR85,202626,03-JUN-26 00:00:00,,,,I,HR_DOM,30.0,THR085,HR,12-MAY-26 08:00:07
9519682358,4,1,738,738,O,HR_DOM,L,B77,30.0,0.0,1250,2.5,THR085,33.05,202623,N,HR85,202626,03-JUN-26 00:00:00,,,,I,HR_DOM,30.0,THR085,HR,12-MAY-26 08:00:07
9519687203,1,1,738,738,O,HR_DOM,L,691,150.0,0.0,1250,2.0,TIP001,156.99,202624,N,HG34,202626,03-JUN-26 00:00:00,,,,I,HR_DOM,150.0,TIP001,HR,12-MAY-26 08:00:07
9519714473,1,1,738,738,O,HR_DOM,L,B69,120.0,0.0,1250,1.6,THR085,129.56,202624,N,HR85,202626,03-JUN-26 00:00:00,,,,I,HR_DOM,120.0,THR085,HR,12-MAY-26 08:00:07
9519714473,2,1,738,738,O,HR_DOM,L,B69,90.0,0.0,1250,1.6,THR085,97.17,202624,N,HR85,202626,03-JUN-26 00:00:00,,,,I,HR_DOM,90.0,THR085,HR,12-MAY-26 08:00:07
9519714473,4,1,738,738,O,HR_DOM,L,B69,105.0,0.0,1500,2.0,THR085,113.36,202624,N,HR85,202626,03-JUN-26 00:00:00,,,,I,HR_DOM,105.0,THR085,HR,12-MAY-26 08:00:07
9519697850,1,1,738,738,O,HR_DOM,L,B77,34.0,0.0,1500,2.5,THR085,37.46,202622,N,HR85,202626,03-JUN-26 00:00:00,,,,I,HR_DOM,34.0,THR085,HR,12-MAY-26 08:00:07
4000540617,1,1,738,738,F,HR_SPC,A,367,272.0,263.13,1530,3.4,THA038,37.15,202623,N,HA38,202626,10-JUN-26 00:00:00,,,,I,HR_SPC,272.0,THA038,HR,12-MAY-26 08:00:07
9519723574,1,1,738,738,O,HR_DOM,L,368,60.0,0.0,1250,5.0,TIP001,62.79,202624,N,HG34,202626,03-JUN-26 00:00:00,,,,I,HR_DOM,60.0,TIP001,HR,12-MAY-26 08:00:07
9519723574,2,1,738,738,O,HR_DOM,L,368,60.0,0.0,1250,5.0,TIP001,62.79,202624,N,HG34,202626,03-JUN-26 00:00:00,,,,I,HR_DOM,60.0,TIP001,HR,12-MAY-26 08:00:07
9519696991,1,1,738,738,O,HR_DOM,L,B77,30.0,0.0,1250,1.6,THR085,33.05,202622,N,HR85,202626,03-JUN-26 00:00:00,,,,I,HR_DOM,30.0,THR085,HR,12-MAY-26 08:00:07
9519696991,2,1,738,738,O,HR_DOM,L,B77,34.0,0.0,1500,2.0,THR085,37.46,202622,N,HR85,202626,03-JUN-26 00:00:00,,,,I,HR_DOM,34.0,THR085,HR,12-MAY-26 08:00:07
9519696991,4,1,738,738,O,HR_DOM,L,B77,34.0,0.0,1500,2.5,THR085,37.46,202622,N,HR85,202626,03-JUN-26 00:00:00,,,,I,HR_DOM,34.0,THR085,HR,12-MAY-26 08:00:07
9519696991,3,1,738,738,O,HR_DOM,L,B77,34.0,0.0,1500,2.0,THR085,37.46,202622,N,HR85,202626,03-JUN-26 00:00:00,,,,I,HR_DOM,34.0,THR085,HR,12-MAY-26 08:00:07
9519714432,1,1,738,738,O,HR_DOM,A,368,70.0,0.0,1500,6.0,I17020,79.63,202624,N,HR05,202626,09-JUN-26 00:00:00,,,,I,HR_DOM,70.0,I17020,HR,12-MAY-26 08:00:07
9519714432,2,1,738,738,O,HR_DOM,A,368,35.0,0.0,1500,20.0,UNB020,37.0,202624,N,UN20,202626,09-JUN-26 00:00:00,,,,I,HR_DOM,35.0,UNB020,HR,12-MAY-26 08:00:07
9519719142,1,1,738,738,O,HR_DOM,L,B77,60.0,0.0,1250,1.6,THR085,66.1,202623,N,HR85,202626,03-JUN-26 00:00:00,,,,I,HR_DOM,60.0,THR085,HR,12-MAY-26 08:00:07
9519719142,2,1,738,738,O,HR_DOM,L,B77,60.0,0.0,1250,2.0,THR085,66.1,202623,N,HR85,202626,03-JUN-26 00:00:00,,,,I,HR_DOM,60.0,THR085,HR,12-MAY-26 08:00:07
9519697875,1,1,738,738,O,HR_DOM,L,B77,34.0,0.0,1500,3.0,THR085,37.46,202622,N,HR85,202626,03-JUN-26 00:00:00,,,,I,HR_DOM,34.0,THR085,HR,12-MAY-26 08:00:07
9519732119,4,1,738,738,O,HR_DOM,A,368,60.0,0.0,1250,16.0,UNB094,66.1,202624,N,UN94,202626,03-JUN-26 00:00:00,,,,I,HR_DOM,60.0,UNB094,HR,12-MAY-26 08:00:07
9519732119,1,1,738,738,O,HR_DOM,L,368,30.0,0.0,1250,12.0,UNB092,32.37,202624,N,UN92,202626,03-JUN-26 00:00:00,,,,I,HR_DOM,30.0,UNB092,HR,12-MAY-26 08:00:07
60975155,1,1,738,738,B,TUBE,B,367,175.0,0.0,1450,5.15,I17480,179.49,202621,N,SH35,202622,03-JUN-26 00:00:00,,,,R,TUBE,175.0,I17480,HR,12-MAY-26 08:00:07
60975155,5,1,738,738,B,TUBE,L,367,136.0,148.05,1550,2.8,I09490,48.39,202621,N,HG08,202622,03-JUN-26 00:00:00,,,,R,TUBE,136.0,I09490,HR,12-MAY-26 08:00:07
60975155,6,1,738,738,B,TUBE,L,367,68.0,54.11,1600,2.8,I09490,14.29,202621,N,HG08,202622,03-JUN-26 00:00:00,,,,R,TUBE,68.0,I09490,HR,12-MAY-26 08:00:07
60975155,7,1,738,738,B,TUBE,B,367,34.0,0.0,1600,5.15,I17480,28.18,202621,N,SH35,202622,03-JUN-26 00:00:00,,,,R,TUBE,34.0,I17480,HR,12-MAY-26 08:00:07
60975155,8,1,738,738,B,TUBE,B,367,64.0,0.0,1350,5.15,BSL092,65.65,202621,N,BS92,202622,03-JUN-26 00:00:00,,,,R,TUBE,64.0,BSL092,HR,12-MAY-26 08:00:07
60975155,9,1,738,738,B,TUBE,B,367,66.0,0.0,1400,5.15,BSL092,67.69,202621,N,BS92,202622,03-JUN-26 00:00:00,,,,R,TUBE,66.0,BSL092,HR,12-MAY-26 08:00:07
9519723413,1,1,738,738,O,HR_DOM,A,367,204.0,0.0,1560,9.6,THB029,213.5,202624,N,HB29,202625,03-JUN-26 00:00:00,,,,I,HR_DOM,204.0,THB029,HR,12-MAY-26 08:00:07
9519723413,2,1,738,738,O,HR_DOM,A,367,204.0,0.0,1560,9.6,THB029,213.5,202624,N,HB29,202625,03-JUN-26 00:00:00,,,,I,HR_DOM,204.0,THB029,HR,12-MAY-26 08:00:07
9519724114,4,1,738,742,O,ACRM HRPO,L,768,203.0,23.79,1250,2.5,THA058,233.45,202623,N,HA58,202626,07-JUN-26 00:00:00,,,,I,ACRM HRPO,203.0,THA058,HR,12-MAY-26 08:00:07
9519724114,7,1,738,742,O,ACRM HRPO,L,768,58.0,0.0,1250,3.0,THA058,66.7,202623,N,HA58,202626,08-JUN-26 00:00:00,,,,I,ACRM HRPO,58.0,THA058,HR,12-MAY-26 08:00:07
9519724114,9,1,738,742,O,ACRM HRPO,L,768,203.0,24.77,1250,4.0,THA058,233.45,202623,N,HA58,202626,07-JUN-26 00:00:00,,,,I,ACRM HRPO,203.0,THA058,HR,12-MAY-26 08:00:07
9519761813,1,1,738,738,O,HR_DOM,P,367,120.0,0.0,1250,3.0,BSL086,124.32,202622,N,BS86,202624,01-JUN-26 00:00:00,,,,I,HR_DOM,120.0,BSL086,HR,12-MAY-26 08:00:07
9519773787,1,1,738,738,B,HR_DOM,B,367,170.0,0.0,1525,7.6,I17480,174.36,202623,N,SH35,202624,14-MAY-26 00:00:00,,,,I,HR_DOM,170.0,I17480,HR,12-MAY-26 08:00:07
9519773787,2,1,738,738,B,HR_DOM,B,367,136.0,0.0,1560,7.6,I17480,139.48,202623,N,SH35,202624,14-MAY-26 00:00:00,,,,I,HR_DOM,136.0,I17480,HR,12-MAY-26 08:00:07
9519773787,3,1,738,738,B,HR_DOM,B,367,204.0,0.0,1525,15.6,UNB053,209.24,202623,N,UN53,202624,15-MAY-26 00:00:00,,,,I,HR_DOM,204.0,UNB053,HR,12-MAY-26 08:00:07
9519767732,1,1,738,738,O,HR_DOM,A,367,120.0,0.0,1250,3.1,THB049,125.59,202624,N,HR49,202626,09-JUN-26 00:00:00,,,,I,HR_DOM,120.0,THB049,HR,12-MAY-26 08:00:07
9519773789,1,1,738,738,B,HR_DOM,S,367,29.0,0.0,1230,2.9,I09495,27.85,202622,N,HG06,202624,14-MAY-26 00:00:00,,,,I,HR_DOM,29.0,I09495,HR,12-MAY-26 08:00:07
9519773743,1,1,738,738,B,HR_DOM,P,367,27.0,0.0,1140,3.6,BSL017,27.69,202624,N,BS17,202626,12-JUN-26 00:00:00,,,,I,HR_DOM,27.0,BSL017,HR,12-MAY-26 08:00:07
9519773743,2,1,738,738,B,HR_DOM,P,367,128.0,0.0,1330,3.6,BSL017,131.27,202624,N,BS17,202626,14-MAY-26 00:00:00,,,,I,HR_DOM,128.0,BSL017,HR,12-MAY-26 08:00:07
4000540842,1,1,738,738,F,HR_DOM,P,367,120.0,0.0,1250,2.9,BSL017,123.08,202624,N,BS17,202626,03-JUN-26 00:00:00,,,,I,HR_DOM,120.0,BSL017,HR,12-MAY-26 08:00:07
9519759370,1,1,738,738,O,HR_DOM,L,367,272.0,0.0,1500,1.8,TIP001,278.97,202621,N,HG34,202622,30-MAY-26 00:00:00,,,,G,HR_DOM,272.0,TIP001,HR,12-MAY-26 08:00:07
9519759370,2,1,738,738,O,HR_DOM,L,367,238.0,0.0,1500,1.8,TIP001,244.1,202621,N,HG34,202622,27-MAY-26 00:00:00,,,,G,HR_DOM,238.0,TIP001,HR,12-MAY-26 08:00:07
9519759370,3,1,738,738,O,HR_DOM,L,367,272.0,0.0,1500,2.0,TIP001,278.97,202621,N,HG34,202622,30-MAY-26 00:00:00,,,,G,HR_DOM,272.0,TIP001,HR,12-MAY-26 08:00:07
9519769967,1,1,738,743,O,HR_DOM,,B04,280.0,0.0,0,0.0, ,0.0,202626,N,,202628,03-JUN-26 00:00:00,,,,I,HR_DOM,280.0,,HR,12-MAY-26 08:00:07
9519769967,2,1,738,743,O,HR_DOM,,B04,224.0,0.0,0,0.0, ,0.0,202626,N,,202628,03-JUN-26 00:00:00,,,,I,HR_DOM,224.0,,HR,12-MAY-26 08:00:07
9519759526,16,1,738,738,O,HR_DOM,L,367,102.0,0.0,1500,2.2,TIP001,104.62,202624,N,HG34,202625,12-JUN-26 00:00:00,,,,I,HR_DOM,102.0,TIP001,HR,12-MAY-26 08:00:07
9519759526,21,1,738,738,O,HR_DOM,L,367,272.0,0.0,1500,2.5,TIP001,278.97,202626,N,HG34,202627,14-JUN-26 00:00:00,,,,I,HR_DOM,272.0,TIP001,HR,12-MAY-26 08:00:07
9519759526,23,1,738,738,O,HR_DOM,L,367,102.0,0.0,1500,4.3,TIP001,104.62,202626,N,HG34,202627,14-JUN-26 00:00:00,,,,I,HR_DOM,102.0,TIP001,HR,12-MAY-26 08:00:07
9519759602,10,1,738,738,O,HR_DOM,L,367,204.0,0.0,1500,2.5,TIP001,209.23,202623,N,HG34,202624,02-JUN-26 00:00:00,,,,I,HR_DOM,204.0,TIP001,HR,12-MAY-26 08:00:07
9519759602,7,1,738,738,O,HR_DOM,L,367,68.0,0.0,1500,2.2,TIP001,69.74,202623,N,HG34,202624,09-JUN-26 00:00:00,,,,I,HR_DOM,68.0,TIP001,HR,12-MAY-26 08:00:07
9519759602,9,1,738,738,O,HR_DOM,L,367,68.0,0.0,1500,2.4,TIP001,69.74,202623,N,HG34,202624,09-JUN-26 00:00:00,,,,I,HR_DOM,68.0,TIP001,HR,12-MAY-26 08:00:07
9519759602,12,1,738,738,O,HR_DOM,L,367,204.0,0.0,1500,2.5,TIP001,209.23,202626,N,HG34,202627,14-JUN-26 00:00:00,,,,I,HR_DOM,204.0,TIP001,HR,12-MAY-26 08:00:07
9519759602,13,1,738,738,O,HR_DOM,L,367,68.0,0.0,1500,3.1,TIP001,69.74,202627,N,HG34,202628,14-JUN-26 00:00:00,,,,I,HR_DOM,68.0,TIP001,HR,12-MAY-26 08:00:07
9519759602,14,1,738,738,O,HR_DOM,L,367,102.0,0.0,1500,4.3,TIP001,104.62,202623,N,HG34,202624,09-JUN-26 00:00:00,,,,I,HR_DOM,102.0,TIP001,HR,12-MAY-26 08:00:07
9519759602,8,1,738,738,O,HR_DOM,L,367,68.0,0.0,1500,2.3,TIP001,69.74,202623,N,HG34,202624,09-JUN-26 00:00:00,,,,I,HR_DOM,68.0,TIP001,HR,12-MAY-26 08:00:07
9519759602,11,1,738,738,O,HR_DOM,L,367,204.0,0.0,1500,2.5,TIP001,209.23,202627,N,HG34,202628,14-JUN-26 00:00:00,,,,I,HR_DOM,204.0,TIP001,HR,12-MAY-26 08:00:07
9519759602,6,1,738,738,O,HR_DOM,L,367,272.0,0.0,1500,2.0,TIP001,278.97,202621,N,HG34,202622,30-MAY-26 00:00:00,,,,G,HR_DOM,272.0,TIP001,HR,12-MAY-26 08:00:07
9519759526,17,1,738,738,O,HR_DOM,L,367,102.0,0.0,1500,2.3,TIP001,104.62,202624,N,HG34,202625,12-JUN-26 00:00:00,,,,I,HR_DOM,102.0,TIP001,HR,12-MAY-26 08:00:07
9519759526,15,1,738,738,O,HR_DOM,L,367,204.0,0.0,1500,2.0,TIP001,209.23,202623,N,HG34,202624,02-JUN-26 00:00:00,,,,I,HR_DOM,204.0,TIP001,HR,12-MAY-26 08:00:07
9519759526,18,1,738,738,O,HR_DOM,L,367,68.0,0.0,1500,2.4,TIP001,69.74,202623,N,HG34,202624,09-JUN-26 00:00:00,,,,I,HR_DOM,68.0,TIP001,HR,12-MAY-26 08:00:07
9519759526,19,1,738,738,O,HR_DOM,L,367,272.0,0.0,1500,2.5,TIP001,278.97,202623,N,HG34,202624,02-JUN-26 00:00:00,,,,I,HR_DOM,272.0,TIP001,HR,12-MAY-26 08:00:07
9519759526,20,1,738,738,O,HR_DOM,L,367,272.0,0.0,1500,2.5,TIP001,278.97,202624,N,HG34,202625,11-JUN-26 00:00:00,,,,I,HR_DOM,272.0,TIP001,HR,12-MAY-26 08:00:07
9519759526,22,1,738,738,O,HR_DOM,L,367,68.0,0.0,1500,3.1,TIP001,69.74,202623,N,HG34,202624,09-JUN-26 00:00:00,,,,I,HR_DOM,68.0,TIP001,HR,12-MAY-26 08:00:07
9519759526,14,1,738,738,O,HR_DOM,L,367,210.0,0.0,1250,1.6,TIP001,215.39,202626,N,HG34,202627,14-JUN-26 00:00:00,,,,I,HR_DOM,210.0,TIP001,HR,12-MAY-26 08:00:07
9519773429,1,1,738,738,B,HR_DOM,L,367,102.0,0.0,1680,6.0,I09508,95.71,202623,N,HG22,202624,14-MAY-26 00:00:00,,,,I,HR_DOM,102.0,I09508,HR,12-MAY-26 08:00:07
9519773195,1,1,738,738,B,HR_DOM,L,367,102.0,87.28,1500,2.5,I09497,16.15,202623,N,HG01,202624,08-JUN-26 00:00:00,,,,I,HR_DOM,102.0,I09497,HR,12-MAY-26 08:00:07
9519773968,1,1,738,738,O,HR_DOM,A,367,34.0,0.0,1500,3.0,TIP006,28.47,202623,N,HG42,202623,08-JUN-26 00:00:00,,,,I,HR_DOM,34.0,TIP006,HR,12-MAY-26 08:00:07
9519773968,3,1,738,738,O,HR_DOM,A,367,34.0,0.0,1500,6.0,TIP006,35.22,202624,N,HG42,202624,11-JUN-26 00:00:00,,,,I,HR_DOM,34.0,TIP006,HR,12-MAY-26 08:00:07
9519759338,2,1,738,738,O,HR_DOM,L,367,238.0,0.0,1500,1.8,TIP001,244.1,202621,N,HG34,202622,27-MAY-26 00:00:00,,,,G,HR_DOM,238.0,TIP001,HR,12-MAY-26 08:00:07
9519759338,3,1,738,738,O,HR_DOM,L,367,272.0,0.0,1500,2.0,TIP001,278.97,202621,N,HG34,202622,30-MAY-26 00:00:00,,,,G,HR_DOM,272.0,TIP001,HR,12-MAY-26 08:00:07
9519759338,6,1,738,738,O,HR_DOM,L,367,272.0,0.0,1500,2.5,TIP001,278.97,202625,N,HG34,202626,13-JUN-26 00:00:00,,,,I,HR_DOM,272.0,TIP001,HR,12-MAY-26 08:00:07
9519759338,1,1,738,738,O,HR_DOM,L,367,272.0,0.0,1500,1.8,TIP001,278.97,202626,N,HG34,202627,14-JUN-26 00:00:00,,,,I,HR_DOM,272.0,TIP001,HR,12-MAY-26 08:00:07
9519759338,4,1,738,738,O,HR_DOM,L,367,68.0,0.0,1500,2.2,TIP001,69.74,202624,N,HG34,202625,12-JUN-26 00:00:00,,,,I,HR_DOM,68.0,TIP001,HR,12-MAY-26 08:00:07
9519759338,5,1,738,738,O,HR_DOM,L,367,68.0,0.0,1500,2.3,TIP001,69.74,202624,N,HG34,202625,12-JUN-26 00:00:00,,,,I,HR_DOM,68.0,TIP001,HR,12-MAY-26 08:00:07
9519759338,7,1,738,738,O,HR_DOM,L,367,238.0,0.0,1500,2.5,TIP001,244.1,202626,N,HG34,202627,14-JUN-26 00:00:00,,,,I,HR_DOM,238.0,TIP001,HR,12-MAY-26 08:00:07
4000540555,1,1,738,738,F,HR_DOM,L,367,68.0,0.0,1680,2.9,THG004,71.9,202626,N,HG50,202627,14-JUN-26 00:00:00,,,,I,HR_DOM,68.0,THG004,HR,12-MAY-26 08:00:07
9519773428,1,1,738,738,B,HR_DOM,L,367,102.0,0.0,1550,2.5,I09497,105.68,202622,N,HG01,202624,14-MAY-26 00:00:00,,,,I,HR_DOM,102.0,I09497,HR,12-MAY-26 08:00:07
4000540786,4,1,738,738,F,SCRM_SPC_SLIT,L,367,217.0,172.92,1300,2.2,T01576,48.78,202623,N,HG02,202624,03-JUN-26 00:00:00,,,,I,SCRM_SPC_SLIT,217.0,T01576,HR,12-MAY-26 08:00:07
4000540786,5,1,738,738,F,SCRM_SPC_SLIT,L,367,279.0,202.07,1300,2.5,T01576,83.86,202623,N,HG02,202624,03-JUN-26 00:00:00,,,,I,SCRM_SPC_SLIT,279.0,T01576,HR,12-MAY-26 08:00:07
4000540786,6,1,738,738,F,SCRM_SPC_SLIT,L,367,124.0,86.59,1300,2.8,T01576,40.83,202623,N,HG02,202624,03-JUN-26 00:00:00,,,,I,SCRM_SPC_SLIT,124.0,T01576,HR,12-MAY-26 08:00:07
9519772862,1,1,738,738,O,HR_DOM,A,367,238.0,0.0,1500,3.0,I17020,265.33,202623,N,HR05,202625,03-JUN-26 00:00:00,,,,I,HR_DOM,238.0,I17020,HR,12-MAY-26 08:00:07
9519772862,2,1,738,738,O,HR_DOM,A,367,204.0,0.0,1500,4.0,I17020,227.43,202624,N,HR05,202626,12-JUN-26 00:00:00,,,,I,HR_DOM,204.0,I17020,HR,12-MAY-26 08:00:07
9519767101,3,1,738,738,O,HR_DOM,A,367,30.0,0.0,1250,16.0,UNB020,24.09,202626,N,UN20,202627,14-MAY-26 00:00:00,,,,I,HR_DOM,30.0,UNB020,HR,12-MAY-26 08:00:07
9519772902,1,1,738,738,O,HR_DOM,A,367,136.0,0.0,1500,5.0,I17020,151.62,202622,N,HR05,202624,01-JUN-26 00:00:00,,,,I,HR_DOM,136.0,I17020,HR,12-MAY-26 08:00:07
9519772902,2,1,738,738,O,HR_DOM,A,367,102.0,0.0,1500,5.0,I17020,113.71,202624,N,HR05,202626,12-JUN-26 00:00:00,,,,I,HR_DOM,102.0,I17020,HR,12-MAY-26 08:00:07
9519683070,1,1,738,738,O,HR_DOM,A,367,34.0,0.0,1500,2.5,UNB042,49.82,202623,N,UN42,202624,03-JUN-26 00:00:00,,,,I,HR_DOM,34.0,UNB042,HR,12-MAY-26 08:00:07
9519683060,4,1,738,738,O,HR_DOM,A,367,34.0,0.0,1500,5.0,TIP006,35.22,202622,N,HG42,202623,03-JUN-26 00:00:00,,,,I,HR_DOM,34.0,TIP006,HR,12-MAY-26 08:00:07
4000540412,3,1,738,738,F,HR_DOM,L,367,90.0,0.0,1250,3.45,UNB098,95.16,202623,N,UN98,202625,03-JUN-26 00:00:00,,,,I,HR_DOM,90.0,UNB098,HR,12-MAY-26 08:00:07
9519684367,21,1,738,738,O,HR_DOM,L,367,102.0,88.09,1500,2.9,TIP001,14.27,202621,N,HG34,202622,31-MAY-26 00:00:00,,,,G,HR_DOM,102.0,TIP001,HR,12-MAY-26 08:00:07
9519726693,6,1,738,738,O,HR_DOM,A,367,102.0,0.0,1500,6.0,TIP006,105.67,202624,N,HG42,202624,11-JUN-26 00:00:00,,,,I,HR_DOM,102.0,TIP006,HR,12-MAY-26 08:00:07
9519726693,7,1,738,738,O,HR_DOM,A,367,102.0,0.0,1500,8.0,THG038,104.62,202624,N,HG38,202624,03-JUN-26 00:00:00,,,,I,HR_DOM,102.0,THG038,HR,12-MAY-26 08:00:07
4000539483,1,1,738,738,F,KCRM,A,367,120.0,0.0,1250,5.0,THA042,124.32,202619,N,HB42,202621,17-MAY-26 00:00:00,,,,B,KCRM,120.0,THA042,HR,12-MAY-26 08:00:07
60975158,11,1,738,738,B,TUBE,L,367,102.0,111.78,1500,2.8,I09490,20.27,202621,N,HG08,202622,03-JUN-26 00:00:00,,,,R,TUBE,102.0,I09490,HR,12-MAY-26 08:00:07
9519761813,2,1,738,738,O,HR_DOM,P,367,120.0,0.0,1250,4.0,BSL086,124.32,202622,N,BS86,202624,01-JUN-26 00:00:00,,,,I,HR_DOM,120.0,BSL086,HR,12-MAY-26 08:00:07
9519761813,3,1,738,738,O,HR_DOM,P,367,60.0,0.0,1250,5.0,BSL086,62.16,202623,N,BS86,202625,10-JUN-26 00:00:00,,,,I,HR_DOM,60.0,BSL086,HR,12-MAY-26 08:00:07
60975157,1,1,738,738,B,TUBE,L,367,27.0,0.0,1125,2.2,I09490,23.36,202621,N,HG08,202622,03-JUN-26 00:00:00,,,,R,TUBE,27.0,I09490,HR,12-MAY-26 08:00:07
60975157,2,1,738,738,B,TUBE,L,367,28.0,0.0,1175,2.2,I09490,25.37,202621,N,HG08,202622,03-JUN-26 00:00:00,,,,R,TUBE,28.0,I09490,HR,12-MAY-26 08:00:07
60975157,3,1,738,738,B,TUBE,L,367,62.0,0.0,1300,2.2,I09490,55.26,202621,N,HG08,202622,03-JUN-26 00:00:00,,,,R,TUBE,62.0,I09490,HR,12-MAY-26 08:00:07
60975157,5,1,738,738,B,TUBE,A,367,30.0,27.98,1250,4.4,TIP006,0.0,202621,N,HG42,202622,03-JUN-26 00:00:00,,,,R,TUBE,30.0,TIP006,HR,12-MAY-26 08:00:07
60975157,6,1,738,738,B,TUBE,B,367,96.0,0.0,1350,4.4,T01608,98.46,202621,N,TU28,202622,03-JUN-26 00:00:00,,,,R,TUBE,96.0,T01608,HR,12-MAY-26 08:00:07
60975156,1,1,738,738,B,TUBE,L,367,217.0,0.0,1300,2.2,I09490,213.55,202621,N,HG08,202622,03-JUN-26 00:00:00,,,,R,TUBE,217.0,I09490,HR,12-MAY-26 08:00:07
60975158,1,1,738,738,B,TUBE,L,367,96.0,0.0,1350,2.5,I09497,99.46,202621,N,HG01,202622,03-JUN-26 00:00:00,,,,R,TUBE,96.0,I09497,HR,12-MAY-26 08:00:07
60975158,2,1,738,738,B,TUBE,L,367,50.0,0.0,1050,2.2,I09497,51.8,202621,N,HG01,202622,03-JUN-26 00:00:00,,,,R,TUBE,50.0,I09497,HR,12-MAY-26 08:00:07
60975158,3,1,738,738,B,TUBE,L,367,238.0,143.57,1550,2.5,TIP001,97.25,202621,N,HG34,202622,03-JUN-26 00:00:00,,,,R,TUBE,238.0,TIP001,HR,12-MAY-26 08:00:07
60975158,4,1,738,738,B,TUBE,L,367,204.0,31.12,1650,2.5,I09497,179.1,202621,N,HG01,202622,03-JUN-26 00:00:00,,,,R,TUBE,204.0,I09497,HR,12-MAY-26 08:00:07
60975158,5,1,738,738,B,TUBE,L,367,44.0,0.0,950,2.2,I09497,45.58,202621,N,HG01,202622,03-JUN-26 00:00:00,,,,R,TUBE,44.0,I09497,HR,12-MAY-26 08:00:07
60975158,7,1,738,738,B,TUBE,A,367,60.0,21.59,1250,2.8,UNB042,65.77,202621,N,UN42,202622,03-JUN-26 00:00:00,,,,R,TUBE,60.0,UNB042,HR,12-MAY-26 08:00:07
60975158,9,1,738,738,B,TUBE,L,367,32.0,0.0,1350,2.5,I09490,23.74,202621,N,HG08,202622,03-JUN-26 00:00:00,,,,R,TUBE,32.0,I09490,HR,12-MAY-26 08:00:07
60975158,10,1,738,738,B,TUBE,S,367,29.0,0.0,1200,2.5,I09495,24.02,202621,N,HG06,202622,03-JUN-26 00:00:00,,,,R,TUBE,29.0,I09495,HR,12-MAY-26 08:00:07
60975159,2,1,738,738,B,TUBE,L,367,31.0,0.0,1300,2.2,I09497,32.12,202621,N,HG01,202622,03-JUN-26 00:00:00,,,,R,TUBE,31.0,I09497,HR,12-MAY-26 08:00:07
60975159,3,1,738,738,B,TUBE,L,367,238.0,170.38,1500,2.5,I09490,59.02,202621,N,HG08,202622,03-JUN-26 00:00:00,,,,R,TUBE,238.0,I09490,HR,12-MAY-26 08:00:07
9519678384,6,1,738,742,O,ACRM CRCA SPM,L,C01,46.0,0.0,1025,2.8,T01069,52.9,202621,N,SH69,202626,03-JUN-26 00:00:00,,, ,I,ACRM CRCA SPM,46.0,T01069,HR,12-MAY-26 08:00:07
9519678384,9,1,738,742,O,ACRM CRCA SPM,L,C01,42.0,0.0,925,2.2,TSH067,48.3,202621,N,SH67,202626,03-JUN-26 00:00:00,,, ,I,ACRM CRCA SPM,42.0,TSH067,HR,12-MAY-26 08:00:07
9519763490,1,1,738,738,O,HR_DOM,L,367,68.0,54.32,1500,2.0,I09497,14.17,202625,N,HG01,202627,13-JUN-26 00:00:00,,,,I,HR_DOM,68.0,I09497,HR,12-MAY-26 08:00:07
9519763490,2,1,738,738,O,HR_DOM,L,367,102.0,81.65,1500,2.2,I09497,21.08,202623,N,HG01,202625,09-JUN-26 00:00:00,,,,I,HR_DOM,102.0,I09497,HR,12-MAY-26 08:00:07
9519763490,3,1,738,738,O,HR_DOM,L,367,136.0,112.47,1500,2.6,I09497,24.38,202624,N,HG01,202626,11-JUN-26 00:00:00,,,,I,HR_DOM,136.0,I09497,HR,12-MAY-26 08:00:07
9519763490,4,1,738,738,O,HR_DOM,L,367,136.0,108.84,1500,2.8,I09497,27.16,202624,N,HG01,202626,14-MAY-26 00:00:00,,,,I,HR_DOM,136.0,I09497,HR,12-MAY-26 08:00:07
9519763490,5,1,738,738,O,HR_DOM,L,367,102.0,82.69,1500,2.9,I09497,19.31,202624,N,HG01,202626,11-JUN-26 00:00:00,,,,I,HR_DOM,102.0,I09497,HR,12-MAY-26 08:00:07
9519763490,6,1,738,738,O,HR_DOM,L,367,102.0,83.22,1500,3.0,I09497,18.78,202624,N,HG01,202626,11-JUN-26 00:00:00,,,,I,HR_DOM,102.0,I09497,HR,12-MAY-26 08:00:07
60975301,6,1,738,738,B,TUBE,L,367,189.0,168.23,1125,5.5,I09508,20.77,202621,N,HG22,202622,03-JUN-26 00:00:00,,,,R,TUBE,189.0,I09508,HR,12-MAY-26 08:00:07
60975301,10,1,738,738,B,TUBE,A,367,58.0,0.0,1200,6.5,CPD002,60.7,202621,N,CP02,202622,03-JUN-26 00:00:00,,,,R,TUBE,58.0,CPD002,HR,12-MAY-26 08:00:07
60975301,11,1,738,738,B,TUBE,A,367,29.0,0.0,1200,6.5,THG038,29.74,202621,N,HG38,202622,03-JUN-26 00:00:00,,,,R,TUBE,29.0,THG038,HR,12-MAY-26 08:00:07
60975301,12,1,738,738,B,TUBE,A,367,204.0,104.73,1580,6.35,THG038,101.82,202621,N,HG38,202622,03-JUN-26 00:00:00,,,,R,TUBE,204.0,THG038,HR,12-MAY-26 08:00:07
60975303,1,1,738,738,B,TUBE,L,367,22.0,0.0,950,5.8,I09508,17.64,202621,N,HG22,202622,03-JUN-26 00:00:00,,,,R,TUBE,22.0,I09508,HR,12-MAY-26 08:00:07
60975303,3,1,738,738,B,TUBE,L,367,204.0,175.96,1550,7.3,I09508,29.05,202621,N,HG22,202622,03-JUN-26 00:00:00,,,,R,TUBE,204.0,I09508,HR,12-MAY-26 08:00:07
60975303,5,1,738,738,B,TUBE,P,367,32.0,0.0,1350,5.8,BSL080,32.82,202621,N,BS80,202622,03-JUN-26 00:00:00,,,,R,TUBE,32.0,BSL080,HR,12-MAY-26 08:00:07
60975303,7,1,738,738,B,TUBE,A,367,270.0,0.0,1250,7.5,CPD005,301.0,202621,N,CP05,202622,03-JUN-26 00:00:00,,,,R,TUBE,270.0,CPD005,HR,12-MAY-26 08:00:07
60975303,8,1,738,738,B,TUBE,A,367,30.0,0.0,1250,7.5,CPD006,22.38,202621,N,CP06,202622,03-JUN-26 00:00:00,,,,R,TUBE,30.0,CPD006,HR,12-MAY-26 08:00:07
60975300,3,1,738,738,B,TUBE,P,367,31.0,0.0,1300,5.8,BSL080,25.76,202621,N,BS80,202622,03-JUN-26 00:00:00,,,,R,TUBE,31.0,BSL080,HR,12-MAY-26 08:00:07
60975300,4,1,738,738,B,TUBE,L,367,248.0,190.74,1300,5.8,I09508,59.56,202621,N,HG22,202622,03-JUN-26 00:00:00,,,,R,TUBE,248.0,I09508,HR,12-MAY-26 08:00:07
60975300,5,1,738,738,B,TUBE,L,367,217.0,223.82,1300,5.8,I09508,21.0,202621,N,HG22,202622,03-JUN-26 00:00:00,,,,R,TUBE,217.0,I09508,HR,12-MAY-26 08:00:07
9519762058,5,1,738,738,O,HR_DOM,P,367,30.001,0.0,1250,4.0,I17017,30.77,202625,N,SF52,202626,13-JUN-26 00:00:00,,, ,I,HR_DOM,30.001,I17017,HR,12-MAY-26 08:00:07
60975302,1,1,738,738,B,TUBE,L,367,56.0,0.0,1175,2.2,I09497,46.6,202621,N,HG01,202622,03-JUN-26 00:00:00,,,,R,TUBE,56.0,I09497,HR,12-MAY-26 08:00:07
60975302,2,1,738,738,B,TUBE,L,367,105.0,77.78,1450,2.5,I09490,27.92,202621,N,HG08,202622,03-JUN-26 00:00:00,,,,R,TUBE,105.0,I09490,HR,12-MAY-26 08:00:07
